id,designation,family_id,parent_designation,relation,country,developer,manufacturer,period,first_flight,status,roles,oxidizer,fuel,feed,cycle,cycle_status,chambers,identity_evidence,confidence_identity,source_ids
ENG-AR-MT-B,MT-B,FAM-TRONADOR,,baseline,AR,CONAE / VENG S.A.,,,,development,upper_stage,LOX (current) / N2O4 (older design),RP-1 (current) / MMH (older design),UNKNOWN,UNKNOWN,UNKNOWN,1,SOURCED,low,SRC-WIKI-TRONADOR
ENG-AR-RS-2,RS-2 (30 tf),FAM-TRONADOR,,baseline,AR,CONAE / VENG S.A.,,,,development,booster,LOX,kerosene (RP-1),UNKNOWN,UNKNOWN,UNKNOWN,1,SOURCED,medium,SRC-ARG-GOB-390734; SRC-SKYROCKET-VEX5; SRC-WIKI-TRONADOR
ENG-AR-TRONADOR-II-ENGINES,Tronador II engines (bundled round-1 placeholder),FAM-TRONADOR,,,AR,CONAE (UNVERIFIED),,,,unknown,,,,UNKNOWN,UNKNOWN,UNKNOWN,,SOURCED,low,SRC-WIKI-TRONADOR
ENG-AR-VEX-1A-ENGINE,"VEx-1A engine (4 t, designation unknown)",FAM-TRONADOR,,test_article,AR,CONAE,,test flight attempt 2014,,retired,demonstrator,,,UNKNOWN,UNKNOWN,UNKNOWN,1,SOURCED,low,SRC-IPROFESIONAL-VEX1A; SRC-WIKI-TRONADOR
ENG-BR-L15,L15,FAM-L-SERIES-IAE,,,BR,IAE/DCTA,,,,unknown,,,,UNKNOWN,UNKNOWN,UNKNOWN,,SOURCED,low,SRC-JATM-IAE-2009
ENG-BR-L5,L5,FAM-L-SERIES-IAE,,baseline,BR,IAE/DCTA,,first firing 2005,,unknown,demonstrator; upper_stage,LOX,ethanol (tests/flight); designed for kerosene,UNKNOWN,UNKNOWN,UNKNOWN,1,SOURCED,medium,SRC-COBEM09-0532; SRC-FAPESP-GRAVIDADE-ZERO; SRC-JATM-IAE-2009; SRC-SKYROCKET-VS30EPL
ENG-BR-L75,L75,FAM-L-SERIES-IAE,,baseline,BR,IAE/DCTA (with DLR),,dev 2008-,,development,upper_stage,LOX,ethanol,pump_fed_turbopump,gas_generator,REPORTED,1,SOURCED,high,SRC-FAPESP-PROPULSAO-VERDE; SRC-JATM-L75-386; SRC-REDALYC-L75-2011
ENG-CN-7500N-VARIABLE-THRUST-ENGINE,7500N变推力发动机 (Chang'e-3 7500 N variable-thrust engine),FAM-CHANG-E-LANDER-ENGINE,,,CN,CASC (6th Academy) [developer not in summary],CASC (6th Academy) [developer not in summary],,2013,operational,lander_descent,NOT_REPORTED,NOT_REPORTED,UNKNOWN,UNKNOWN,UNKNOWN,1,SOURCED,high,SRC-IFENG-CE4-ENGINE; SRC-SCISIN-CE3-7500N-2014; SRC-TSINGHUA-7500N
ENG-CN-FENGYUN,Fengyun (烽云),FAM-FENGYUN,,baseline,CN,Jiuzhou Yunjian,,,,development,booster,LOX,LCH4,pump_fed_turbopump,full_flow_staged_combustion,SECONDARY_CLAIM,1,SOURCED,medium,SRC-36KR-JZYJ
ENG-CN-JD-1,JD-1,FAM-JD-JIAODIAN-FOCUS,,baseline,CN,iSpace (Beijing Interstellar Glory Space Technology),UNKNOWN,,,development,core; demonstrator,LOX,LCH4,pump_fed_turbopump,UNKNOWN,UNKNOWN,1,SOURCED,medium,SRC-IFENG-JD1; SRC-SPACENEWS-105372
ENG-CN-JD-2,JD-2,FAM-JD-JIAODIAN-FOCUS,,baseline,CN,iSpace,UNKNOWN,,,development,core,LOX,LCH4,pump_fed_turbopump,gas_generator,INFERRED,1,SOURCED,medium,SRC-IFENG-JD1; SRC-ITHOME-638884
ENG-CN-LONGYUN,Longyun (龙云),FAM-LONGYUN,,baseline,CN,Jiuzhou Yunjian (九州云箭),,hot fire 2021-,,development,booster,LOX,LCH4,pump_fed_turbopump,UNKNOWN,UNKNOWN,1,SOURCED,medium,SRC-36KR-JZYJ; SRC-ITHOME-893006; SRC-JIEMIAN-14422448; SRC-WIKI-LONGYUN
ENG-CN-490N-LAE-THIRD-GENERATION,Third-generation high-performance 490N LAE (SISP),FAM-SISP-490N-LAE,TQS492-2,derivative,CN,SISP,SISP,,,development,spacecraft_main,MON-1,MMH,pressure_fed_unspecified,none_pressure_fed,INFERRED,1,SOURCED,low,SRC-IAC18-490N-SISP
ENG-CN-FY-25,FY-25 (first-generation 490N liquid apogee engine),FAM-SISP-490N-LAE,,,CN,SISP (上海空间推进研究所),SISP (上海空间推进研究所),developed by April 1990,,operational,spacecraft_main,NTO,MMH,pressure_fed_unspecified,none_pressure_fed,INFERRED,1,SOURCED,medium,SRC-IAC03-LAE-CN; SRC-IAC11-490N-CN; SRC-IAC18-490N-SISP
ENG-CN-TQS492-2,TQS492-2 (second-generation 490N LAE),FAM-SISP-490N-LAE,FY-25,derivative,CN,SISP,SISP,,,operational,spacecraft_main,MON-1,MMH,pressure_fed_unspecified,none_pressure_fed,INFERRED,1,SOURCED,medium,SRC-IAC12-490N-GEN2; SRC-IAC18-490N-SISP
ENG-CN-LEIYU-THUNDER-R1,Thunder-R1 (雷霆-R1),FAM-THUNDER-LEITING,,baseline,CN,Deep Blue Aerospace (深蓝航天),,tests 2022-,,development,booster,LOX,kerosene,pump_fed_turbopump,gas_generator,SECONDARY_CLAIM,1,SOURCED,medium,SRC-BJNEWS-THUNDER; SRC-ITHOME-628718
ENG-CN-THUNDER-RS,Thunder-RS (雷霆-RS),FAM-THUNDER-LEITING,,baseline,CN,Deep Blue Aerospace,,tests 2025-2026,,development,booster,LOX,kerosene,pump_fed_turbopump,gas_generator,SECONDARY_CLAIM,1,SOURCED,medium,SRC-STDAILY-2026-THUNDERRS
ENG-CN-TH-11,TH-11,FAM-TIANHUO,,baseline,CN,Space Pioneer,UNKNOWN,,2023,operational,upper_stage,LOX,kerosene,pump_fed_turbopump,staged_combustion_ox_rich,SECONDARY_CLAIM,1,SOURCED,medium,SRC-WIKI-TH11
ENG-CN-TH-12,TH-12,FAM-TIANHUO,,baseline,CN,Space Pioneer (Beijing Tianbing Technology),Space Pioneer,,2026,operational,core,LOX,kerosene (coal-based aviation kerosene reported),pump_fed_turbopump,gas_generator,REPORTED,1,SOURCED,high,SRC-ITHOME-655315; SRC-SPACEPIONEER-TH12; SRC-WIKI-TH12; SRC-WIKI-TL3
ENG-CN-TH-12V,TH-12V,FAM-TIANHUO,TH-12,vacuum_variant,CN,Space Pioneer,UNKNOWN,,,operational,upper_stage,LOX,kerosene,pump_fed_turbopump,gas_generator,REPORTED,1,SOURCED,high,SRC-SPACEPIONEER-TH12V
ENG-CN-TH-31,TH-31,FAM-TIANHUO,,,CN,UNKNOWN,UNKNOWN,,,unknown,,UNKNOWN,UNKNOWN,UNKNOWN,UNKNOWN,UNKNOWN,,UNSOURCED_PLACEHOLDER,low,
ENG-CN-TQ-11,TQ-11,FAM-TQ-11,,baseline,CN,LandSpace,UNKNOWN,,2022,retired,upper_stage,LOX,LCH4,pump_fed_turbopump,UNKNOWN,UNKNOWN,,SOURCED,medium,SRC-ITHOME-434823; SRC-WIKI-TQ15
ENG-CN-TQ-12,TQ-12,FAM-TQ-12,,baseline,CN,LandSpace (蓝箭航天),LandSpace,,2022,retired,core,LOX,LCH4,pump_fed_turbopump,gas_generator,SECONDARY_CLAIM,1,SOURCED,high,SRC-NCSTI-2023-TQ; SRC-NSF-ZQ2Y3; SRC-WIKI-TQ12
ENG-CN-TQ-12A,TQ-12A,FAM-TQ-12,TQ-12,uprate,CN,LandSpace,UNKNOWN,,2024,operational,core,LOX,LCH4,pump_fed_turbopump,gas_generator,SECONDARY_CLAIM,1,SOURCED,medium,SRC-WIKI-TQ15; SRC-WIKI-ZQ3
ENG-CN-TQ-12B,TQ-12B,FAM-TQ-12,TQ-12A,uprate,CN,LandSpace,UNKNOWN,,,development,core,LOX,LCH4,pump_fed_turbopump,UNKNOWN,UNKNOWN,1,SOURCED,low,SRC-WIKI-ZQ3
ENG-CN-TQ-15A,TQ-15A,FAM-TQ-15,TQ-12 (vacuum),vacuum_variant,CN,LandSpace,UNKNOWN,,2024,operational,upper_stage,LOX,LCH4,pump_fed_turbopump,gas_generator,SECONDARY_CLAIM,1,SOURCED,high,SRC-BJNEWS-TQ15A; SRC-JIEMIAN-TQ; SRC-NCSTI-2023-TQ; SRC-WCCF-TQ15A; SRC-WIKI-TQ15
ENG-CN-TQ-15B,TQ-15B,FAM-TQ-15,TQ-15A,uprate,CN,LandSpace,UNKNOWN,,,development,upper_stage,LOX,LCH4,pump_fed_turbopump,UNKNOWN,UNKNOWN,1,SOURCED,low,SRC-WIKI-ZQ3
ENG-CN-WELKIN,Welkin (CQ-50),FAM-WELKIN,,baseline,CN,Galactic Energy,,dev 2020s; Pallas-1 maiden flight expected 2026,,development,booster,LOX,kerosene (RP-1),pump_fed_turbopump,gas_generator,REPORTED,1,SOURCED,high,SRC-10JQKA-CQ50; SRC-GE-CQ50-CN; SRC-GE-WELKIN-EN; SRC-GT-PALLAS-2026; SRC-IFENG-CQ50-2026; SRC-WIKI-WELKIN
ENG-CN-WELKIN-VAC,Welkin Vac,FAM-WELKIN,Welkin (CQ-50),vacuum_variant,CN,Galactic Energy,,,,development,upper_stage,LOX,kerosene,pump_fed_turbopump,gas_generator,INFERRED,1,SOURCED,medium,SRC-ORBITCODEX-PALLAS; SRC-WIKI-WELKIN
ENG-CN-YF-1,YF-1,FAM-YF-1,,baseline,CN,CAS/7th Ministry propulsion (later AALPT),UNKNOWN,1960s-1970s,1970,retired,booster; missile,"AK27S (inhibited RFNA, per WIKI)",UDMH,pump_fed_turbopump,gas_generator,SECONDARY_CLAIM,1,SOURCED,medium,SRC-WIKI-CZ1; SRC-WIKI-YF1
ENG-CN-YF-1B,YF-1B,FAM-YF-1,YF-1,derivative,CN,UNKNOWN,UNKNOWN,,,retired,booster,N2O4,UDMH,pump_fed_turbopump,gas_generator,SECONDARY_CLAIM,,SOURCED,low,SRC-WIKI-CZ1D; SRC-WIKI-YF1
ENG-CN-YF-2,YF-2,FAM-YF-1,YF-1,stage_specific,CN,CAS propulsion (later AALPT),UNKNOWN,,,retired,booster; missile,AK27S,UDMH,pump_fed_turbopump,gas_generator,SECONDARY_CLAIM,4,SOURCED,medium,SRC-WIKI-YF1
ENG-CN-YF-3,YF-3,FAM-YF-1,YF-1,vacuum_variant,CN,UNKNOWN,UNKNOWN,,,retired,missile; upper_stage,AK27S (INFERRED from family),UDMH,pump_fed_turbopump,UNKNOWN,UNKNOWN,1,SOURCED,medium,SRC-WIKI-YF3
ENG-CN-YF-3A,YF-3A,FAM-YF-1,YF-3,derivative,CN,UNKNOWN,UNKNOWN,,,retired,upper_stage,AK27S,UDMH,pump_fed_turbopump,UNKNOWN,UNKNOWN,,SOURCED,medium,SRC-WIKI-CZ1; SRC-WIKI-YF3
ENG-CN-YF-100,YF-100,FAM-YF-100,,baseline,CN,AALPT; Xi'an Aerospace Propulsion Institute (INFERRED),,flown 2015-,2015,operational,booster; core,LOX,kerosene (RP-type),pump_fed_turbopump,staged_combustion_ox_rich,SECONDARY_CLAIM,1,SOURCED,high,SRC-BILI-CV15113396; SRC-HUXIU-YF100; SRC-IAC15-LOXKERO-REVIEW; SRC-WIKI-YF100
ENG-CN-YF-100K,YF-100K,FAM-YF-100,YF-100,uprate,CN,UNKNOWN,UNKNOWN,,,development,booster; core,LOX,kerosene,pump_fed_turbopump,staged_combustion_ox_rich,INFERRED,1,SOURCED,medium,SRC-163-CZ10-TEST; SRC-BILI-CV15113396; SRC-PAPER-YF100K
ENG-CN-YF-100L,YF-100L,FAM-YF-100,YF-100,derivative,CN,UNKNOWN,UNKNOWN,,,development,core,LOX,kerosene,pump_fed_turbopump,staged_combustion_ox_rich,INFERRED,1,SOURCED,low,SRC-PAPER-YF100K
ENG-CN-YF-100M,YF-100M,FAM-YF-100,YF-100K,vacuum_variant,CN,UNKNOWN,UNKNOWN,,,development,upper_stage,LOX,kerosene,pump_fed_turbopump,staged_combustion_ox_rich,INFERRED,1,SOURCED,medium,SRC-BILI-CV15113396; SRC-PAPER-YF100K
ENG-CN-YF-115,YF-115,FAM-YF-115,,baseline,CN,Xi'an Aerospace Propulsion Institute (AALPT),UNKNOWN,,2015,operational,upper_stage,LOX,kerosene,pump_fed_turbopump,staged_combustion_ox_rich,REPORTED,1,SOURCED,high,SRC-IAC16-YF115; SRC-MYNAVI-CHINA2; SRC-SF101-CZ6; SRC-WIKI-YF115
ENG-CN-YF-130,YF-130,FAM-YF-130,,baseline,CN,AALPT,UNKNOWN,dev 2010s-; full system test Nov 2022,,development,booster; core,LOX,kerosene,pump_fed_turbopump,staged_combustion_ox_rich,REPORTED,2,SOURCED,high,SRC-SPACECOM-YF130; SRC-SPACENEWS-129757; SRC-WIKI-CZ9; SRC-WIKI-YF130
ENG-CN-YF-20,YF-20,FAM-YF-20,,baseline,CN,AALPT (Academy of Aerospace Liquid Propulsion Technology),UNKNOWN,1970s-,,operational,booster; core; missile,N2O4,UDMH,pump_fed_turbopump,gas_generator,SECONDARY_CLAIM,1,SOURCED,high,SRC-WIKI-YF20
ENG-CN-YF-20B,YF-20B,FAM-YF-20,YF-20,uprate,CN,UNKNOWN,UNKNOWN,1990s-,,operational,booster; core,N2O4,UDMH,pump_fed_turbopump,gas_generator,SECONDARY_CLAIM,1,SOURCED,high,SRC-WEBLIO-YF20; SRC-WIKI-CZ2F
ENG-CN-YF-21,YF-21,FAM-YF-20,YF-20,stage_specific,CN,UNKNOWN,UNKNOWN,,,retired,core; missile,N2O4,UDMH,pump_fed_turbopump,gas_generator,SECONDARY_CLAIM,4,SOURCED,high,SRC-WIKI-YF20
ENG-CN-YF-21B,YF-21B,FAM-YF-20,YF-21,uprate,CN,UNKNOWN,UNKNOWN,,,operational,core,N2O4,UDMH,pump_fed_turbopump,gas_generator,SECONDARY_CLAIM,4,SOURCED,high,SRC-GS-CZ2D; SRC-WEBLIO-YF20; SRC-WIKI-YF20
ENG-CN-YF-22,YF-22,FAM-YF-20,YF-20,vacuum_variant,CN,UNKNOWN,UNKNOWN,,,retired,upper_stage,N2O4,UDMH,pump_fed_turbopump,gas_generator,SECONDARY_CLAIM,1,SOURCED,high,SRC-WIKI-YF20; SRC-WIKI-YF24
ENG-CN-YF-22B,YF-22B,FAM-YF-20,YF-22,uprate,CN,UNKNOWN,UNKNOWN,,,operational,upper_stage,N2O4,UDMH,pump_fed_turbopump,gas_generator,SECONDARY_CLAIM,1,SOURCED,medium,SRC-WIKI-YF24
ENG-CN-YF-23,YF-23,FAM-YF-20,,stage_specific,CN,UNKNOWN,UNKNOWN,,,operational,upper_stage,N2O4,UDMH,pump_fed_turbopump,UNKNOWN,UNKNOWN,,SOURCED,medium,SRC-GS-CZ2D; SRC-WIKI-YF23
ENG-CN-YF-24,YF-24,FAM-YF-20,,stage_specific,CN,UNKNOWN,UNKNOWN,,,operational,upper_stage,N2O4,UDMH,pump_fed_turbopump,gas_generator,SECONDARY_CLAIM,,SOURCED,high,SRC-WIKI-CZ2F; SRC-WIKI-YF20; SRC-WIKI-YF24
ENG-CN-YF-24C,YF-24C,FAM-YF-20,YF-24,stage_specific,CN,UNKNOWN,UNKNOWN,,,operational,upper_stage,N2O4,UDMH,pump_fed_turbopump,gas_generator,SECONDARY_CLAIM,,SOURCED,medium,SRC-GS-CZ2D
ENG-CN-YF-25,YF-25,FAM-YF-20,YF-20,stage_specific,CN,UNKNOWN,UNKNOWN,,,operational,booster,N2O4,UDMH,pump_fed_turbopump,gas_generator,SECONDARY_CLAIM,1,SOURCED,medium,SRC-WIKI-YF20
ENG-CN-YF-209,YF-209,FAM-YF-209,,baseline,CN,AALPT (CASC 6th Academy),UNKNOWN,,,development,core,LOX,LCH4,pump_fed_turbopump,UNKNOWN,UNKNOWN,1,SOURCED,medium,SRC-CHINADAILY-YF209; SRC-STDAILY-2024
ENG-CN-YF-215,YF-215,FAM-YF-215,,baseline,CN,AALPT,UNKNOWN,,,development,core,LOX,LCH4,pump_fed_turbopump,full_flow_staged_combustion,SECONDARY_CLAIM,1,SOURCED,medium,SRC-WIKI-CZ9; SRC-WIKI-YF215
ENG-CN-YF-40,YF-40,FAM-YF-40,,baseline,CN,UNKNOWN,UNKNOWN,,,operational,upper_stage,N2O4,UDMH,pump_fed_turbopump,gas_generator,SECONDARY_CLAIM,2,SOURCED,high,SRC-GS-CZ4; SRC-WIKI-CZ4B; SRC-WIKI-YF40
ENG-CN-YF-40A,YF-40A,FAM-YF-40,YF-40,derivative,CN,UNKNOWN,UNKNOWN,,,operational,upper_stage,N2O4,UDMH,pump_fed_turbopump,gas_generator,SECONDARY_CLAIM,,SOURCED,medium,SRC-EDA-CZ4C
ENG-CN-YF-50D,YF-50D,FAM-YF-50,,stage_specific,CN,CALT (stage) / engine developer UNKNOWN,UNKNOWN,,2015,operational,kick_stage; upper_stage,N2O4,UDMH,UNKNOWN,UNKNOWN,UNKNOWN,1,SOURCED,medium,SRC-WIKI-YZ
ENG-CN-YF-73,YF-73,FAM-YF-73,,baseline,CN,UNKNOWN,UNKNOWN,dev 1970-; flown 1984-2000,1984,retired,upper_stage,LOX,LH2,pump_fed_turbopump,gas_generator,SECONDARY_CLAIM,4,SOURCED,high,SRC-WIKI-CZ3; SRC-WIKI-YF73
ENG-CN-YF-75,YF-75,FAM-YF-75,,baseline,CN,AALPT (Beijing Aerospace Propulsion Institute — UNVERIFIED),UNKNOWN,,1994,operational,upper_stage,LOX,LH2,pump_fed_turbopump,gas_generator,SECONDARY_CLAIM,1,SOURCED,high,SRC-IAC13-18525; SRC-WIKI-YF75
ENG-CN-YF-75D,YF-75D,FAM-YF-75,YF-75,derivative,CN,UNKNOWN,UNKNOWN,,2016,operational,upper_stage,LOX,LH2,pump_fed_turbopump,expander_closed,SECONDARY_CLAIM,1,SOURCED,high,SRC-WIKI-YF75D
ENG-CN-YF-77,YF-77,FAM-YF-77,,baseline,CN,"AALPT (Beijing, INFERRED)",,flown 2016-,2016,operational,core,LOX,LH2,pump_fed_turbopump,gas_generator,REPORTED,1,SOURCED,high,SRC-GOTAIK-2021; SRC-IAC13-17679; SRC-WIKI-YF77
ENG-DE-AESTUS,Aestus,FAM-AESTUS,,baseline,DE,DASA / Astrium (Ottobrunn Space Propulsion Centre),"Astrium / Airbus DS / ArianeGroup (Ottobrunn, Lampoldshausen)",dev 1988-1995; flown 1997-2018,1997,retired,upper_stage,N2O4,MMH,pressure_fed_regulated,none_pressure_fed,REPORTED,1,SOURCED,high,SRC-ESA-EPS; SRC-MECAIND-2020-T1; SRC-SATNOW-AESTUS; SRC-WIKI-AESTUS
ENG-DE-AESTUS-II,Aestus II,FAM-AESTUS,Aestus,derivative,DE,Astrium (Ottobrunn) with Boeing Rocketdyne,Rocketdyne (powerpack) + Astrium (thrust chamber assembly),"Pathfinder tests at White Sands, final (14th) test 3 May 2000",,cancelled,upper_stage,N2O4,MMH,pump_fed_turbopump,gas_generator,REPORTED,1,SOURCED,high,SRC-BOEING-RS72-2000; SRC-SFN-RS72-2000; SRC-WIKI-AESTUS
ENG-DE-A1-ENGINE,A1 engine,FAM-AGGREGAT,,baseline,DE,"Heereswaffenamt (von Braun, Rudolph) at Kummersdorf",Army / Kummersdorf,1932-1934,,retired,experimental,LOX,alcohol,pressure_fed_unspecified,none_pressure_fed,SECONDARY_CLAIM,1,SOURCED,medium,SRC-ENGINEHISTORY-V2; SRC-WIKI-AGGREGAT
ENG-DE-A3-ENGINE,A3 engine,FAM-AGGREGAT,A1 engine,uprate,DE,Heeresversuchsanstalt (Kummersdorf/Peenemuende),Army,1936-1937; flown Dec 1937,1937,retired,experimental,LOX,75% ethanol,pressure_fed_unspecified,none_pressure_fed,SECONDARY_CLAIM,1,SOURCED,medium,SRC-RUSSIANSPACEWEB-A3; SRC-WIKI-AGGREGAT
ENG-DE-A4-ENGINE,A-4 main engine,FAM-AGGREGAT,,baseline,DE,Heeresversuchsanstalt Peenemuende (per general knowledge; unverified),Heeresversuchsanstalt Peenemuende (per general knowledge; unverified),dev 1936-1942; flown 1942-1945; postwar captured use,1942,retired,missile,LOX,ethanol-water (75% alcohol),pump_fed_turbopump,separate_turbine_working_fluid,SECONDARY_CLAIM,1,SOURCED,medium,SRC-DEUTSCHESMUSEUM-A4; SRC-ENGINEHISTORY-RPE02-2; SRC-ENGINEHISTORY-V2; SRC-NASM-A19600013000; SRC-NASM-A19790951000; SRC-NASM-V2-TURBOPUMP; SRC-NMUSAF-V2; SRC-V2ROCKETHISTORY-TP; SRC-WIKI-THIEL
ENG-DE-A5-ENGINE,A5 engine,FAM-AGGREGAT,A3 engine,derivative,DE,HVA Peenemuende,HVA Peenemuende,1938-1942,,retired,experimental,LOX,alcohol,pressure_fed_unspecified,none_pressure_fed,SECONDARY_CLAIM,1,SOURCED,medium,SRC-WIKI-AGGREGAT
ENG-DE-AQUILA,Aquila (SL),FAM-AQUILA,,baseline,DE,Isar Aerospace,Isar Aerospace (Ottobrunn),flown 2025-,2025,operational,booster; upper_stage,LOX,propane,pump_fed_turbopump,gas_generator,SECONDARY_CLAIM,1,SOURCED,medium,SRC-ESF-ISAR; SRC-NSE-ELC-2025; SRC-ORBITCODEX-SPECTRUM
ENG-DE-AQUILA-VAC,Aquila VAC,FAM-AQUILA,Aquila (SL),vacuum_variant,DE,Isar Aerospace,,,,operational,upper_stage,LOX,propane,pump_fed_turbopump,gas_generator,SECONDARY_CLAIM,1,SOURCED,medium,SRC-NSE-ELC-2025
ENG-EU-ESM-RCS-220-N,ESM RCS 220 N,FAM-ARIANEGROUP-200N,200 N bipropellant thruster (ATV),derivative,DE,ArianeGroup (ex-Snecma/Astrium heritage),ArianeGroup Lampoldshausen,2022-,2022,operational,rcs,MON-3,MMH,pressure_fed_regulated,none_pressure_fed,INFERRED,1,SOURCED,medium,SRC-AG-200N; SRC-ESA-ESMPROP
ENG-DE-ASTRIS,Astris,FAM-ASTRIS,,,DE,ERNO / MBB (ASAT consortium),ERNO (Bremen) / MBB (Munich); Wikipedia lists Snecma (doubtful),flown 1966-1971 (Europa),,retired,upper_stage,N2O4,Aerozine 50,pressure_fed_unspecified,none_pressure_fed,SECONDARY_CLAIM,1,SOURCED,high,SRC-DEUTSCHESMUSEUM-EUROPA; SRC-DLR-ASTRIS; SRC-WIKI-ASTRIS-ENGINE
ENG-DE-BMW-109-548,BMW 109-548,FAM-BMW-109-5XX,,,DE,"BMW (Flugmotorenbau, Berlin-Spandau group)",BMW (Stargard plant),1943-1945,,retired,missile,SV-Stoff (nitric acid),Tonka 250,pressure_fed_unspecified,none_pressure_fed,INFERRED,1,SOURCED,high,SRC-NASM-X4
ENG-DE-BMW-109-558,BMW 109-558,FAM-BMW-109-5XX,,,DE,"BMW (Bruckmuehl / Berlin-Spandau, Helmut von Zborowski group)",BMW,1944-1945,,cancelled,missile,nitric acid (Salbei),Tonka (50% triethylamine / 50% xylidine per Wikipedia),pressure_fed_unspecified,none_pressure_fed,INFERRED,1,SOURCED,high,SRC-NASM-BMW109558; SRC-WIKI-BMW109558
ENG-DE-BMW-109-718,BMW 109-718,FAM-BMW-109-7XX,,,DE,BMW,BMW,1944-1945,,experimental,aircraft_rocket,nitric acid,hydrocarbon (R-Stoff/Tonka? NOT_AUDITED),pump_fed_turbopump,UNKNOWN,UNKNOWN,1,SOURCED,high,SRC-WARBIRDS-ME262; SRC-WIKI-BMW109718
ENG-DE-HELIX,Helix,FAM-HELIX,,baseline,DE,Rocket Factory Augsburg,RFA,dev 2019-,,development,booster; upper_stage,LOX,RP-1,pump_fed_turbopump,staged_combustion_ox_rich,REPORTED,1,SOURCED,medium,SRC-RFA-GUIDE; SRC-WIKI-RFAONE
ENG-DE-HELIX-2-0,Helix 2.0,FAM-HELIX,Helix,uprate,DE,Rocket Factory Augsburg,,,,proposed,booster,LOX,RP-1,pump_fed_turbopump,staged_combustion_ox_rich,INFERRED,1,SOURCED,medium,SRC-RFA-GUIDE
ENG-DE-HELIX-VAC,Helix (vacuum),FAM-HELIX,Helix,vacuum_variant,DE,Rocket Factory Augsburg,,,,development,upper_stage,LOX,RP-1,pump_fed_turbopump,staged_combustion_ox_rich,INFERRED,1,SOURCED,medium,SRC-RFA-GUIDE; SRC-WIKI-RFAONE
ENG-DE-HWK-109-500,HWK 109-500,FAM-HWK-109,,baseline,DE,Hellmuth Walter KG (Kiel),Walter,service 1942-1945,,retired,aircraft_rocket,none(mono),HTP (T-Stoff),pressure_fed_unspecified,none_pressure_fed,REPORTED,1,SOURCED,high,SRC-WIKI-HWK109500
ENG-DE-HWK-109-501,HWK 109-501,FAM-HWK-109,HWK 109-500,derivative,DE,Hellmuth Walter KG,Walter,WWII,,retired,aircraft_rocket,HTP (T-Stoff),kerosene + hydrazine hydrate,pressure_fed_unspecified,none_pressure_fed,INFERRED,1,SOURCED,medium,SRC-MUZEUM-KRAKOW-HWK
ENG-DE-HWK-109-507,HWK 109-507,FAM-HWK-109,HWK 109-500,derivative,DE,Hellmuth Walter KG,Walter,1943-1944,1943,retired,missile,none(mono),HTP (T-Stoff),pressure_fed_blowdown,none_pressure_fed,REPORTED,1,SOURCED,high,SRC-MUZEUM-KRAKOW-HWK; SRC-NASM-HWK109507; SRC-WIKI-HWK109507
ENG-DE-HWK-109-509,HWK 109-509,FAM-HWK-109,,baseline,DE,Hellmuth Walter KG,"Walter (Kiel, Beneschau)",1943-1945,1944,retired,aircraft_rocket,"HTP (T-Stoff, ~80%)","C-Stoff (30% hydrazine hydrate, 57% methanol, 13% water)",pump_fed_turbopump,separate_turbine_working_fluid,REPORTED,1,SOURCED,high,SRC-NASM-HWK109509; SRC-WIKI-HWK109509
ENG-DE-HWK-109-739,HWK 109-739,FAM-HWK-109,,,DE,Hellmuth Walter KG,Walter,1944-1945,,cancelled,missile,UNKNOWN,UNKNOWN,pump_fed_turbopump,UNKNOWN,UNKNOWN,,SOURCED,medium,SRC-ARMEDCONFLICTS-ENZIAN; SRC-WIKI-ENZIAN
ENG-DE-KONRAD-VFK-613-A01,Konrad VfK 613-A01,FAM-KONRAD,,,DE,Dr. Konrad (Rheinmetall-Borsig / VfK?),UNKNOWN,1944-1945,,cancelled,missile,"nitric acid (likely, via Rheintochter heritage - INFERRED)",UNKNOWN,UNKNOWN,UNKNOWN,UNKNOWN,,SOURCED,low,SRC-ARMEDCONFLICTS-ENZIAN; SRC-AWM-ENZIAN; SRC-WIKI-ENZIAN
ENG-DE-RHEINTOCHTER-R3-SUSTAINER,Rheintochter R3 sustainer,FAM-KONRAD,,,DE,Dr. Konrad (Rheinmetall-Borsig),Rheinmetall-Borsig,1944-1945,,cancelled,missile,nitric acid,UNKNOWN,UNKNOWN,UNKNOWN,UNKNOWN,1,SOURCED,medium,SRC-NASM-RHEINTOCHTER
ENG-DE-GALILEO-RPM-10-N,Galileo RPM 10 N thruster,FAM-MBB-10-N,,,DE,MBB (later DASA/EADS),MBB (later DASA/EADS),,,retired,rcs,NTO,MMH,pressure_fed_unspecified,none_pressure_fed,INFERRED,1,SOURCED,medium,SRC-EADS-GALILEO-2003; SRC-NTRS-19840054177
ENG-DE-GALILEO-RPM-400-N,Galileo RPM 400 N main engine,FAM-MBB-400-N,,,DE,MBB (later DASA/EADS),MBB (later DASA/EADS),,1989,retired,spacecraft_main,NTO,MMH,pressure_fed_unspecified,none_pressure_fed,INFERRED,1,SOURCED,high,SRC-EADS-GALILEO-2003; SRC-NTRS-19840054177
ENG-DE-OTRAG-CRPU-ENGINE,OTRAG CRPU,FAM-OTRAG,,baseline,DE,OTRAG (Lutz Kayser),OTRAG,flights 1977-1983,1977,retired,booster; experimental,N2O4 (per Wikipedia summary; nitric acid per round-1 hint),UNKNOWN (kerosene unconfirmed),pressure_fed_unspecified,none_pressure_fed,SECONDARY_CLAIM,1,SOURCED,medium,SRC-KSP-OTRAG; SRC-SPEKTRUM-OTRAG; SRC-WIKI-OTRAG
ENG-EU-S10-10-N-BIPROPELLANT-THRUSTER,S10 (10 N bipropellant thruster),FAM-S10,,,DE,ArianeGroup,ArianeGroup,,,operational,rcs,N2O4/MON-1/MON-3,MMH,pressure_fed_unspecified,none_pressure_fed,INFERRED,1,SOURCED,medium,SRC-AG-10N; SRC-SATCAT-S1026
ENG-EU-22-N-THRUSTER-ESA-GSTP-ARIANEGROUP,"22 N thruster (ESA GSTP, ArianeGroup)",FAM-S22,,,DE,ArianeGroup,ArianeGroup,,,development,rcs,MON,MMH,pressure_fed_unspecified,none_pressure_fed,INFERRED,1,SOURCED,low,SRC-ESA-22NASLLAM
ENG-EU-S400-12,S400-12,FAM-S400,,baseline,DE,ArianeGroup (MBB/DASA/Astrium heritage),ArianeGroup Lampoldshausen,,,operational,spacecraft_main,MON-1/MON-3,MMH,pressure_fed_regulated,none_pressure_fed,INFERRED,1,SOURCED,high,SRC-AG-APOGEE; SRC-SATCAT-S40012
ENG-EU-S400-15,S400-15,FAM-S400,S400-12,derivative,DE,ArianeGroup,ArianeGroup Lampoldshausen,,,operational,spacecraft_main,MON-1/MON-3,MMH,pressure_fed_regulated,none_pressure_fed,INFERRED,1,SOURCED,high,SRC-AG-APOGEE
ENG-DE-TAIFUN-F-ENGINE,Taifun F engine,FAM-TAIFUN,,,DE,HVA Peenemuende / Elektromechanische Werke Karlshagen,Elektromechanische Werke Karlshagen,1944-1945,,cancelled,missile,nitric acid (+10% H2SO4 per one source),Tonka 841 (per one source) / organic fuel mixture,UNKNOWN,UNKNOWN,UNKNOWN,1,SOURCED,medium,SRC-IAC-10-8811; SRC-WIKI-TAIFUN
ENG-DE-MIRAK-ENGINE,Mirak engine,FAM-VFR,,,DE,Verein fuer Raumschiffahrt (VfR),VfR,1930-1932,,retired,experimental,LOX,gasoline / alcohol (UNVERIFIED),UNKNOWN,UNKNOWN,UNKNOWN,,UNSOURCED_PLACEHOLDER,low,
ENG-DE-WASSERFALL-ENGINE,Wasserfall engine,FAM-WASSERFALL,,,DE,HVA Peenemuende (Walter Thiel),UNKNOWN,1943-1945; test flights from Feb/Mar 1944,1944,cancelled,missile,SV-Stoff (RFNA ~94% HNO3/6% N2O4); later Salbei / mixed acid,Visol (vinyl isobutyl ether); later Optoline,pressure_fed_unspecified,none_pressure_fed,REPORTED,1,SOURCED,high,SRC-WIKI-WASSERFALL
ENG-EG-AL-ZAFIR-AL-KAHIR-ENGINE,Al-Zafir / Al-Kahir engine,FAM-AL-ZAFIR,,,EG,UNKNOWN,UNKNOWN,,,retired,,UNKNOWN,UNKNOWN,UNKNOWN,UNKNOWN,UNKNOWN,,UNSOURCED_PLACEHOLDER,low,
ENG-ES-TEPREL-B,TEPREL-B,FAM-TEPREL,,baseline,ES,PLD Space,PLD Space (Elche),flown 2023,2023,retired,booster,LOX,kerosene,pressure_fed_unspecified,none_pressure_fed,SECONDARY_CLAIM,1,SOURCED,medium,SRC-NSF-M1SN1; SRC-WIKI-MIURA1; SRC-WIKI-TEPREL
ENG-ES-TEPREL-C,TEPREL-C,FAM-TEPREL,TEPREL-B,derivative,ES,PLD Space,PLD Space (Elche),development,,development,booster,LOX,biokerosene,pump_fed_turbopump,gas_generator,SECONDARY_CLAIM,1,SOURCED,medium,SRC-ATALAYAR-M5; SRC-SATNOW-TEPRELC; SRC-WIKI-MIURA5
ENG-ES-TEPREL-C-VAC,TEPREL-C Vacuum,FAM-TEPREL,TEPREL-C,vacuum_variant,ES,PLD Space,,,,development,upper_stage,LOX,biokerosene,pump_fed_turbopump,gas_generator,INFERRED,1,SOURCED,medium,SRC-SATNOW-TEPRELC; SRC-WIKI-TEPREL
ENG-EU-200-N-BIPROPELLANT-THRUSTER-ATV,200 N bipropellant thruster (ATV),FAM-ARIANEGROUP-200N,,,EU,Snecma (Safran) / ArianeGroup,ArianeGroup,,,retired,orbital_maneuver; rcs,MON-3,MMH,pressure_fed_regulated,none_pressure_fed,INFERRED,1,SOURCED,medium,SRC-AG-200N
ENG-FR-HM4,HM4,FAM-HM7,,baseline,FR,SEP,SEP; later Snecma / ArianeGroup (Vernon),1960s development,,cancelled,experimental,LOX,LH2,pump_fed_turbopump,UNKNOWN,UNKNOWN,1,SOURCED,medium,SRC-WIKI-HM7B
ENG-FR-HM7,HM7,FAM-HM7,HM4,derivative,FR,SEP,SEP; later Snecma / ArianeGroup (Vernon),dev from 1973; flown 1979-,1979,retired,upper_stage,LOX,LH2,pump_fed_turbopump,gas_generator,SECONDARY_CLAIM,1,SOURCED,high,SRC-NTRS-19910018907; SRC-WIKI-HM7B
ENG-FR-HM7A,HM7A,FAM-HM7,HM7,renamed,FR,SEP,SEP; later Snecma / ArianeGroup (Vernon),,1979,retired,upper_stage,LOX,LH2,pump_fed_turbopump,gas_generator,SECONDARY_CLAIM,1,SOURCED,medium,SRC-WIKI-ARIANE1
ENG-FR-HM7B,HM7B,FAM-HM7,HM7,uprate,FR,SEP,SEP; later Snecma / ArianeGroup (Vernon),qualified 1983; flown Ariane 2/3/4 and Ariane 5 ECA (ESC-A) 2005-2023,,retired,upper_stage,LOX,LH2,pump_fed_turbopump,gas_generator,REPORTED,1,SOURCED,high,SRC-AIAA-VG-ARIANE; SRC-CNES-A5-TECH; SRC-LLMPEDIA-HM7B; SRC-SATNOW-HM7B; SRC-WIKI-HM7B
ENG-FR-PROMETHEUS,Prometheus,FAM-PROMETHEUS,,baseline,FR,ArianeGroup (ESA),ArianeGroup,hot fire 2023-,,development,booster; demonstrator,LOX,LCH4,pump_fed_turbopump,gas_generator,SECONDARY_CLAIM,1,SOURCED,medium,SRC-ESA-PROMETHEUS; SRC-ESA-THEMIS; SRC-ESF-PROMETHEUS-2025; SRC-ESF-THEMIS; SRC-EUROSPACEFLIGHT-PROMETHEUS; SRC-SFN-PROMETHEUS-2023; SRC-WIKI-PROMETHEUS
ENG-FR-SEPR-25,SEPR 25,FAM-SEPR,,,FR,SEPR (Societe d'Etude de la Propulsion par Reaction),SEPR,,,retired,aircraft_rocket,nitric acid (UNVERIFIED),UNKNOWN,UNKNOWN,UNKNOWN,UNKNOWN,,UNSOURCED_PLACEHOLDER,low,
ENG-FR-SEPR-66,SEPR 66,FAM-SEPR,,,FR,SEPR (Societe d'Etude de la Propulsion par Reaction),SEPR,,,retired,aircraft_rocket,nitric acid (UNVERIFIED),UNKNOWN,UNKNOWN,UNKNOWN,UNKNOWN,,UNSOURCED_PLACEHOLDER,low,
ENG-FR-SEPR-841,SEPR 841,FAM-SEPR,,baseline,FR,SEPR,SEPR,service 1961-1970,,retired,aircraft_rocket,nitric acid,kerosene (TX2 for ignition) - conflict: one source says TX2 was the fuel,other,other,SECONDARY_CLAIM,1,SOURCED,medium,SRC-POLOT-ROCKET11; SRC-WIKI-SEPR84
ENG-FR-SEPR-844,SEPR 844,FAM-SEPR,SEPR 841,derivative,FR,SEPR,SEPR,,,retired,aircraft_rocket,nitric acid,Jet TR-0 / JP-4 / JP-5 (aircraft fuel),other,other,INFERRED,1,SOURCED,medium,SRC-AAMA-SEPR; SRC-WIKI-SEPR84
ENG-FR-VERONIQUE-ENGINE,Veronique engine,FAM-VERONIQUE,,baseline,FR,LRBA (Laboratoire de recherches balistiques et aerodynamiques),LRBA,work from Mar 1949; N version flown from 1952,1952,retired,experimental; other,nitric acid,turpentine / kerosene (version-dependent; sources conflict),pressure_fed_unspecified,none_pressure_fed,INFERRED,1,SOURCED,medium,SRC-PLANET4589-CNESSR; SRC-WIKI-VERONIQUE
ENG-FR-VESTA-ENGINE,Vesta engine,FAM-VERONIQUE,Veronique engine,uprate,FR,LRBA,LRBA,ordered 1962; static tests 1964; flown 1965-1969,1965,retired,other,nitric acid,turpentine,UNKNOWN,UNKNOWN,UNKNOWN,1,SOURCED,medium,SRC-PLANET4589-CNESSR; SRC-UNIVERSALIS-FUSEESSONDES; SRC-WIKI-VESTA
ENG-FR-CORALIE-ENGINE,Coralie engine,FAM-VEXIN,,,FR,LRBA,LRBA (stage by SEREB/LRBA? NOT_AUDITED),flown 1966-1971 (Europa),,retired,upper_stage,N2O4,UDMH,pressure_fed_unspecified,none_pressure_fed,INFERRED,4,SOURCED,medium,SRC-DEUTSCHESMUSEUM-EUROPA; SRC-IAC-10-6759; SRC-WIKI-CORA; SRC-WIKI-EUROPA
ENG-FR-VALOIS,Valois,FAM-VEXIN,Coralie engine,derivative,FR,LRBA,LRBA,"flown 1970-1975 (Diamant B, BP4)",1970,retired,booster,N2O4,UDMH,pressure_fed_unspecified,none_pressure_fed,REPORTED,1,SOURCED,high,SRC-IAC-10-6759; SRC-ORBITCODEX-DIAMANTB; SRC-WIKI-DIAMANT
ENG-FR-VEXIN-B,Vexin B,FAM-VEXIN,,,FR,LRBA,LRBA,"flown 1964-1967 (Emeraude, Diamant A)",,retired,booster,nitric acid (HNO3),turpentine,pressure_fed_regulated,none_pressure_fed,REPORTED,1,SOURCED,high,SRC-IAC-09-3159; SRC-WIKI-DIAMANT; SRC-WIKI-EMERAUDE
ENG-FR-VIKING-2,Viking 2,FAM-VIKING,,baseline,FR,SEP (Societe Europeenne de Propulsion),SEP; later Snecma / ArianeGroup; turbopumps by MAN (DE),flown 1979-,1979,retired,booster,N2O4,UDMH,pump_fed_turbopump,gas_generator,REPORTED,1,SOURCED,high,SRC-DLR-VIKING-IMG; SRC-IAF-81-362; SRC-NTRS-19910018907; SRC-WIKI-VIKING
ENG-FR-VIKING-2B,Viking 2B,FAM-VIKING,Viking 2,derivative,FR,SEP (Societe Europeenne de Propulsion),SEP; later Snecma / ArianeGroup; turbopumps by MAN (DE),,,retired,booster,N2O4,UH 25,pump_fed_turbopump,gas_generator,REPORTED,1,SOURCED,medium,SRC-ORBITCODEX-ARIANE2; SRC-WIKI-VIKING
ENG-FR-VIKING-4,Viking 4,FAM-VIKING,Viking 2,vacuum_variant,FR,SEP (Societe Europeenne de Propulsion),SEP; later Snecma / ArianeGroup; turbopumps by MAN (DE),,,retired,upper_stage,N2O4,UDMH,pump_fed_turbopump,gas_generator,REPORTED,1,SOURCED,medium,SRC-WIKI-VIKING
ENG-FR-VIKING-4B,Viking 4B,FAM-VIKING,Viking 4,derivative,FR,SEP (Societe Europeenne de Propulsion),SEP; later Snecma / ArianeGroup; turbopumps by MAN (DE),,,retired,upper_stage,N2O4,UH 25,pump_fed_turbopump,gas_generator,REPORTED,1,SOURCED,high,SRC-ORBITCODEX-ARIANE2; SRC-WIKI-ARIANE3; SRC-WIKI-VIKING
ENG-FR-VIKING-5,Viking 5,FAM-VIKING,Viking 2,uprate,FR,SEP (Societe Europeenne de Propulsion),SEP; later Snecma / ArianeGroup; turbopumps by MAN (DE),,,retired,booster,N2O4,UH 25,pump_fed_turbopump,gas_generator,REPORTED,1,SOURCED,medium,SRC-DLR-VIKING-IMG; SRC-WIKI-VIKING
ENG-FR-VIKING-5B,Viking 5B,FAM-VIKING,Viking 5,development_config,FR,SEP (Societe Europeenne de Propulsion),SEP; later Snecma / ArianeGroup; turbopumps by MAN (DE),,,retired,booster,N2O4,UH 25,pump_fed_turbopump,gas_generator,REPORTED,1,UNSOURCED_PLACEHOLDER,low,
ENG-FR-VIKING-5C,Viking 5C,FAM-VIKING,Viking 5,derivative,FR,SEP,SEP; later Snecma / ArianeGroup; turbopumps by MAN (DE),flown 1990-2003 (Ariane 4),1990,retired,booster; core,N2O4,UH 25,pump_fed_turbopump,gas_generator,SECONDARY_CLAIM,1,SOURCED,medium,SRC-DLR-VIKING-GALLERY; SRC-FLIGHTGLOBAL-1000VIKING; SRC-FRWIKI-VIKING; SRC-WIKI-UH25; SRC-WIKI-VIKING
ENG-FR-VIKING-6,Viking 6,FAM-VIKING,Viking 5C,stage_specific,FR,SEP (Societe Europeenne de Propulsion),SEP; later Snecma / ArianeGroup; turbopumps by MAN (DE),,,retired,booster,N2O4,UH 25,pump_fed_turbopump,gas_generator,REPORTED,1,SOURCED,high,SRC-SKYROCKET-ARIANE44L; SRC-WIKI-VIKING
ENG-FR-VINCI,Vinci,FAM-VINCI,,baseline,FR,Snecma / ArianeGroup (ESA programme),ArianeGroup (Vernon); nozzle extension tests DLR Lampoldshausen,dev 1998-2018 (qualified 2018); first flight 9 Jul 2024,2024,operational,upper_stage,LOX,LH2,pump_fed_turbopump,expander_closed,REPORTED,1,SOURCED,high,SRC-DLR-VINCI-NOZZLE-2010; SRC-ESA-A6ENGINES; SRC-ESA-VINCI-60S; SRC-ESA-VINCI-HOTFIRE; SRC-EUCASS2019-VINCI; SRC-IAC-15-28800; SRC-IAC-18-45921; SRC-IAC-19-52605; SRC-IAC-21-65631; SRC-SAFRAN-VINCI-2018; SRC-WIKI-VINCI
ENG-FR-VULCAIN,Vulcain,FAM-VULCAIN,,baseline,FR,SEP (prime) with European partners; later Snecma / ArianeGroup,ArianeGroup (Vernon),first ignition Jul 1990; flown 1996-2009,1996,retired,core,LOX,LH2,pump_fed_turbopump,gas_generator,REPORTED,1,SOURCED,high,SRC-ESA-VULCAIN; SRC-HANDWIKI-VULCAIN; SRC-NTRS-19910018907; SRC-WIKI-VULCAIN
ENG-FR-VULCAIN-2,Vulcain 2,FAM-VULCAIN,Vulcain,uprate,FR,Snecma (Safran/ArianeGroup),"Snecma; Avio (LOX TP); Volvo Aero/GKN (turbines, nozzle)",flown 2002-2023,2002,retired,core,LOX,LH2,pump_fed_turbopump,gas_generator,SECONDARY_CLAIM,1,SOURCED,high,SRC-AIAA-VG-ARIANE; SRC-CLASSICISTRANIERI-VULCAIN; SRC-CNES-A5-TECH; SRC-ESA-A5ECA-NEWELEM; SRC-ESA-ESAMI-VULCAIN; SRC-ESA-V157-INQUIRY; SRC-ESA-V2-TEST; SRC-HANDWIKI-VULCAIN; SRC-IAC11-12052; SRC-INNOV-VULCAIN2-PROD; SRC-MECAIND-2020-T1; SRC-WIKI-VULCAIN
ENG-FR-VULCAIN-2-1,Vulcain 2.1,FAM-VULCAIN,Vulcain 2,derivative,FR,SEP (prime) with European partners; later Snecma / ArianeGroup,ArianeGroup (Vernon),first flight 9 Jul 2024 (Ariane 6 VA262),2024,operational,core,LOX,LH2,pump_fed_turbopump,gas_generator,REPORTED,1,SOURCED,high,SRC-3DPI-V21; SRC-ESA-A6ENGINES; SRC-METALAM-V21; SRC-NEWSPACEECON-V21
ENG-GB-BETA,Beta,FAM-ARMSTRONG-SIDDELEY,,,GB,Armstrong Siddeley (from RAE Westcott work),Armstrong Siddeley,late 1940s,,cancelled,aircraft_rocket; experimental,HTP,"C-fuel (57% methanol, 30% hydrazine hydrate, 13% water)",UNKNOWN,UNKNOWN,UNKNOWN,,SOURCED,medium,SRC-WIKI-BETA
ENG-GB-SCREAMER,Screamer,FAM-ARMSTRONG-SIDDELEY,,,GB,Armstrong Siddeley,Armstrong Siddeley (Ansty),dev 1946-1958; first static test Mar 1954,,cancelled,aircraft_rocket,LOX,kerosene,pump_fed_turbopump,UNKNOWN,UNKNOWN,1,SOURCED,high,SRC-WIKI-SCREAMER
ENG-GB-SNARLER,Snarler,FAM-ARMSTRONG-SIDDELEY,,,GB,Armstrong Siddeley,Armstrong Siddeley,early 1950s,,cancelled,aircraft_rocket,LOX,methanol/water,UNKNOWN,UNKNOWN,UNKNOWN,,SOURCED,medium,SRC-WIKI-SCREAMER
ENG-GB-DOUBLE-SPECTRE,Double Spectre,FAM-DE-HAVILLAND-HTP,Spectre,derivative,GB,de Havilland Engine Co.,de Havilland,late 1950s-1961,,retired,aircraft_rocket; missile,HTP,kerosene,UNKNOWN,UNKNOWN,UNKNOWN,2,SOURCED,high,SRC-NASM-DOUBLESPECTRE; SRC-WIKI-SPECTRE
ENG-GB-SPECTRE,Spectre,FAM-DE-HAVILLAND-HTP,,baseline,GB,de Havilland Engine Co.,de Havilland Engine Co.,1950s,1957,cancelled,aircraft_rocket,HTP,kerosene,pump_fed_turbopump,UNKNOWN,UNKNOWN,1,SOURCED,high,SRC-DHMUSEUM-SPECTRE; SRC-WIKI-SPECTRE
ENG-GB-SPRITE,Sprite,FAM-DE-HAVILLAND-HTP,,baseline,GB,de Havilland Engine Co.,de Havilland,Comet RATO trials from May 1951,,cancelled,aircraft_rocket,none(mono),HTP,pressure_fed_unspecified,none_pressure_fed,INFERRED,1,SOURCED,high,SRC-WIKI-SPRITE
ENG-GB-SUPER-SPRITE,Super Sprite,FAM-DE-HAVILLAND-HTP,Sprite,derivative,GB,de Havilland Engine Co.,de Havilland,production approved 1955,,retired,aircraft_rocket,HTP,kerosene,pressure_fed_unspecified,none_pressure_fed,INFERRED,1,SOURCED,high,SRC-DHMUSEUM-SPECTRE; SRC-NASM-SUPERSPRITE; SRC-WIKI-SPRITE
ENG-GB-GAMMA-2,Gamma 2,FAM-GAMMA,Gamma 301,vacuum_variant,GB,Armstrong Siddeley (Bristol Siddeley from 1959),Armstrong Siddeley / Bristol Siddeley (Ansty),flown 1969-1971,1969,retired,upper_stage,HTP (85% H2O2),kerosene,pump_fed_turbopump,UNKNOWN,UNKNOWN,2,SOURCED,high,SRC-SCIMUS-GAMMA2; SRC-WIGHT-BLACKARROW; SRC-WIKI-GAMMA
ENG-GB-GAMMA-201,Gamma 201,FAM-GAMMA,,baseline,GB,Armstrong Siddeley (Bristol Siddeley from 1959),Armstrong Siddeley / Bristol Siddeley (Ansty),flown 1958-1960?,1958,retired,booster,HTP (85% H2O2),kerosene,pump_fed_turbopump,UNKNOWN,UNKNOWN,4,SOURCED,high,SRC-JBIS-GAMMA-1990; SRC-WIKI-GAMMA
ENG-GB-GAMMA-301,Gamma 301,FAM-GAMMA,Gamma 201,uprate,GB,Armstrong Siddeley (Bristol Siddeley from 1959),Armstrong Siddeley / Bristol Siddeley (Ansty),,,retired,booster,HTP (85% H2O2),kerosene,pump_fed_turbopump,UNKNOWN,UNKNOWN,4,SOURCED,high,SRC-JBIS-GAMMA-1990; SRC-WIKI-GAMMA
ENG-GB-GAMMA-8,Gamma 8,FAM-GAMMA,Gamma 301,derivative,GB,Armstrong Siddeley (Bristol Siddeley from 1959),Armstrong Siddeley / Bristol Siddeley (Ansty),flown 1969-1971,1969,retired,booster,HTP (85% H2O2),kerosene,pump_fed_turbopump,UNKNOWN,UNKNOWN,8,SOURCED,high,SRC-WIGHT-BLACKARROW; SRC-WIKI-GAMMA
ENG-GB-STENTOR,Stentor,FAM-GAMMA,,,GB,Armstrong Siddeley / Bristol Siddeley,Bristol Siddeley,service 1962-1970,,retired,missile,HTP,kerosene,pump_fed_turbopump,UNKNOWN,UNKNOWN,2,SOURCED,high,SRC-BCAR-BLUESTEEL; SRC-SCIMUS-GAMMA2; SRC-WIKI-STENTOR
ENG-GB-LEROS-1B,LEROS 1b,FAM-LEROS,,,GB,Nammo UK (formerly BAe / Royal Ordnance / AMPAC-ISP / Moog-ISP),Nammo UK (formerly BAe / Royal Ordnance / AMPAC-ISP / Moog-ISP),,,operational,orbital_maneuver; spacecraft_main,MON-3,N2H4,pressure_fed_unspecified,none_pressure_fed,INFERRED,1,SOURCED,high,SRC-AMPAC-JUNO-2011; SRC-ENGINEER-JUNO; SRC-NAMMO-LEROS1B; SRC-WIKI-LEROS
ENG-GB-LEROS-1C,LEROS 1c,FAM-LEROS,,,GB,Nammo UK (formerly BAe / Royal Ordnance / AMPAC-ISP / Moog-ISP),Nammo UK (formerly BAe / Royal Ordnance / AMPAC-ISP / Moog-ISP),,,operational,orbital_maneuver; spacecraft_main,MON,N2H4,pressure_fed_unspecified,none_pressure_fed,INFERRED,1,SOURCED,high,SRC-WIKI-LEROS
ENG-GB-LEROS-2B,LEROS 2b,FAM-LEROS,,,GB,Nammo UK (formerly BAe / Royal Ordnance / AMPAC-ISP / Moog-ISP),Nammo UK (formerly BAe / Royal Ordnance / AMPAC-ISP / Moog-ISP),,,operational,orbital_maneuver; spacecraft_main,MON,MMH,pressure_fed_unspecified,none_pressure_fed,INFERRED,1,SOURCED,high,SRC-WIKI-LEROS
ENG-GB-LEROS-4,LEROS 4,FAM-LEROS,,,GB,Nammo UK (formerly BAe / Royal Ordnance / AMPAC-ISP / Moog-ISP),Nammo UK (formerly BAe / Royal Ordnance / AMPAC-ISP / Moog-ISP),,,unknown,orbital_maneuver; spacecraft_main,MON,MMH,pressure_fed_unspecified,none_pressure_fed,INFERRED,1,SOURCED,high,SRC-WIKI-LEROS
ENG-GB-LEROS-4-ET,LEROS 4-ET,FAM-LEROS,LEROS 4,uprate,GB,Nammo UK,Nammo UK,,,operational,lander_descent; spacecraft_main,MON,N2H4,pressure_fed_unspecified,none_pressure_fed,INFERRED,1,SOURCED,medium,SRC-WIKI-BLUEGHOST; SRC-WIKI-LEROS
ENG-GB-ORBEX-PRIME-ENGINE,Orbex Prime engine (name not found),FAM-ORBEX,,baseline,GB,Orbex,"Orbex (Forres, Scotland)",unveiled 2019,,development,booster; upper_stage,LOX,bio-propane,UNKNOWN,UNKNOWN,UNKNOWN,1,SOURCED,medium,SRC-NEWATLAS-ORBEX; SRC-ORBEX-2019-PR
ENG-GB-RZ-1,RZ.1,FAM-RZ,,baseline,GB,Rolls-Royce (from Rocketdyne S-3D),Rolls-Royce,mid/late 1950s,,cancelled,missile,LOX,kerosene,pump_fed_turbopump,gas_generator,INFERRED,1,SOURCED,medium,SRC-GRACES-BLUESTREAK; SRC-WIKI-RZ2
ENG-GB-RZ-2,RZ.2,FAM-RZ,RZ.1,derivative,GB,Rolls-Royce,Rolls-Royce,1958-1971; flown on Blue Streak/Europa 1964-1971,1964,retired,booster,LOX,kerosene,pump_fed_turbopump,gas_generator,INFERRED,1,SOURCED,high,SRC-ARMAGH-BLUESTREAK; SRC-GRACES-BLUESTREAK; SRC-VERKEHRSHAUS-RZ2; SRC-WIKI-RZ2
ENG-GB-SKYFORCE-2,Skyforce-2 (70 kN; name per search summary),FAM-SKYRORA,,baseline,GB,Skyrora,,,,development,booster; upper_stage,HTP (INFERRED from Skyrora family),kerosene (INFERRED),UNKNOWN,UNKNOWN,UNKNOWN,1,SOURCED,low,SRC-3DPI-SKYRORA-70KN; SRC-SKYRORA-WEB
ENG-GB-SKYLARK-L-ENGINE,Skylark L engine (30 kN; formerly 'Skyrora 1'),FAM-SKYRORA,,baseline,GB,Skyrora,,flight attempt Oct 2022,,unknown,booster,HTP,kerosene,pressure_fed_unspecified,none_pressure_fed,REPORTED,1,SOURCED,low,SRC-SKYRORA-WEB; SRC-WIKI-SKYRORA
ENG-IN-AGNILET,Agnilet,FAM-AGNILET,,baseline,IN,AgniKul Cosmos,,flown 2024 (Agnibaan SOrTeD),2024,development,booster; demonstrator,LOX (sub-cooled),ATF (aviation turbine fuel),pump_fed_electric,electric_pump,SECONDARY_CLAIM,1,SOURCED,medium,SRC-IE-AGNIBAAN; SRC-M3D-AGNIKUL-2026; SRC-MACHINIST-AGNIKUL; SRC-WIKI-AGNIKUL
ENG-IN-CE-20,CE-20,FAM-CE-20,,baseline,IN,ISRO LPSC,,flown 2017-,2017,operational,upper_stage,LOX,LH2,pump_fed_turbopump,gas_generator,SECONDARY_CLAIM,1,SOURCED,high,SRC-IASGYAN-CE20; SRC-WIKI-CE20
ENG-IN-CE-7-5,CE-7.5,FAM-CE-7-5,,baseline,IN,ISRO LPSC (CUSP),,flown 2010-,2010,operational,upper_stage,LOX,LH2,pump_fed_turbopump,staged_combustion_fuel_rich,SECONDARY_CLAIM,1,SOURCED,high,SRC-BHARATNOTES-CRYO; SRC-SLIDESHARE-CRYO; SRC-WIKI-CE75
ENG-IN-CE-7-5-STEERING-ENGINE,CE-7.5 steering engine (designation unknown),FAM-CE-7-5,CE-7.5,other,IN,ISRO LPSC,,,,operational,upper_stage,LOX (INFERRED 'cryogenic'),LH2 (INFERRED),UNKNOWN,UNKNOWN,UNKNOWN,,SOURCED,low,SRC-BHARATNOTES-CRYO; SRC-WIKI-CE75
ENG-IN-DHAWAN-1,Dhawan-1,FAM-DHAWAN,,baseline,IN,Skyroot Aerospace,,test 2021,,development,demonstrator; upper_stage,LOX,LNG,UNKNOWN,UNKNOWN,UNKNOWN,1,SOURCED,medium,SRC-CHANAKYA-DHAWAN1; SRC-COLDFACTS-DHAWAN1
ENG-IN-DHAWAN-2,Dhawan-2,FAM-DHAWAN,Dhawan-1,derivative,IN,Skyroot Aerospace,,test 2023,,development,demonstrator; upper_stage,LOX,LNG,UNKNOWN,UNKNOWN,UNKNOWN,1,SOURCED,medium,SRC-M3D-SKYROOT-2026; SRC-WIKI-SKYROOT
ENG-IN-800-N-THROTTLEABLE-ENGINE,800 N throttleable engine (Chandrayaan-3 Vikram),FAM-ISRO-800N-THROTTLEABLE,,,IN,ISRO LPSC,ISRO LPSC,,2019,operational,lander_descent,MON-3,MMH,pressure_fed_unspecified,none_pressure_fed,INFERRED,1,SOURCED,high,SRC-EOPORTAL-CH3; SRC-ISRO-CH3-PAGE; SRC-THEWEEK-CH3
ENG-IN-LAM-440-N,440 N Liquid Apogee Motor,FAM-ISRO-LAM-440N,,baseline,IN,ISRO LPSC,ISRO LPSC,,,operational,orbital_maneuver; spacecraft_main,MON-3,MMH,pressure_fed_unspecified,none_pressure_fed,INFERRED,1,SOURCED,medium,SRC-HJKC-NVS02; SRC-IAC16-32550; SRC-NSF-CH3-2023; SRC-SF101-LAM; SRC-TRIBUNE-LPSC-2023; SRC-WIKI-LAE
ENG-IN-58-N-THRUSTER,58 N attitude thruster (Chandrayaan-3),FAM-ISRO-THRUSTERS,,,IN,ISRO LPSC,ISRO LPSC,,,operational,rcs,MON-3,MMH,pressure_fed_unspecified,none_pressure_fed,INFERRED,1,SOURCED,medium,SRC-ISRO-CH3-PAGE
ENG-IN-PS4-ENGINE-L-2-5,L-2-5 (PS4 engine),FAM-PS4,,baseline,IN,ISRO LPSC,,,,operational,upper_stage,MON-3,MMH,UNKNOWN,UNKNOWN,UNKNOWN,1,SOURCED,medium,SRC-FRANCOWIKI-PSLV; SRC-ISRO-PSLVC27; SRC-METALAM-PS4
ENG-IN-RAMAN,Raman (engine series),FAM-RAMAN,,baseline,IN,Skyroot Aerospace,,,,development,rcs; upper_stage,hypergolic oxidizer (unspecified),hypergolic fuel (unspecified),UNKNOWN,UNKNOWN,UNKNOWN,,SOURCED,medium,SRC-WIKI-VIKRAM
ENG-IN-SCE-200,SE-2000,FAM-SE-2000,,baseline,IN,ISRO LPSC,,development 2010s-,,development,core,LOX,kerosene (ISROsene),pump_fed_turbopump,staged_combustion_ox_rich,SECONDARY_CLAIM,1,SOURCED,high,SRC-ISRO-SEMICRYO-2025; SRC-WIKI-SE2000
ENG-IN-VIKAS,Vikas,FAM-VIKAS,,baseline,IN,ISRO LPSC,"ISRO LPSC; Godrej Aerospace (L110 Vikas for Gaganyaan per StratPost result, not recorded as source)",dev 1970s-; flown 1993- (PSLV),,operational,booster; core; sustainer; upper_stage,N2O4,UDMH / UH25,pump_fed_turbopump,gas_generator,SECONDARY_CLAIM,1,SOURCED,high,SRC-ISRO-VIKAS-TEST; SRC-SPACENEWS-33640; SRC-VAJIRAM-VIKAS; SRC-VISIONIAS-VIKAS-RESTART; SRC-WIKI-VIKAS
ENG-IN-VIKAS-4,Vikas-4,FAM-VIKAS,Vikas,stage_specific,IN,ISRO LPSC,,,,unknown,sustainer,N2O4,UDMH,pump_fed_turbopump,gas_generator,SECONDARY_CLAIM,1,SOURCED,low,SRC-ANANTAM-VIKAS
ENG-IN-VIKAS-4B,Vikas-4B,FAM-VIKAS,Vikas-4,stage_specific,IN,ISRO LPSC,,,,unknown,sustainer,N2O4,UH25,pump_fed_turbopump,gas_generator,SECONDARY_CLAIM,1,SOURCED,low,SRC-ANANTAM-VIKAS
ENG-IN-VIKAS-HIGH-THRUST,High Thrust Vikas Engine (HTVE),FAM-VIKAS,Vikas-2B?,uprate,IN,ISRO LPSC,,qualified 2018,,operational,core; sustainer,N2O4,UH25,pump_fed_turbopump,gas_generator,SECONDARY_CLAIM,1,SOURCED,medium,SRC-VAJIRAM-VIKAS; SRC-WIKI-VIKAS
ENG-IN-VIKAS-HUMAN-RATED,Human-rated Vikas (L110-G),FAM-VIKAS,Vikas-X?,derivative,IN,ISRO LPSC,,qualification 2023,,development,core,N2O4,UH25 (INFERRED),pump_fed_turbopump,gas_generator,SECONDARY_CLAIM,1,SOURCED,medium,SRC-ISRO-VIKAS-TEST
ENG-IN-VIKAS-L40-STRAP-ON,Vikas (L40 strap-on),FAM-VIKAS,Vikas,stage_specific,IN,ISRO LPSC,UNKNOWN,,,unknown,,UNKNOWN,UNKNOWN,UNKNOWN,UNKNOWN,UNKNOWN,,UNSOURCED_PLACEHOLDER,low,
ENG-IN-VIKAS-X,Vikas-X,FAM-VIKAS,Vikas,stage_specific,IN,ISRO LPSC,,,,operational,core,N2O4,UH25,pump_fed_turbopump,gas_generator,SECONDARY_CLAIM,1,SOURCED,low,SRC-ANANTAM-VIKAS
ENG-IR-SHAHAB-3-ENGINE,Shahab-3 engine,FAM-NODONG,Nodong engine,export,IR,,,,,unknown,booster; missile,,,pump_fed_turbopump,UNKNOWN,UNKNOWN,1,SOURCED,low,SRC-GS-ND-A-SPECS; SRC-NTI-SIMORGH
ENG-IR-SAFIR-SECOND-STAGE-ENGINE-PAIR,"Safir second-stage engines (pair, designation unknown)",FAM-R-27-VERNIER,,stage_specific,IR,,,,,unknown,upper_stage,,,UNKNOWN,UNKNOWN,UNKNOWN,2,SOURCED,low,SRC-ACW-302585; SRC-ARMSCONTROL-2008
ENG-IR-SIMORGH-SECOND-STAGE-ENGINES,"Simorgh second-stage engines (4 low-thrust, R-27/SS-N-6 steering-engine heritage)",FAM-R-27-VERNIER,,stage_specific,IR,,,,,unknown,upper_stage,,,UNKNOWN,UNKNOWN,UNKNOWN,4,SOURCED,low,SRC-CSIS-SIMORGH; SRC-UCS-SIMORGH
ENG-IR-SAFIR-FIRST-STAGE-ENGINE,Safir first-stage engine (designation unknown),FAM-SHAHAB-NODONG,,stage_specific,IR,Iran (unknown entity),,,,unknown,booster,,,UNKNOWN,UNKNOWN,UNKNOWN,1,SOURCED,low,SRC-ACW-302585; SRC-SKYROCKET-SAFIR
ENG-IR-SIMORGH-FIRST-STAGE-ENGINE-CLUSTER,Simorgh first-stage cluster (4 x Shahab-3/Nodong + 4 steering engines),FAM-SHAHAB-NODONG,,stage_specific,IR,,,,,unknown,booster,,,UNKNOWN,UNKNOWN,UNKNOWN,4,SOURCED,low,SRC-CSIS-SIMORGH; SRC-NTI-SIMORGH
ENG-IT-M10,M10,FAM-M10,,baseline,IT,Avio (with heritage from KBKhA RD-0146 collaboration),"Avio (Colleferro); tests Salto di Quirra, Sardinia",dev 2014-; TCA hot fire 2020; engine tests from May 2022,,development,upper_stage,LOX,LCH4,pump_fed_turbopump,expander_closed,REPORTED,1,SOURCED,high,SRC-ESA-VEGAE; SRC-EUCASS2019-0315; SRC-WIKI-M10
ENG-IT-MIRA,LM10-MIRA,FAM-M10,,development_config,IT,Avio + KBKhA (RU),Avio / KBKhA,test campaign June 2014 (Voronezh),,retired,demonstrator,LOX,LNG,pump_fed_turbopump,expander_closed,REPORTED,1,SOURCED,medium,SRC-IAC07-7632; SRC-IAC15-30730; SRC-WIKI-M10
ENG-JP-AKATSUKI-OME,Akatsuki OME (500 N ceramic thruster),FAM-AKATSUKI-OME,,,JP,JAXA / IHI Aerospace (manufacturer NOT confirmed),JAXA / IHI Aerospace (manufacturer NOT confirmed),,2010,retired,spacecraft_main,NTO,N2H4,pressure_fed_unspecified,none_pressure_fed,INFERRED,1,SOURCED,high,SRC-JAXA-AKATSUKI-2010; SRC-WIKI-AKATSUKI
ENG-JP-BT-4,BT-4,FAM-BT-4,,,JP,IHI Aerospace,IHI Aerospace,,,operational,orbital_maneuver; spacecraft_main,NTO,N2H4,pressure_fed_unspecified,none_pressure_fed,SECONDARY_CLAIM,1,SOURCED,high,SRC-MECO-CYGNUS-REBOOST-2018; SRC-SATCAT-BT4; SRC-WIKI-BT4
ENG-JP-INTERSTELLAR-TECHNOLOGIES-ZERO-FIRST-STAGE-ENGINE-COSMOS,COSMOS,FAM-COSMOS,,baseline,JP,Interstellar Technologies,,development,,development,booster,LOX,liquid biomethane,pump_fed_turbopump,gas_generator,REPORTED,1,SOURCED,medium,SRC-IST-LV; SRC-IST-PP-2024; SRC-IST-TP-2024; SRC-IST-ZERO-UG; SRC-ORBITCODEX-ZERO
ENG-JP-HBT-1,HBT-1,FAM-IHI-HBT,,,JP,IHI Aerospace,IHI Aerospace,,,unknown,rcs,MON-3,MMH,pressure_fed_unspecified,none_pressure_fed,INFERRED,1,SOURCED,medium,SRC-HANDWIKI-HTV
ENG-JP-HBT-5,HBT-5,FAM-IHI-HBT,,,JP,IHI Aerospace,IHI Aerospace,,,retired,orbital_maneuver; spacecraft_main,MON-3,MMH,pressure_fed_unspecified,none_pressure_fed,INFERRED,1,SOURCED,medium,SRC-HANDWIKI-HTV; SRC-IAC05-HTVPM; SRC-WIKI-BT4
ENG-JP-LE-3,LE-3,FAM-LE-3,,baseline,JP,NASDA / MHI,MHI,flown 1975-1982 (N-I) [background],,retired,upper_stage,"N2O4 (background, unverified)","Aerozine-50 (background, unverified)",UNKNOWN,UNKNOWN,UNKNOWN,1,SOURCED,medium,SRC-FORSYTH-NIPPON; SRC-WIKI-N1
ENG-JP-LE-5,LE-5,FAM-LE-5,,baseline,JP,NASDA / MHI,Mitsubishi Heavy Industries,flown 1986-1992,1986,retired,upper_stage,LOX,LH2,pump_fed_turbopump,gas_generator,REPORTED,1,SOURCED,high,SRC-ASTRONAUTIX-LE5; SRC-WIKI-LE5
ENG-JP-LE-5A,LE-5A,FAM-LE-5,LE-5,derivative,JP,NASDA / MHI,Mitsubishi Heavy Industries,flown 1994-1999,1994,retired,upper_stage,LOX,LH2,pump_fed_turbopump,expander_bleed,REPORTED,1,SOURCED,high,SRC-WIKI-LE5
ENG-JP-LE-5B,LE-5B,FAM-LE-5,LE-5A,derivative,JP,"NASDA/JAXA, MHI",MHI,"flown 1999- (H-II F8), H-IIA",1999,retired,upper_stage,LOX,LH2,pump_fed_turbopump,expander_bleed,SECONDARY_CLAIM,1,SOURCED,medium,SRC-WEBLIO-LE5; SRC-WIKI-LE5
ENG-JP-LE-5B-2,LE-5B-2,FAM-LE-5,LE-5B,block_upgrade,JP,JAXA / MHI,MHI,flown 2009-,2009,retired,upper_stage,LOX,LH2,pump_fed_turbopump,expander_bleed,SECONDARY_CLAIM,1,SOURCED,medium,SRC-IAC08-LE5B; SRC-WIKI-LE5
ENG-JP-LE-5B-3,LE-5B-3,FAM-LE-5,LE-5B-2,block_upgrade,JP,JAXA / MHI,Mitsubishi Heavy Industries,flown 2023-,2023,operational,upper_stage,LOX,LH2,pump_fed_turbopump,expander_bleed,REPORTED,1,SOURCED,high,SRC-MHI-LE5B; SRC-WIKI-LE5
ENG-JP-LE-7,LE-7,FAM-LE-7,,baseline,JP,NASDA / MHI,Mitsubishi Heavy Industries,flown 1994-1999 (H-II),1994,retired,core,LOX,LH2,pump_fed_turbopump,staged_combustion_fuel_rich,REPORTED,1,SOURCED,high,SRC-JAXA-H2; SRC-MEXT-SAC-1997; SRC-WIKI-LE7
ENG-JP-LE-7A,LE-7A,FAM-LE-7,LE-7,derivative,JP,"NASDA/JAXA, MHI",MHI,flown 2001-2025,2001,retired,core,LOX,LH2,pump_fed_turbopump,staged_combustion_fuel_rich,REPORTED,1,SOURCED,high,SRC-AIAA-VG-H2A; SRC-JAXAREPO-45156; SRC-MEXT-SAC-1997; SRC-MHI-LE7A; SRC-WEBLIO-LE7; SRC-WIKI-LE7
ENG-JP-LE-8,LE-8,FAM-LE-8,,baseline,JP,JAXA / IHI (IHI Aerospace),,dev 2000s; GX cancelled 2009,,cancelled,upper_stage,LOX,LNG,pump_fed_turbopump,gas_generator,SECONDARY_CLAIM,1,SOURCED,medium,SRC-IAC12-14616; SRC-JAXA-SAC-2010-LNG; SRC-WEBLIO-LE8
ENG-JP-LE-9,LE-9,FAM-LE-9,,baseline,JP,"JAXA / MHI (system), IHI (turbopumps)",MHI,dev 2015-2023; flown 2023-,2023,operational,core,LOX,LH2,pump_fed_turbopump,expander_bleed,SECONDARY_CLAIM,1,SOURCED,high,SRC-IAC-LE9-2017; SRC-IHI-GIHO-LE9-TP; SRC-IHIFAN-LE9; SRC-JAXA-PRESS-LE9-2017; SRC-MHI-LE9; SRC-TEIKYO-LAB001; SRC-WEBLIO-LEX; SRC-WIKI-LE9
ENG-JP-LE-X,LE-X,FAM-LE-X,,,JP,UNKNOWN,UNKNOWN,,,proposed,,UNKNOWN,UNKNOWN,UNKNOWN,UNKNOWN,UNKNOWN,,UNSOURCED_PLACEHOLDER,low,
ENG-JP-MB-3-LICENCE-BUILT-N-I-N-II-H-I,"MB-3 (licence-built, N-I/N-II/H-I)",FAM-MB-3,,export,JP,UNKNOWN,UNKNOWN,,,unknown,,UNKNOWN,UNKNOWN,UNKNOWN,UNKNOWN,UNKNOWN,,UNSOURCED_PLACEHOLDER,low,
ENG-JP-INTERSTELLAR-TECHNOLOGIES-MOMO-ENGINE,MOMO engine,FAM-MOMO,,baseline,JP,Interstellar Technologies,,flown 2017-,2017,operational,booster,LOX,ethanol,pressure_fed_unspecified,none_pressure_fed,SECONDARY_CLAIM,1,SOURCED,medium,SRC-SLN-MOMO
ENG-JP-MB-60,MB-60,FAM-MB-60,,baseline,JP/US,Boeing Rocketdyne + MHI,,dev from 2000; halted,,cancelled,upper_stage,LOX,LH2,pump_fed_turbopump,expander_bleed,SECONDARY_CLAIM,1,SOURCED,medium,SRC-BOEING-2000-MB60; SRC-WIKI-MARC60; SRC-WIKI-RL60
ENG-KP-NODONG-ENGINE,Nodong engine,FAM-NODONG,,baseline,KP,,,,,unknown,booster; missile,,,pump_fed_turbopump,UNKNOWN,UNKNOWN,1,SOURCED,medium,SRC-ACW-502404; SRC-FAS-ND1; SRC-GS-ND-A-SPECS
ENG-KP-HWASONG-14-15-MAIN-ENGINE-PAEKTUSAN,Paektusan engine family (RD-250-derived),FAM-PAEKTUSAN,,,KP,,,,,unknown,missile,N2O4 (INFERRED 'high-energy hypergolic'),UDMH (INFERRED),pump_fed_turbopump,UNKNOWN,UNKNOWN,,SOURCED,low,SRC-CSIS-HS14; SRC-WIKI-HS14; SRC-WIKI-HS15
ENG-KP-HWASONG-14-MAIN-ENGINE,Hwasong-14 first-stage engine (single-chamber RD-250 variant),FAM-PAEKTUSAN,,derivative,KP,,,flown 2017,2017,unknown,missile,hypergolic (unspecified),hypergolic (unspecified),pump_fed_turbopump,UNKNOWN,UNKNOWN,1,SOURCED,low,SRC-CSIS-HS14
ENG-KP-HWASONG-15-FIRST-STAGE-ENGINE,"Hwasong-15 first-stage engine (two combustors, common turbopump)",FAM-PAEKTUSAN,,derivative,KP,,,flown 2017,2017,unknown,missile,,,pump_fed_turbopump,UNKNOWN,UNKNOWN,2,SOURCED,low,SRC-WIKI-HS15
ENG-KR-KRE-007,KRE-007,FAM-KRE,,baseline,KR,KARI,,dev 2014-2019; flown 2021-,2021,operational,upper_stage,LOX,Jet-A,pump_fed_turbopump,gas_generator,INFERRED,1,SOURCED,medium,SRC-SFN-NURI-2021; SRC-WIKI-NURI
ENG-KR-KRE-075,KRE-075,FAM-KRE,,baseline,KR,KARI,"Hanwha Aerospace (production; from background, unverified)","dev 2010-2021; flown 2018 (TLV), 2021-",2018,operational,booster; core,LOX,Jet A-1,pump_fed_turbopump,gas_generator,SECONDARY_CLAIM,1,SOURCED,high,SRC-EUCASS2019-0521; SRC-FRWIKI-KRE075; SRC-KSCI-KARI-2009-KRE75; SRC-KSCI-KARI-2016-TP; SRC-NAMU-KRE075; SRC-WIKI-KRE075
ENG-KR-KRE-075-2ND-STAGE,KRE-075 (2nd-stage altitude version),FAM-KRE,KRE-075,vacuum_variant,KR,KARI,,,2021,operational,upper_stage,LOX,Jet A-1,pump_fed_turbopump,gas_generator,SECONDARY_CLAIM,1,SOURCED,medium,SRC-NAMU-KRE075; SRC-WIKI-KRE075
ENG-KR-KSR-III-ENGINE,KSR-III engine (13 tf class),FAM-KSR-III,,baseline,KR,KARI,,flown 2002,2002,retired,booster; demonstrator,LOX,kerosene (Jet A-1 in subscale tests),pressure_fed_regulated,none_pressure_fed,REPORTED,1,SOURCED,medium,SRC-KSCI-KSR3-FPS; SRC-KSCI-KSR3-SUBSCALE; SRC-WIKI-KSR3
ENG-RU-11D428A,11D428A,FAM-DPO-THRUSTERS,11D428,derivative,RU,NIIMash,NIIMash,,,operational,rcs,N2O4,UDMH,pressure_fed_unspecified,none_pressure_fed,INFERRED,1,SOURCED,high,SRC-WIKI-11D428; SRC-WIKI-KTDU80
ENG-RU-11D428A-16,11D428A-16,FAM-DPO-THRUSTERS,11D428A,block_upgrade,RU,NIIMash,NIIMash,,,operational,rcs,N2O4,UDMH,pressure_fed_unspecified,none_pressure_fed,INFERRED,1,SOURCED,medium,SRC-WIKI-11D428
ENG-RU-S5-142,S5.142,FAM-DPO-THRUSTERS,,,RU,KB KhimMash (Isayev) [developer not in summary],KB KhimMash (Isayev) [developer not in summary],,,operational,rcs,N2O4,UDMH,pressure_fed_unspecified,none_pressure_fed,INFERRED,1,SOURCED,medium,SRC-WIKI-S5142
ENG-RU-S5-80,S5.80,FAM-KTDU-80,11D426,derivative,RU,KB KhimMash (Isayev),KB KhimMash (Isayev),,,operational,orbital_maneuver; spacecraft_main,N2O4,UDMH,pressure_fed_unspecified,none_pressure_fed,INFERRED,1,SOURCED,high,SRC-WIKI-KTDU80; SRC-WIKI-S580
ENG-SU-RD-107A,RD-107A,FAM-RD-107-108,RD-117,block_upgrade,RU,NPO Energomash,UEC-Kuznetsov (Samara),2001- (in Soyuz service),2001,operational,booster,LOX,kerosene,pump_fed_turbopump,separate_turbine_working_fluid,INFERRED,4,SOURCED,high,SRC-ARIANESPACE-SOYUZ-UM-2012; SRC-WIKI-RD107; SRC-WIKI-SOYUZ-CSG; SRC-WIKI-SOYUZFG; SRC-WWW1-RD107A
ENG-SU-RD-108A,RD-108A,FAM-RD-107-108,RD-118,block_upgrade,RU,NPO Energomash,UEC-Kuznetsov (Samara),2001-,2001,operational,core; sustainer,LOX,kerosene,pump_fed_turbopump,separate_turbine_working_fluid,INFERRED,4,SOURCED,high,SRC-ARIANESPACE-SOYUZ-UM-2012; SRC-WIKI-RD107; SRC-WIKI-SOYUZFG; SRC-WWW1-RD107A
ENG-RU-RD-151,RD-151,FAM-RD-170,RD-191,derivative,RU,NPO Energomash (INFERRED),supplied with stage by Khrunichev,flown 2009-2013,2009,retired,booster,LOX,kerosene,pump_fed_turbopump,staged_combustion_ox_rich,INFERRED,1,SOURCED,medium,SRC-SFN-KSLV-2010; SRC-SPACENEWS-12177; SRC-WIKI-NARO1; SRC-WIKI-RD191
ENG-RU-KVD-1,KVD-1,FAM-RD-56-KVD-1,RD-56 (11D56),export,RU,KB KhimMash (Isayev),KB KhimMash (Isayev),1990s-; flown 2001-,2001,retired,upper_stage,LOX,LH2,pump_fed_turbopump,staged_combustion_fuel_rich,SECONDARY_CLAIM,1,SOURCED,medium,SRC-ESA-KVD1-11D56; SRC-WIKI-KVD1
ENG-SE-HPGP-1N,HPGP 1N,FAM-HPGP,,,SE,ECAPS (Bradford ECAPS),ECAPS (Bradford ECAPS),,2010,operational,rcs,none(mono),LMP-103S (ADN-based),pressure_fed_blowdown,none_pressure_fed,INFERRED,1,SOURCED,high,SRC-NDIA-ECAPS-2009; SRC-SATNOW-HPGP1N
ENG-SE-HPGP-22N,HPGP 22N,FAM-HPGP,,,SE,ECAPS (Bradford ECAPS),ECAPS (Bradford ECAPS),,,operational,rcs,none(mono),LMP-103S (ADN-based),pressure_fed_blowdown,none_pressure_fed,INFERRED,1,SOURCED,high,SRC-NTRS-20210022261; SRC-SATCAT-HPGP22N
ENG-SE-HPGP-5N,HPGP 5N,FAM-HPGP,,,SE,ECAPS (Bradford ECAPS),ECAPS (Bradford ECAPS),,,development,rcs,none(mono),LMP-103S (ADN-based),pressure_fed_blowdown,none_pressure_fed,INFERRED,1,SOURCED,high,SRC-SATSEARCH-HPGP5N
ENG-RU-11D428,11D428,FAM-DPO-THRUSTERS,,,SU,NIIMash,NIIMash,,,retired,rcs,N2O4,UDMH,pressure_fed_unspecified,none_pressure_fed,INFERRED,1,SOURCED,medium,SRC-WIKI-11D428
ENG-SU-4D10,4D10,FAM-ISAYEV-MISSILE-ENGINES,,,SU,OKB-2 / KB KhimMash (A. M. Isayev),OKB-2 / KB KhimMash (A. M. Isayev),1960s,,retired,missile,N2O4,UDMH,pump_fed_turbopump,staged_combustion_ox_rich,SECONDARY_CLAIM,3,UNSOURCED_PLACEHOLDER,low,SRC-GLOBALSEC-R27K; SRC-WIKI-R27
ENG-SU-9D21,9D21,FAM-ISAYEV-MISSILE-ENGINES,S2.253,derivative,SU,OKB-2 / KB KhimMash (A. M. Isayev),OKB-2 / KB KhimMash (A. M. Isayev),1960s-,,retired,missile,AK-27I,TG-02 (Samin),pump_fed_turbopump,UNKNOWN,UNKNOWN,1,UNSOURCED_PLACEHOLDER,low,
ENG-SU-S2-253,S2.253,FAM-ISAYEV-MISSILE-ENGINES,,,SU,OKB-2 / KB KhimMash (A. M. Isayev),OKB-2 / KB KhimMash (A. M. Isayev),1950s,,retired,missile,AK-20 (nitric acid),TG-02 / kerosene,pump_fed_turbopump,UNKNOWN,UNKNOWN,1,UNSOURCED_PLACEHOLDER,low,SRC-WIKI-KBKHM
ENG-SU-S2-711,S2.711,FAM-ISAYEV-MISSILE-ENGINES,,,SU,OKB-2 / KB KhimMash (A. M. Isayev),OKB-2 / KB KhimMash (A. M. Isayev),1950s,,retired,missile,AK-20,TG-02,pump_fed_turbopump,UNKNOWN,UNKNOWN,1,UNSOURCED_PLACEHOLDER,low,
ENG-RU-S5-92,S5.92,FAM-ISAYEV-S5-UPPER-STAGE-ENGINES,,,SU,KB KhimMash (Isayev),KB KhimMash (Isayev),1990s-; flown 2000-,2000,operational,upper_stage,N2O4,UDMH,pump_fed_turbopump,gas_generator,SECONDARY_CLAIM,1,SOURCED,medium,SRC-RSW-FREGAT; SRC-STARSEM-ST07; SRC-STARSEM-ST08; SRC-WIKI-KBKHM; SRC-WIKI-S592
ENG-RU-S5-98M,S5.98M,FAM-ISAYEV-S5-UPPER-STAGE-ENGINES,S5.92 (predecessor per Wiki),,SU,KB KhimMash (Isayev),KB KhimMash (Isayev),1990s-; flown 1999-,1999,operational,upper_stage,N2O4,UDMH,pump_fed_turbopump,gas_generator,SECONDARY_CLAIM,1,SOURCED,medium,SRC-HABR-212735; SRC-RSW-BRIZM; SRC-WIKI-S598M
ENG-SU-KTDU-35,KTDU-35,FAM-KTDU,,,SU,OKB-2 (Isayev),,NOT_AUDITED,,retired,spacecraft_main,UNKNOWN,UNKNOWN,UNKNOWN,UNKNOWN,UNKNOWN,2,SOURCED,medium,SRC-WIKI-KTDU35
ENG-SU-S5-35,S5.35 (DKD),FAM-KTDU,,,SU,OKB-2 (Isayev),,NOT_AUDITED,,retired,spacecraft_main,UNKNOWN,UNKNOWN,UNKNOWN,UNKNOWN,UNKNOWN,,SOURCED,medium,SRC-WIKI-KTDU35
ENG-SU-S5-60,S5.60 (SKD),FAM-KTDU,,,SU,OKB-2 (Isayev),,NOT_AUDITED,,retired,spacecraft_main,UNKNOWN,UNKNOWN,UNKNOWN,UNKNOWN,UNKNOWN,,SOURCED,medium,SRC-WIKI-KTDU35
ENG-RU-S5-35,S5.35,FAM-KTDU-35,,,SU,OKB-2 (Isayev),OKB-2 (Isayev),,,retired,spacecraft_main,AK-27I,UDMH,pressure_fed_unspecified,none_pressure_fed,INFERRED,,SOURCED,high,SRC-WIKI-KTDU35
ENG-RU-S5-60,S5.60,FAM-KTDU-35,,,SU,OKB-2 (Isayev),OKB-2 (Isayev),,,retired,spacecraft_main,AK-27I,UDMH,pressure_fed_unspecified,none_pressure_fed,INFERRED,1,SOURCED,high,SRC-WIKI-KTDU35
ENG-RU-S5-53,S5.53,FAM-KTDU-53,,,SU,OKB-2 (Isayev),OKB-2 (Isayev),,,retired,orbital_maneuver,NOT_REPORTED,NOT_REPORTED,UNKNOWN,UNKNOWN,UNKNOWN,1,SOURCED,low,SRC-WIKI-KTDU35
ENG-RU-11D426,11D426,FAM-KTDU-80,,,SU,KB KhimMash (Isayev),KB KhimMash (Isayev),,,retired,spacecraft_main,N2O4,UDMH,pressure_fed_unspecified,none_pressure_fed,INFERRED,1,SOURCED,medium,SRC-WIKI-S580
ENG-SU-11D57,11D57,FAM-LYULKA-LOX-LH2,,,SU,OKB-165 (A. M. Lyulka),OKB-165 (A. M. Lyulka),1960s-1970s,,cancelled,upper_stage,LOX,LH2,pump_fed_turbopump,UNKNOWN,UNKNOWN,1,UNSOURCED_PLACEHOLDER,medium,SRC-LPRE-NPOEM-RD0120UP
ENG-RU-NK-33A,NK-33A,FAM-NK,NK-33,block_upgrade,SU,SNTK Kuznetsov / Kuznetsov (Samara),SNTK Kuznetsov / Kuznetsov (Samara),2000s-2019,2013,retired,booster,LOX,kerosene,pump_fed_turbopump,staged_combustion_ox_rich,INFERRED,1,SOURCED,high,SRC-WIKI-NK15
ENG-SU-NK-15,NK-15,FAM-NK,NK-9,derivative,SU,OKB-276 (N. D. Kuznetsov) / SNTK im. Kuznetsova (now UEC-Kuznetsov),OKB-276 (N. D. Kuznetsov) / SNTK im. Kuznetsova (now UEC-Kuznetsov),1962-1972; flown 1969-1972,1969,retired,booster,LOX,kerosene,pump_fed_turbopump,staged_combustion_ox_rich,SECONDARY_CLAIM,1,SOURCED,high,SRC-WIKI-NK15
ENG-SU-NK-15V,NK-15V,FAM-NK,NK-15,vacuum_variant,SU,OKB-276 (N. D. Kuznetsov) / SNTK im. Kuznetsova (now UEC-Kuznetsov),OKB-276 (N. D. Kuznetsov) / SNTK im. Kuznetsova (now UEC-Kuznetsov),1960s-1972,1969,retired,upper_stage,LOX,kerosene,pump_fed_turbopump,staged_combustion_ox_rich,INFERRED,1,SOURCED,high,SRC-WIKI-NK15
ENG-SU-NK-19,NK-19,FAM-NK,NK-15,stage_specific,SU,OKB-276 (N. D. Kuznetsov) / SNTK im. Kuznetsova (now UEC-Kuznetsov),OKB-276 (N. D. Kuznetsov) / SNTK im. Kuznetsova (now UEC-Kuznetsov),1960s-1972,1969,retired,upper_stage,LOX,kerosene,pump_fed_turbopump,staged_combustion_ox_rich,INFERRED,1,UNSOURCED_PLACEHOLDER,medium,
ENG-SU-NK-21,NK-21,FAM-NK,,,SU,OKB-276 (N. D. Kuznetsov) / SNTK im. Kuznetsova (now UEC-Kuznetsov),OKB-276 (N. D. Kuznetsov) / SNTK im. Kuznetsova (now UEC-Kuznetsov),1960s-1972,,retired,upper_stage,LOX,kerosene,pump_fed_turbopump,staged_combustion_ox_rich,INFERRED,1,SOURCED,high,SRC-RSW-N1G
ENG-SU-NK-31,NK-31,FAM-NK,NK-21,block_upgrade,SU,OKB-276 (N. D. Kuznetsov) / SNTK im. Kuznetsova (now UEC-Kuznetsov),OKB-276 (N. D. Kuznetsov) / SNTK im. Kuznetsova (now UEC-Kuznetsov),1970s,,cancelled,upper_stage,LOX,kerosene,pump_fed_turbopump,staged_combustion_ox_rich,INFERRED,1,SOURCED,medium,SRC-RSW-N1G; SRC-WIKI-NK9
ENG-SU-NK-33,NK-33,FAM-NK,NK-15,block_upgrade,SU,OKB-276 (N. D. Kuznetsov) / SNTK im. Kuznetsova (now UEC-Kuznetsov),OKB-276 (N. D. Kuznetsov) / SNTK im. Kuznetsova (now UEC-Kuznetsov),1968-1974 dev; stored; flown 2010s via AJ26 and NK-33A,,retired,booster,LOX,kerosene,pump_fed_turbopump,staged_combustion_ox_rich,SECONDARY_CLAIM,1,SOURCED,high,SRC-DVIGATEL-1999-1; SRC-NAKEDSCI-NK33; SRC-NAS-DEPS-068011; SRC-PURDUE-AJ26; SRC-RSW-NK33; SRC-SPACEFOUND-RUSENG; SRC-WIKI-NK33
ENG-SU-NK-39,NK-39,FAM-NK,NK-31,derivative,SU,OKB-276 (N. D. Kuznetsov) / SNTK im. Kuznetsova (now UEC-Kuznetsov),OKB-276 (N. D. Kuznetsov) / SNTK im. Kuznetsova (now UEC-Kuznetsov),1970s,,cancelled,upper_stage,LOX,kerosene,pump_fed_turbopump,staged_combustion_ox_rich,INFERRED,1,UNSOURCED_PLACEHOLDER,medium,
ENG-SU-NK-43,NK-43,FAM-NK,NK-33,vacuum_variant,SU,OKB-276 (N. D. Kuznetsov) / SNTK im. Kuznetsova (now UEC-Kuznetsov),OKB-276 (N. D. Kuznetsov) / SNTK im. Kuznetsova (now UEC-Kuznetsov),1970s,,cancelled,upper_stage,LOX,kerosene,pump_fed_turbopump,staged_combustion_ox_rich,SECONDARY_CLAIM,1,SOURCED,high,SRC-WIKI-NK15; SRC-WIKI-NK43
ENG-SU-NK-9,NK-9,FAM-NK,,,SU,OKB-276 (N. D. Kuznetsov) / SNTK im. Kuznetsova (now UEC-Kuznetsov),OKB-276 (N. D. Kuznetsov) / SNTK im. Kuznetsova (now UEC-Kuznetsov),1959-1962,,cancelled,missile,LOX,kerosene,pump_fed_turbopump,staged_combustion_ox_rich,SECONDARY_CLAIM,1,SOURCED,high,SRC-WIKI-NK9
ENG-SU-NK-9V,NK-9V,FAM-NK,NK-9,vacuum_variant,SU,OKB-276 (N. D. Kuznetsov) / SNTK im. Kuznetsova (now UEC-Kuznetsov),OKB-276 (N. D. Kuznetsov) / SNTK im. Kuznetsova (now UEC-Kuznetsov),1962 tests,,cancelled,missile,LOX,kerosene,pump_fed_turbopump,staged_combustion_ox_rich,INFERRED,1,SOURCED,high,SRC-WIKI-NK9
ENG-SU-11D33,11D33,FAM-OKB-1-UPPER-STAGE-ENGINES,,,SU,OKB-1 (M. V. Melnikov),OKB-1 (S. P. Korolev; M. V. Melnikov dept),dev 1958-1960; flown 1961-2010,1960,retired,upper_stage,LOX,kerosene,pump_fed_turbopump,staged_combustion_ox_rich,SECONDARY_CLAIM,1,SOURCED,medium,SRC-WIKI-S15400
ENG-SU-11D33M,S1.5400A1 (11D33M),FAM-OKB-1-UPPER-STAGE-ENGINES,11D33,uprate,SU,OKB-1 (Melnikov),,upgrade 1961-1964,,retired,upper_stage,LOX,kerosene,pump_fed_turbopump,staged_combustion_ox_rich,SECONDARY_CLAIM,1,SOURCED,medium,SRC-WIKI-S15400
ENG-SU-ORM-65,ORM-65,FAM-ORM,,,SU,GDL/RNII (V. P. Glushko),GDL/RNII (V. P. Glushko),1936-1938,,retired,aircraft_rocket; experimental,nitric acid,kerosene,pressure_fed_unspecified,UNKNOWN,UNKNOWN,,UNSOURCED_PLACEHOLDER,medium,
ENG-SU-RD-0105,RD-0105,FAM-RD-0105-0109,,,SU,"OKB-154 (S. A. Kosberg) / KBKhA (Chemical Automatics Design Bureau), Voronezh","OKB-154 (S. A. Kosberg) / KBKhA (Chemical Automatics Design Bureau), Voronezh",1958 dev (9 months); flown 1959-1960,1959,retired,upper_stage,LOX,kerosene,pump_fed_turbopump,gas_generator,SECONDARY_CLAIM,1,SOURCED,high,SRC-WIKI-RD0109
ENG-SU-RD-0109,RD-0109,FAM-RD-0105-0109,RD-0105,block_upgrade,SU,"OKB-154 (S. A. Kosberg) / KBKhA (Chemical Automatics Design Bureau), Voronezh","OKB-154 (S. A. Kosberg) / KBKhA (Chemical Automatics Design Bureau), Voronezh",1959-1960s,1960,retired,upper_stage,LOX,kerosene,pump_fed_turbopump,gas_generator,SECONDARY_CLAIM,1,SOURCED,high,SRC-RSW-VOSTOK-LV; SRC-WIKI-RD0109
ENG-RU-RD-0110R,RD-0110R,FAM-RD-0106-0107-0108-0110,RD-0110,derivative,SU,KBKhA,KBKhA,2000s-2019,2013,retired,booster; rcs,LOX,kerosene,pump_fed_turbopump,gas_generator,INFERRED,4,SOURCED,high,SRC-WIKI-RD0110R
ENG-SU-RD-0106,RD-0106,FAM-RD-0106-0107-0108-0110,,,SU,"OKB-154 (S. A. Kosberg) / KBKhA (Chemical Automatics Design Bureau), Voronezh","OKB-154 (S. A. Kosberg) / KBKhA (Chemical Automatics Design Bureau), Voronezh",1960s,,retired,missile; upper_stage,LOX,kerosene,pump_fed_turbopump,gas_generator,INFERRED,4,SOURCED,high,SRC-RSW-RD0110
ENG-SU-RD-0107,RD-0107,FAM-RD-0106-0107-0108-0110,RD-0106,stage_specific,SU,"OKB-154 (S. A. Kosberg) / KBKhA (Chemical Automatics Design Bureau), Voronezh","OKB-154 (S. A. Kosberg) / KBKhA (Chemical Automatics Design Bureau), Voronezh",1963-1976,,retired,upper_stage,LOX,kerosene,pump_fed_turbopump,gas_generator,INFERRED,4,SOURCED,high,SRC-RSW-RD0110
ENG-SU-RD-0108,RD-0108,FAM-RD-0106-0107-0108-0110,RD-0107,derivative,SU,"OKB-154 (S. A. Kosberg) / KBKhA (Chemical Automatics Design Bureau), Voronezh","OKB-154 (S. A. Kosberg) / KBKhA (Chemical Automatics Design Bureau), Voronezh",1960s,,retired,upper_stage,LOX,kerosene,pump_fed_turbopump,gas_generator,INFERRED,4,UNSOURCED_PLACEHOLDER,low,
ENG-SU-RD-0110,RD-0110,FAM-RD-0106-0107-0108-0110,RD-0107,derivative,SU,"OKB-154 (S. A. Kosberg) / KBKhA (Chemical Automatics Design Bureau), Voronezh",Voronezh Mechanical Plant,1960s-; flown 1967?-,,operational,upper_stage,LOX,kerosene,pump_fed_turbopump,gas_generator,SECONDARY_CLAIM,4,SOURCED,high,SRC-ESA-RD0110; SRC-RSW-RD0110; SRC-WIKI-RD0110
ENG-SU-RD-0120,RD-0120,FAM-RD-0120,,baseline,SU,"OKB-154 (S. A. Kosberg) / KBKhA (Chemical Automatics Design Bureau), Voronezh",Voronezh Mechanical Plant,1976-1987 dev; flown 1987-1988,1987,retired,core,LOX,LH2,pump_fed_turbopump,staged_combustion_fuel_rich,SECONDARY_CLAIM,1,SOURCED,high,SRC-AVWEEK-RD0120-EU; SRC-BURAN-ENERGIA-CARAC; SRC-JAXA-61856043; SRC-LPRE-NPOEM-RD0120UP; SRC-RSW-RD0120; SRC-WIKI-RD0120
ENG-RU-RD-0124,RD-0124,FAM-RD-0124,,,SU,KBKhA,Voronezh Mechanical Plant,1990s-2006 dev; flown 2006-,2006,operational,upper_stage,LOX,kerosene,pump_fed_turbopump,staged_combustion_ox_rich,SECONDARY_CLAIM,4,SOURCED,high,SRC-RSW-RD0124; SRC-WIKI-RD0124; SRC-WWW1-RD0124
ENG-RU-RD-0124A,RD-0124A,FAM-RD-0124,RD-0124,stage_specific,SU,KBKhA,KBKhA,2000s; flown 2014-,2014,operational,upper_stage,LOX,kerosene,pump_fed_turbopump,staged_combustion_ox_rich,INFERRED,4,SOURCED,high,SRC-WIKI-RD0124
ENG-RU-RD-0124MS,RD-0124MS,FAM-RD-0124,RD-0124,derivative,SU,KBKhA (now part of NPO Energomash),KBKhA (now part of NPO Energomash),2010s-; flown 2026,2026,operational,upper_stage,LOX,kerosene,pump_fed_turbopump,staged_combustion_ox_rich,INFERRED,4,SOURCED,high,SRC-FRONTIER-SOYUZ5; SRC-RSW-RD0124; SRC-SPACEREF-RD0124MS; SRC-WIKI-SOYUZ5; SRC-WWW1-RD0124
ENG-RU-RD-0146,RD-0146,FAM-RD-0146,,,SU,"KBKhA (with Pratt & Whitney cooperation, early)","KBKhA (with Pratt & Whitney cooperation, early)",1990s-2010s dev,,development,upper_stage,LOX,LH2,pump_fed_turbopump,expander_closed,UNKNOWN,1,UNSOURCED_PLACEHOLDER,medium,
ENG-RU-RD-0162,RD-0162,FAM-RD-0162,,,SU,KBKhA,KBKhA,2010s dev (demonstrators),,development,booster,LOX,LCH4,pump_fed_turbopump,UNKNOWN,UNKNOWN,1,UNSOURCED_PLACEHOLDER,low,
ENG-SU-RD-0205,RD-0205,FAM-RD-0205-0210,,,SU,"OKB-154 (S. A. Kosberg) / KBKhA (Chemical Automatics Design Bureau), Voronezh","OKB-154 (S. A. Kosberg) / KBKhA (Chemical Automatics Design Bureau), Voronezh",1961-1964,,cancelled,missile; upper_stage,N2O4,UDMH,pump_fed_turbopump,UNKNOWN,UNKNOWN,1,SOURCED,medium,SRC-RSW-RD0212
ENG-SU-RD-0210,RD-0210,FAM-RD-0205-0210,RD-0205,derivative,SU,"OKB-154 (S. A. Kosberg) / KBKhA (Chemical Automatics Design Bureau), Voronezh",Voronezh Mechanical Plant,1963-; flown 1965-,1965,operational,upper_stage,N2O4,UDMH,pump_fed_turbopump,staged_combustion_ox_rich,SECONDARY_CLAIM,1,SOURCED,high,SRC-DVIGATEL-2000-2; SRC-ILS-PMPG-A; SRC-RSW-RD0210; SRC-WIKI-RD0210
ENG-SU-RD-0211,RD-0211,FAM-RD-0205-0210,RD-0210,stage_specific,SU,"OKB-154 (S. A. Kosberg) / KBKhA (Chemical Automatics Design Bureau), Voronezh","OKB-154 (S. A. Kosberg) / KBKhA (Chemical Automatics Design Bureau), Voronezh",1965-,1965,operational,upper_stage,N2O4,UDMH,pump_fed_turbopump,staged_combustion_ox_rich,SECONDARY_CLAIM,1,SOURCED,high,SRC-RSW-RD0210; SRC-WIKI-RD0210
ENG-SU-RD-0212,RD-0212,FAM-RD-0205-0210,RD-0205,stage_specific,SU,"OKB-154 (S. A. Kosberg) / KBKhA (Chemical Automatics Design Bureau), Voronezh","OKB-154 (S. A. Kosberg) / KBKhA (Chemical Automatics Design Bureau), Voronezh",1960s-; flown 1968-,,operational,upper_stage,N2O4,UDMH,pump_fed_turbopump,staged_combustion_ox_rich,INFERRED,5,SOURCED,high,SRC-RSW-RD0212
ENG-SU-RD-0213,RD-0213,FAM-RD-0205-0210,RD-0210,stage_specific,SU,"OKB-154 (S. A. Kosberg) / KBKhA (Chemical Automatics Design Bureau), Voronezh","OKB-154 (S. A. Kosberg) / KBKhA (Chemical Automatics Design Bureau), Voronezh",,,operational,upper_stage,N2O4,UDMH,pump_fed_turbopump,staged_combustion_ox_rich,INFERRED,1,SOURCED,high,SRC-RSW-RD0212
ENG-SU-RD-0214,RD-0214,FAM-RD-0205-0210,,,SU,"OKB-154 (S. A. Kosberg) / KBKhA (Chemical Automatics Design Bureau), Voronezh","OKB-154 (S. A. Kosberg) / KBKhA (Chemical Automatics Design Bureau), Voronezh",,,operational,rcs; upper_stage,N2O4,UDMH,pump_fed_turbopump,UNKNOWN,UNKNOWN,4,SOURCED,high,SRC-RSW-RD0212
ENG-SU-RD-0216,RD-0216,FAM-RD-0216-0217,,,SU,"OKB-154 (S. A. Kosberg) / KBKhA (Chemical Automatics Design Bureau), Voronezh","OKB-154 (S. A. Kosberg) / KBKhA (Chemical Automatics Design Bureau), Voronezh",1960s,,retired,missile,N2O4 (AT),UDMH,pump_fed_turbopump,UNKNOWN,UNKNOWN,1,UNSOURCED_PLACEHOLDER,low,
ENG-SU-RD-0217,RD-0217,FAM-RD-0216-0217,,,SU,"OKB-154 (S. A. Kosberg) / KBKhA (Chemical Automatics Design Bureau), Voronezh","OKB-154 (S. A. Kosberg) / KBKhA (Chemical Automatics Design Bureau), Voronezh",1960s,,retired,missile,N2O4 (AT),UDMH,pump_fed_turbopump,UNKNOWN,UNKNOWN,1,UNSOURCED_PLACEHOLDER,low,
ENG-SU-RD-0228,RD-0228,FAM-RD-0228-0229-0255,,,SU,KBKhA (OKB-154),,NOT_AUDITED,,retired,missile,N2O4 (unverified),UDMH (unverified),UNKNOWN,UNKNOWN,UNKNOWN,,SOURCED,medium,SRC-SKYROCKET-R36M; SRC-WIKI-RD0229
ENG-SU-RD-0229,RD-0229,FAM-RD-0228-0229-0255,,,SU,KBKhA,,NOT_AUDITED,,unknown,missile,UNKNOWN,UNKNOWN,UNKNOWN,UNKNOWN,UNKNOWN,,SOURCED,low,SRC-WIKI-RD0229
ENG-SU-RD-0232,RD-0232,FAM-RD-0233-0234-0235,,,SU,KBKhA,,NOT_AUDITED,,retired,booster; missile,N2O4,UDMH,UNKNOWN,UNKNOWN,UNKNOWN,4,SOURCED,medium,SRC-SF101-ROKOT
ENG-SU-RD-0233,RD-0233,FAM-RD-0233-0234-0235,,,SU,"OKB-154 (S. A. Kosberg) / KBKhA (Chemical Automatics Design Bureau), Voronezh","OKB-154 (S. A. Kosberg) / KBKhA (Chemical Automatics Design Bureau), Voronezh",1970s,,retired,booster; missile,N2O4,UDMH,pump_fed_turbopump,staged_combustion_ox_rich,SECONDARY_CLAIM,1,SOURCED,low,SRC-SF101-ROKOT; SRC-WIKI-RD0233
ENG-SU-RD-0234,RD-0234,FAM-RD-0233-0234-0235,RD-0233,stage_specific,SU,KBKhA,,NOT_AUDITED,,retired,booster; missile,N2O4,UDMH,pump_fed_turbopump,staged_combustion_ox_rich,SECONDARY_CLAIM,1,SOURCED,medium,SRC-SF101-ROKOT; SRC-WIKI-RD0233
ENG-SU-RD-0235,RD-0235,FAM-RD-0233-0234-0235,,,SU,"OKB-154 (S. A. Kosberg) / KBKhA (Chemical Automatics Design Bureau), Voronezh","OKB-154 (S. A. Kosberg) / KBKhA (Chemical Automatics Design Bureau), Voronezh",1970s,,retired,missile,N2O4,UDMH,pump_fed_turbopump,UNKNOWN,UNKNOWN,1,UNSOURCED_PLACEHOLDER,low,SRC-SF101-ROKOT; SRC-WIKI-ROKOT
ENG-SU-RD-0236,RD-0236,FAM-RD-0233-0234-0235,,,SU,KBKhA,,NOT_AUDITED,,retired,missile; rcs,N2O4,UDMH,pump_fed_turbopump,gas_generator,SECONDARY_CLAIM,4,SOURCED,medium,SRC-SF101-ROKOT; SRC-WIKI-RD0236
ENG-SU-RD-0243,RD-0243,FAM-RD-0243-0244-0245,,,SU,KBKhA (OKB-154),,NOT_AUDITED,,operational,missile,N2O4,UDMH,UNKNOWN,UNKNOWN,UNKNOWN,,SOURCED,medium,SRC-WIKI-RD0243
ENG-SU-RD-0244,RD-0244,FAM-RD-0243-0244-0245,RD-0243 (module),,SU,KBKhA,,NOT_AUDITED,,operational,missile,N2O4,UDMH,pump_fed_turbopump,staged_combustion_ox_rich,SECONDARY_CLAIM,1,SOURCED,medium,SRC-WIKI-RD0243
ENG-SU-RD-0245,RD-0245,FAM-RD-0243-0244-0245,RD-0243 (module),,SU,KBKhA,,NOT_AUDITED,,operational,missile; rcs,N2O4,UDMH,pump_fed_turbopump,gas_generator,SECONDARY_CLAIM,,SOURCED,medium,SRC-WIKI-RD0243
ENG-RU-RD-0750,RD-0750,FAM-RD-0750,,,SU,KBKhA,KBKhA,1990s study,,proposed,booster,LOX,kerosene + LH2 (tripropellant),pump_fed_turbopump,UNKNOWN,UNKNOWN,1,UNSOURCED_PLACEHOLDER,low,
ENG-SU-RD-1,RD-1,FAM-RD-1-AIRCRAFT-BOOSTER,,,SU,OKB-SD Kazan (V. P. Glushko),OKB-SD Kazan (V. P. Glushko),1943-1946,,retired,aircraft_rocket,nitric acid,kerosene,pump_fed_turbopump,UNKNOWN,UNKNOWN,,UNSOURCED_PLACEHOLDER,medium,
ENG-SU-RD-1KHZ,RD-1KhZ,FAM-RD-1-AIRCRAFT-BOOSTER,RD-1,derivative,SU,OKB-SD Kazan (V. P. Glushko),OKB-SD Kazan (V. P. Glushko),1944-1946,,retired,aircraft_rocket,nitric acid,kerosene,pump_fed_turbopump,UNKNOWN,UNKNOWN,,UNSOURCED_PLACEHOLDER,medium,
ENG-SU-RD-100,RD-100,FAM-RD-100-V-2-LINEAGE,,,SU,OKB-456 (V. P. Glushko) / NPO Energomash,OKB-456 (V. P. Glushko) / NPO Energomash,1947-1950s,1948,retired,missile,LOX,ethanol-water,pump_fed_turbopump,separate_turbine_working_fluid,INFERRED,1,SOURCED,high,SRC-HISTORYRISE-GLUSHKO; SRC-KPI-GLUSHKO; SRC-PLANETARY-GLUSHKO
ENG-SU-RD-101,RD-101,FAM-RD-100-V-2-LINEAGE,RD-100,uprate,SU,OKB-456 (V. P. Glushko) / NPO Energomash,OKB-456 (V. P. Glushko) / NPO Energomash,1949-1950s,,retired,missile,LOX,ethanol-water,pump_fed_turbopump,separate_turbine_working_fluid,INFERRED,1,SOURCED,high,SRC-FAS-R2; SRC-KPI-GLUSHKO; SRC-PLANETARY-GLUSHKO
ENG-SU-RD-103,RD-103,FAM-RD-100-V-2-LINEAGE,RD-101,uprate,SU,OKB-456 (V. P. Glushko) / NPO Energomash,OKB-456 (V. P. Glushko) / NPO Energomash,1953-1955,,retired,missile,LOX,ethanol-water,pump_fed_turbopump,separate_turbine_working_fluid,INFERRED,1,SOURCED,high,SRC-PLANETARY-GLUSHKO
ENG-SU-RD-103M,RD-103M,FAM-RD-100-V-2-LINEAGE,RD-103,derivative,SU,OKB-456 (V. P. Glushko) / NPO Energomash,OKB-456 (V. P. Glushko) / NPO Energomash,1955-1960s,,retired,missile,LOX,ethanol-water,pump_fed_turbopump,separate_turbine_working_fluid,INFERRED,1,SOURCED,high,SRC-KPI-GLUSHKO
ENG-SU-RD-107,RD-107,FAM-RD-107-108,,baseline,SU,OKB-456 (V. P. Glushko) / NPO Energomash,Plant No. 24 / Kuibyshev (later Motorostroitel/Kuznetsov) - production attribution unverified,1954-1957 dev; flown 1957-,1957,retired,booster,LOX,kerosene,pump_fed_turbopump,separate_turbine_working_fluid,SECONDARY_CLAIM,4,SOURCED,high,SRC-IAC15-27909; SRC-WIKI-RD107
ENG-SU-RD-107-8D74K,RD-107 (8D74K),FAM-RD-107-108,RD-107,derivative,SU,OKB-456 (V. P. Glushko) / NPO Energomash,OKB-456 (V. P. Glushko) / NPO Energomash,1960s,,retired,booster,LOX,kerosene,pump_fed_turbopump,separate_turbine_working_fluid,INFERRED,4,SOURCED,low,SRC-WIKI-RD107
ENG-SU-RD-107MM,RD-107MM,FAM-RD-107-108,RD-107,uprate,SU,OKB-456 (V. P. Glushko) / NPO Energomash,OKB-456 (V. P. Glushko) / NPO Energomash,1960s-1970s,,retired,booster,LOX,kerosene,pump_fed_turbopump,separate_turbine_working_fluid,INFERRED,4,SOURCED,medium,SRC-WIKI-RD107
ENG-SU-RD-108,RD-108,FAM-RD-107-108,RD-107,stage_specific,SU,OKB-456 (V. P. Glushko) / NPO Energomash,OKB-456 (V. P. Glushko) / NPO Energomash,1954-1957 dev; flown 1957-,1957,retired,core; sustainer,LOX,kerosene,pump_fed_turbopump,separate_turbine_working_fluid,SECONDARY_CLAIM,4,SOURCED,high,SRC-WIKI-SPUTNIK-LV
ENG-SU-RD-108MM,RD-108MM,FAM-RD-107-108,RD-108,uprate,SU,OKB-456 (V. P. Glushko) / NPO Energomash,OKB-456 (V. P. Glushko) / NPO Energomash,1960s-1970s,,retired,core; sustainer,LOX,kerosene,pump_fed_turbopump,separate_turbine_working_fluid,INFERRED,4,SOURCED,medium,SRC-WIKI-RD107
ENG-SU-RD-117,RD-117,FAM-RD-107-108,RD-107,derivative,SU,OKB-456 (V. P. Glushko) / NPO Energomash,OKB-456 (V. P. Glushko) / NPO Energomash,1973-2017,,retired,booster,LOX,kerosene,pump_fed_turbopump,separate_turbine_working_fluid,INFERRED,4,SOURCED,high,SRC-GLOBALSEC-SOYUZU; SRC-SF101-SOYUZU; SRC-SKYROCKET-R7; SRC-WIKI-RD107
ENG-SU-RD-118,RD-118,FAM-RD-107-108,RD-108,derivative,SU,OKB-456 (V. P. Glushko) / NPO Energomash,OKB-456 (V. P. Glushko) / NPO Energomash,1973-2017,,retired,core; sustainer,LOX,kerosene,pump_fed_turbopump,separate_turbine_working_fluid,INFERRED,4,SOURCED,high,SRC-GLOBALSEC-SOYUZU; SRC-SKYROCKET-R7; SRC-WIKI-RD107
ENG-SU-RD-109,RD-109,FAM-RD-109-BLOCK-E-PROPOSAL,,,SU,OKB-456 (V. P. Glushko) / NPO Energomash,OKB-456 (V. P. Glushko) / NPO Energomash,1958,,cancelled,upper_stage,LOX,UNKNOWN,UNKNOWN,UNKNOWN,UNKNOWN,,SOURCED,medium,SRC-WIKI-RD0109
ENG-SU-RD-111,RD-111,FAM-RD-111,,,SU,OKB-456 (V. P. Glushko) / NPO Energomash,OKB-456 (V. P. Glushko) / NPO Energomash,1959-1960s,1961,retired,booster; missile,LOX,kerosene,pump_fed_turbopump,UNKNOWN,UNKNOWN,4,UNSOURCED_PLACEHOLDER,medium,SRC-WIKI-NK9
ENG-SU-RD-120,RD-120,FAM-RD-120,,,SU,OKB-456 (V. P. Glushko) / NPO Energomash,NPO Energomash; Yuzhmash licence production (unverified),1976-1985 dev; flown 1985-,1985,retired,upper_stage,LOX,kerosene,pump_fed_turbopump,staged_combustion_ox_rich,INFERRED,1,UNSOURCED_PLACEHOLDER,medium,
ENG-RU-RD-171M,RD-171M,FAM-RD-170,RD-171,block_upgrade,SU,NPO Energomash,NPO Energomash,2000s-; flown 2006-,2006,retired,booster; core,LOX,kerosene,pump_fed_turbopump,staged_combustion_ox_rich,SECONDARY_CLAIM,4,SOURCED,high,SRC-GLAVKOSMOS-RD171M; SRC-IAC13-20083; SRC-PATENT-RU2544684C1
ENG-RU-RD-171MV,RD-171MV,FAM-RD-170,RD-171M,derivative,SU,NPO Energomash,NPO Energomash,2010s-2026; first flight 2026,2026,operational,booster; core,LOX,kerosene,pump_fed_turbopump,staged_combustion_ox_rich,SECONDARY_CLAIM,4,SOURCED,high,SRC-FRONTIER-SOYUZ5; SRC-INTERFAX-RD171MV; SRC-WIKI-RD170; SRC-WIKI-SOYUZ5
ENG-RU-RD-180,RD-180,FAM-RD-170,RD-170,derivative,SU,NPO Energomash,NPO Energomash; marketed via RD AMROSS (US JV),1994-1999 dev; flown 2000-2024,2000,retired,booster; core,LOX,kerosene,pump_fed_turbopump,staged_combustion_ox_rich,SECONDARY_CLAIM,2,SOURCED,high,SRC-GLAVKOSMOS-RD180; SRC-KOD-RD180; SRC-NAKEDSCI-RAPTOR; SRC-PNP-RD180; SRC-PURDUE-RD180; SRC-SFN-RD180-2000; SRC-SFN-RD180-2002; SRC-SNOB-172276; SRC-SPACEFOUND-RUSENG; SRC-ULA-RD180-RECORD
ENG-RU-RD-180V,RD-180V,FAM-RD-170,RD-180,derivative,SU,NPO Energomash,NPO Energomash,2010s (proposed),,proposed,booster,LOX,kerosene,pump_fed_turbopump,staged_combustion_ox_rich,INFERRED,2,UNSOURCED_PLACEHOLDER,low,
ENG-RU-RD-181,RD-181,FAM-RD-170,RD-191,export,SU,NPO Energomash,NPO Energomash,2014-; flown 2016-2023,2016,retired,booster; core,LOX,kerosene,pump_fed_turbopump,staged_combustion_ox_rich,INFERRED,1,SOURCED,high,SRC-GLAVKOSMOS-RD181; SRC-RSW-RD181; SRC-WIKI-ANTARES
ENG-RU-RD-191,RD-191,FAM-RD-170,RD-170,derivative,SU,NPO Energomash,NPO Energomash; Proton-PM (Perm) production planned (news 2025),1998-2014 dev; flown 2014-,2014,operational,booster; core,LOX,kerosene,pump_fed_turbopump,staged_combustion_ox_rich,SECONDARY_CLAIM,1,SOURCED,high,SRC-RSW-RD191; SRC-RUWIKI-RD191; SRC-WIKI-RD191
ENG-RU-RD-191M,RD-191M,FAM-RD-170,RD-191,uprate,SU,NPO Energomash,NPO Energomash,2010s-2020s,,development,booster; core,LOX,kerosene,pump_fed_turbopump,staged_combustion_ox_rich,INFERRED,1,UNSOURCED_PLACEHOLDER,low,
ENG-RU-RD-193,RD-193,FAM-RD-170,RD-191,derivative,SU,NPO Energomash,NPO Energomash,2010s (development/tests),,cancelled,booster,LOX,kerosene,pump_fed_turbopump,staged_combustion_ox_rich,INFERRED,1,SOURCED,high,SRC-WIKI-RD191
ENG-SU-RD-170,RD-170,FAM-RD-170,,baseline,SU,OKB-456 (V. P. Glushko) / NPO Energomash,NPO Energomash (Khimki),1976-1985 dev; flown 1987-1988 (Energia),1987,retired,booster,LOX,kerosene,pump_fed_turbopump,staged_combustion_ox_rich,SECONDARY_CLAIM,4,SOURCED,high,SRC-GUINNESS-RD170; SRC-NAKEDSCI-RAPTOR; SRC-NTRS-19910018906; SRC-RSW-RD170; SRC-RUWIKI-RD191; SRC-SNOB-172276; SRC-WIKI-RD170
ENG-SU-RD-171,RD-171,FAM-RD-170,RD-170,stage_specific,SU,OKB-456 (V. P. Glushko) / NPO Energomash,NPO Energomash,1985-2000s,1985,retired,booster; core,LOX,kerosene,pump_fed_turbopump,staged_combustion_ox_rich,SECONDARY_CLAIM,4,SOURCED,high,SRC-RUWIKI-RD191; SRC-WIKI-RD170
ENG-SU-RD-214,RD-214,FAM-RD-21X,,,SU,OKB-456 (V. P. Glushko) / NPO Energomash,OKB-456 (V. P. Glushko) / NPO Energomash,dev 1952-1957; serial Perm Nov 1958 - Jul 1972 (Cyclowiki),,retired,booster; missile,AK-27I,TM-185,pump_fed_turbopump,gas_generator,SECONDARY_CLAIM,4,UNSOURCED_PLACEHOLDER,medium,SRC-CYCLOWIKI-RD214; SRC-WIKI-ENERGOMASH; SRC-WIKI-RD214
ENG-SU-RD-215,RD-215,FAM-RD-21X,,baseline,SU,OKB-456 (Glushko),OKB-456,NOT_AUDITED,,retired,missile,AK-27,UDMH,pump_fed_turbopump,UNKNOWN,UNKNOWN,2,SOURCED,medium,SRC-WIKI-RD215
ENG-SU-RD-216,RD-216,FAM-RD-21X,RD-215,stage_specific,SU,OKB-456 (V. P. Glushko) / NPO Energomash,OKB-456 (V. P. Glushko) / NPO Energomash,1958-1961,,retired,booster; missile,AK-27I,UDMH,pump_fed_turbopump,gas_generator,UNKNOWN,4,UNSOURCED_PLACEHOLDER,medium,SRC-WIKI-RD215
ENG-SU-RD-217,RD-217,FAM-RD-21X,RD-215,derivative,SU,OKB-456 (Glushko),OKB-456,NOT_AUDITED,,retired,missile,AK-27I (per family; unverified),UDMH,UNKNOWN,UNKNOWN,UNKNOWN,,SOURCED,medium,SRC-WIKI-RD215
ENG-SU-RD-218,RD-218,FAM-RD-21X,RD-217,stage_specific,SU,OKB-456 (V. P. Glushko) / NPO Energomash,OKB-456 (V. P. Glushko) / NPO Energomash,1958-1961,,retired,missile,AK-27I,UDMH,pump_fed_turbopump,gas_generator,UNKNOWN,6,UNSOURCED_PLACEHOLDER,medium,SRC-WIKI-RD215
ENG-SU-RD-219,RD-219,FAM-RD-21X,,,SU,OKB-456 (V. P. Glushko) / NPO Energomash,OKB-456 (V. P. Glushko) / NPO Energomash,1958-1961,,retired,missile,AK-27I,UDMH,pump_fed_turbopump,gas_generator,UNKNOWN,2,UNSOURCED_PLACEHOLDER,medium,SRC-WIKI-RD215
ENG-RU-RD-275,RD-275,FAM-RD-253-275,RD-253,uprate,SU,NPO Energomash,NPO Energomash,1987-1993 dev; flown 1995-,1995,retired,booster,N2O4,UDMH,pump_fed_turbopump,staged_combustion_ox_rich,SECONDARY_CLAIM,1,SOURCED,high,SRC-RSW-RD253; SRC-WIKI-RD253
ENG-RU-RD-275M,RD-275M,FAM-RD-253-275,RD-275,uprate,SU,NPO Energomash,NPO Energomash,2000s; flown 2007-,2007,operational,booster,N2O4,UDMH,pump_fed_turbopump,staged_combustion_ox_rich,SECONDARY_CLAIM,1,SOURCED,high,SRC-ILS-PMPG-A; SRC-WIKI-RD253
ENG-SU-RD-253,RD-253,FAM-RD-253-275,,baseline,SU,OKB-456 (V. P. Glushko) / NPO Energomash,Proton-PM (Perm) - production attribution unverified,1961-1965 dev; flown 1965-,1965,retired,booster,N2O4,UDMH,pump_fed_turbopump,staged_combustion_ox_rich,SECONDARY_CLAIM,1,SOURCED,high,SRC-RSW-RD253; SRC-WIKI-RD253
ENG-SU-RD-250,RD-250,FAM-RD-25X,,baseline,SU,OKB-456 (Glushko),OKB-456 / Yuzhmash (unverified),NOT_AUDITED,,retired,booster; missile,N2O4,UDMH,pump_fed_turbopump,gas_generator,SECONDARY_CLAIM,2,SOURCED,medium,SRC-FAKTY-TURCHYNOV; SRC-RSW-RD250; SRC-WIKI-RD250
ENG-SU-RD-251,RD-251,FAM-RD-25X,RD-250,stage_specific,SU,OKB-456 (V. P. Glushko) / NPO Energomash,OKB-456 (V. P. Glushko) / NPO Energomash,1962-1966,,retired,missile,N2O4,UDMH,pump_fed_turbopump,gas_generator,UNKNOWN,6,UNSOURCED_PLACEHOLDER,medium,SRC-WIKI-RD250
ENG-SU-RD-252,RD-252,FAM-RD-25X,RD-250,vacuum_variant,SU,OKB-456 (V. P. Glushko) / NPO Energomash,OKB-456 (V. P. Glushko) / NPO Energomash,1962-1966,,retired,missile,N2O4,UDMH,pump_fed_turbopump,gas_generator,UNKNOWN,2,UNSOURCED_PLACEHOLDER,medium,SRC-WIKI-RD250
ENG-SU-RD-261,RD-261,FAM-RD-25X,RD-250PM,stage_specific,SU,OKB-456 (V. P. Glushko) / NPO Energomash,OKB-456 (V. P. Glushko) / NPO Energomash,1960s-2009,,retired,booster,N2O4,UDMH,pump_fed_turbopump,gas_generator,UNKNOWN,6,UNSOURCED_PLACEHOLDER,medium,SRC-WIKI-RD250; SRC-YUZHMASH-RD261
ENG-SU-RD-262,RD-262,FAM-RD-25X,RD-250,vacuum_variant,SU,OKB-456 (V. P. Glushko) / NPO Energomash,OKB-456 (V. P. Glushko) / NPO Energomash,1960s-2009,,retired,upper_stage,N2O4,UDMH,pump_fed_turbopump,gas_generator,UNKNOWN,2,UNSOURCED_PLACEHOLDER,medium,SRC-FAKTY-TURCHYNOV; SRC-WIKI-RD250
ENG-SU-RD-263,RD-263,FAM-RD-26X,,baseline,SU,OKB-456 (V. P. Glushko) / NPO Energomash,OKB-456 (V. P. Glushko) / NPO Energomash,1969-,,retired,missile,N2O4,UDMH,pump_fed_turbopump,staged_combustion_ox_rich,SECONDARY_CLAIM,1,SOURCED,low,SRC-WIKI-RD263
ENG-SU-RD-264,RD-264,FAM-RD-26X,RD-263,stage_specific,SU,OKB-456 (V. P. Glushko) / NPO Energomash,OKB-456 (V. P. Glushko) / NPO Energomash,1969-1975,,retired,booster; missile,N2O4,UDMH,pump_fed_turbopump,staged_combustion_ox_rich,INFERRED,4,UNSOURCED_PLACEHOLDER,medium,SRC-SKYROCKET-R36M; SRC-WIKI-RD263
ENG-SU-RD-268,RD-268,FAM-RD-26X,,,SU,OKB-456 (V. P. Glushko) / NPO Energomash,OKB-456 (V. P. Glushko) / NPO Energomash,1970s,,retired,missile,N2O4,UDMH,pump_fed_turbopump,staged_combustion_ox_rich,INFERRED,4,SOURCED,low,SRC-WIKI-RD263
ENG-SU-RD-270,RD-270,FAM-RD-270,,baseline,SU,OKB-456 (V. P. Glushko) / NPO Energomash,OKB-456 (V. P. Glushko) / NPO Energomash,1962-1968 (infobox) / 1960-1970 (text),,cancelled,booster,N2O4,UDMH,pump_fed_turbopump,full_flow_staged_combustion,SECONDARY_CLAIM,1,SOURCED,high,SRC-WIKI-RD270
ENG-SU-RD-301,RD-301,FAM-RD-301,,,SU,OKB-456 (V. P. Glushko) / NPO Energomash,OKB-456 (V. P. Glushko) / NPO Energomash,1969-1977 dev,,cancelled,upper_stage,LF2,NH3,pump_fed_turbopump,UNKNOWN,UNKNOWN,1,UNSOURCED_PLACEHOLDER,medium,
ENG-SU-RD-56,RD-56,FAM-RD-56-KVD-1,,,SU,OKB-2 / KB KhimMash (A. M. Isayev),OKB-2 / KB KhimMash (A. M. Isayev),dev 1965-1972 (Wiki) / 1962-1974 (NPOEM PDF),,cancelled,upper_stage,LOX,LH2,pump_fed_turbopump,staged_combustion_fuel_rich,SECONDARY_CLAIM,1,UNSOURCED_PLACEHOLDER,medium,SRC-ESA-KVD1-11D56; SRC-WIKI-KVD1
ENG-RU-11D58MF,11D58MF,FAM-RD-58-11D58,11D58M,derivative,SU,RSC Energia,RSC Energia,1990s-,,operational,upper_stage,LOX,kerosene / synthin,pump_fed_turbopump,staged_combustion_ox_rich,UNKNOWN,1,SOURCED,medium,SRC-SSAU-2587
ENG-SU-11D58,11D58,FAM-RD-58-11D58,,,SU,OKB-1 / NPO Energia,OKB-1 / NPO Energia,1960s-; flown 1967-,1967,retired,upper_stage,LOX,kerosene,pump_fed_turbopump,staged_combustion_ox_rich,UNKNOWN,1,SOURCED,high,SRC-WIKI-RD58
ENG-SU-11D58M,11D58M,FAM-RD-58-11D58,11D58,block_upgrade,SU,NPO Energia,NPO Energia,1970s-; flown 1974-,,retired,upper_stage,LOX,kerosene,pump_fed_turbopump,staged_combustion_ox_rich,UNKNOWN,1,SOURCED,medium,SRC-ASTRONAUTIX-RD58; SRC-SSAU-2587; SRC-WIKI-RD58
ENG-RU-RD-701,RD-701,FAM-RD-701-704-TRIPROPELLANT,,,SU,NPO Energomash,NPO Energomash,1980s-1990s study,,cancelled,booster,LOX,kerosene + LH2 (tripropellant),pump_fed_turbopump,UNKNOWN,UNKNOWN,2,UNSOURCED_PLACEHOLDER,medium,
ENG-RU-RD-704,RD-704,FAM-RD-701-704-TRIPROPELLANT,RD-701,derivative,SU,NPO Energomash,NPO Energomash,1990s study,,proposed,booster,LOX,kerosene + LH2 (tripropellant),pump_fed_turbopump,UNKNOWN,UNKNOWN,1,UNSOURCED_PLACEHOLDER,low,
ENG-UA-RD-855,RD-855,FAM-YUZHNOYE-RD-8XX,,,SU/UA,KB Yuzhnoye (Dnipro),KB Yuzhnoye (Dnipro),1960s-2009,,retired,booster; rcs,N2O4,UDMH,pump_fed_turbopump,UNKNOWN,UNKNOWN,4,UNSOURCED_PLACEHOLDER,low,
ENG-UA-RD-861,RD-861,FAM-YUZHNOYE-RD-8XX,,,SU/UA,KB Yuzhnoye (Dnipro),Yuzhmash,1970s-2009,,retired,upper_stage,N2O4,UDMH,pump_fed_turbopump,gas_generator,UNKNOWN,1,SOURCED,medium,SRC-WIKI-RD861
ENG-UA-RD-8,RD-8,FAM-RD-8,,,UA,KB Yuzhnoye (Dnipro),Yuzhmash,1970s-1985 dev; flown 1985-,1985,retired,rcs; upper_stage,LOX,kerosene,pump_fed_turbopump,staged_combustion_ox_rich,SECONDARY_CLAIM,4,SOURCED,medium,SRC-WIKI-RD8; SRC-YUZHMASH-RD8; SRC-YUZHNOYE-LPRE-BROCHURE
ENG-UA-RD-801,RD-801,FAM-YUZHNOYE-RD-8XX,,,UA,KB Yuzhnoye (Dnipro),KB Yuzhnoye (Dnipro),2010s-,,development,booster,LOX,kerosene,pump_fed_turbopump,UNKNOWN,UNKNOWN,1,UNSOURCED_PLACEHOLDER,low,
ENG-UA-RD-810,RD-810,FAM-YUZHNOYE-RD-8XX,,,UA,KB Yuzhnoye (Dnipro),KB Yuzhnoye (Dnipro),2010s-,,development,booster,LOX,kerosene,pump_fed_turbopump,UNKNOWN,UNKNOWN,1,UNSOURCED_PLACEHOLDER,low,
ENG-UA-RD-843,RD-843,FAM-YUZHNOYE-RD-8XX,,,UA,KB Yuzhnoye (Dnipro),Yuzhmash,2000s-; flown 2012-,2012,operational,upper_stage,N2O4,UDMH,pressure_fed_unspecified,none_pressure_fed,UNKNOWN,1,SOURCED,medium,SRC-YUZHNOYE-LPRE-BROCHURE
ENG-UA-RD-861K,RD-861K,FAM-YUZHNOYE-RD-8XX,RD-861,derivative,UA,KB Yuzhnoye (Dnipro),KB Yuzhnoye (Dnipro),2000s-2010s,,development,upper_stage,N2O4,UDMH,pump_fed_turbopump,gas_generator,UNKNOWN,1,SOURCED,medium,SRC-YUZHMASH-RD861K; SRC-YUZHNOYE-RD861K
ENG-UA-RD-870,RD-870,FAM-YUZHNOYE-RD-8XX,,,UA,KB Yuzhnoye (Dnipro),KB Yuzhnoye (Dnipro),2010s-,,development,booster,LOX,kerosene,pump_fed_turbopump,staged_combustion_ox_rich,INFERRED,1,SOURCED,low,SRC-RSW-RD870
ENG-UA-RD-864,RD-864,FAM-YUZHNOYE-RD-8XX,,,UA (Soviet-era Yuzhnoye),Yuzhnoye,,NOT_AUDITED,,retired,upper_stage,UNKNOWN,UNKNOWN,UNKNOWN,UNKNOWN,UNKNOWN,,SOURCED,medium,SRC-WIKI-RD864
ENG-US-E2,E2,FAM-ABL-E2,,,US,ABL Space Systems (now Long Wall),ABL Space Systems (now Long Wall),,2023,retired,booster; upper_stage,LOX,RP-1 / Jet-A,pump_fed_turbopump,UNKNOWN,UNKNOWN,1,SOURCED,high,SRC-SFN-RS1-2023; SRC-WIKI-RS1
ENG-US-E2-VACUUM,E2 Vacuum,FAM-ABL-E2,E2,vacuum_variant,US,ABL Space Systems,ABL Space Systems,,2023,retired,upper_stage,LOX,RP-1 / Jet-A,pump_fed_turbopump,UNKNOWN,UNKNOWN,1,SOURCED,high,SRC-WIKI-RS1
ENG-US-AEON-1,Aeon 1,FAM-AEON,,,US,Relativity Space,Relativity Space,,2023,retired,booster; upper_stage,LOX,LCH4,pump_fed_turbopump,UNKNOWN,UNKNOWN,1,SOURCED,high,SRC-AIRPORTTECH-TERRAN1; SRC-SFN-TERRAN1-2023; SRC-SPACEBUCKET-AEON; SRC-WIKI-AEONR
ENG-US-AEON-R,Aeon R,FAM-AEON,,,US,Relativity Space,Relativity Space,,,development,booster,LOX,LCH4,pump_fed_turbopump,gas_generator,REPORTED,1,SOURCED,high,SRC-RELATIVITY-PR-2023-04-12; SRC-RELATIVITY-PR-2025-03-07; SRC-WIKI-AEONR
ENG-US-AEON-VAC,Aeon Vac,FAM-AEON,Aeon 1,vacuum_variant,US,Relativity Space,Relativity Space,,2023,retired,upper_stage,LOX,LCH4,pump_fed_turbopump,UNKNOWN,UNKNOWN,1,SOURCED,high,SRC-AIRPORTTECH-TERRAN1; SRC-SPACEBUCKET-AEON
ENG-US-AEON-VAC-TERRAN-R,Aeon Vac (Terran R second stage),FAM-AEON,Aeon R,vacuum_variant,US,Relativity Space,Relativity Space,,,development,upper_stage,LOX,LCH4,pump_fed_turbopump,gas_generator,INFERRED,1,SOURCED,medium,SRC-RELATIVITY-PR-2023-04-12; SRC-RELATIVITY-PR-2025-03-07; SRC-WIKI-AEONR
ENG-US-AETHER,Aether,FAM-AETHER,,,US,Astra,Astra,flown 2020-2022,,retired,upper_stage,LOX,RP-1 (not confirmed),pressure_fed_unspecified,none_pressure_fed,SECONDARY_CLAIM,1,SOURCED,high,SRC-WIKI-ASTRA-ROCKET
ENG-US-A110,A110,FAM-AGILE,,,US,Agile Space Industries,Agile Space Industries,,,operational,rcs,NOT_REPORTED,NOT_REPORTED,pressure_fed_unspecified,none_pressure_fed,INFERRED,1,SOURCED,medium,SRC-3DADEPT-AGILE
ENG-US-A2200,A2200,FAM-AGILE,,,US,Agile Space Industries,Agile Space Industries,,,development,lander_descent; spacecraft_main,NOT_REPORTED,NOT_REPORTED,pressure_fed_unspecified,none_pressure_fed,INFERRED,1,SOURCED,medium,SRC-3DADEPT-AGILE; SRC-DEFENSEDAILY-AGILE
ENG-US-DS250,DS250,FAM-AGILE,,,US,Agile Space Industries,Agile Space Industries,,,development,orbital_maneuver,NOT_REPORTED,NOT_REPORTED,pressure_fed_unspecified,none_pressure_fed,INFERRED,1,SOURCED,medium,SRC-METALAM-AGILE-NYX
ENG-US-AJ10-101,AJ10-101,FAM-AJ10,AJ10-37,derivative,US,Aerojet (Aerojet-General),Aerojet (Aerojet-General),,1958,retired,upper_stage,HNO3,UDMH,pressure_fed_unspecified,none_pressure_fed,INFERRED,1,SOURCED,medium,SRC-WIKI-AJ10
ENG-US-AJ10-104,AJ10-104,FAM-AJ10,AJ10-101,derivative,US,Aerojet (Aerojet-General),Aerojet (Aerojet-General),,1960,retired,upper_stage,HNO3,UDMH,pressure_fed_unspecified,none_pressure_fed,INFERRED,1,SOURCED,medium,SRC-WIKI-AJ10
ENG-US-AJ10-104D,AJ10-104D,FAM-AJ10,AJ10-104,derivative,US,Aerojet (Aerojet-General),Aerojet (Aerojet-General),,1963,retired,upper_stage,HNO3,UDMH,pressure_fed_unspecified,none_pressure_fed,INFERRED,1,SOURCED,medium,SRC-WIKI-AJ10
ENG-US-AJ10-118,AJ10-118,FAM-AJ10,AJ10-101,derivative,US,Aerojet (Aerojet-General),Aerojet (Aerojet-General),,1960,retired,upper_stage,HNO3,UDMH,pressure_fed_unspecified,none_pressure_fed,INFERRED,1,SOURCED,medium,SRC-WIKI-AJ10
ENG-US-AJ10-118A,AJ10-118A,FAM-AJ10,AJ10-118,derivative,US,Aerojet (Aerojet-General),Aerojet (Aerojet-General),,,retired,upper_stage,HNO3,UDMH,pressure_fed_unspecified,none_pressure_fed,INFERRED,1,SOURCED,low,SRC-WIKI-AJ10
ENG-US-AJ10-118D,AJ10-118D,FAM-AJ10,AJ10-118,derivative,US,Aerojet (Aerojet-General),Aerojet (Aerojet-General),,,retired,upper_stage,HNO3,UDMH,pressure_fed_unspecified,none_pressure_fed,INFERRED,1,SOURCED,low,SRC-WIKI-AJ10
ENG-US-AJ10-118E,AJ10-118E,FAM-AJ10,AJ10-118,derivative,US,Aerojet (Aerojet-General),Aerojet (Aerojet-General),,,retired,upper_stage,HNO3,UDMH,pressure_fed_unspecified,none_pressure_fed,INFERRED,1,SOURCED,low,SRC-WIKI-AJ10
ENG-US-AJ10-118F,AJ10-118F,FAM-AJ10,AJ10-118,derivative,US,Aerojet (Aerojet-General),Aerojet (Aerojet-General),,,retired,upper_stage,N2O4,Aerozine-50,pressure_fed_unspecified,none_pressure_fed,INFERRED,1,UNSOURCED_PLACEHOLDER,low,
ENG-US-AJ10-118K,AJ10-118K,FAM-AJ10,AJ10-118F,derivative,US,Aerojet (Aerojet-General),Aerojet (Aerojet-General),,1989,retired,upper_stage,N2O4,Aerozine-50,pressure_fed_unspecified,none_pressure_fed,INFERRED,1,SOURCED,high,SRC-SPACENEWS-AJ10118K; SRC-WIKI-DELTAK
ENG-US-AJ10-137,AJ10-137,FAM-AJ10,,derivative,US,Aerojet-General,Aerojet-General,dev 1962-; flown 1966-1975,1966,retired,orbital_maneuver; spacecraft_main,N2O4,Aerozine-50,pressure_fed_regulated,none_pressure_fed,INFERRED,1,SOURCED,high,SRC-AEROJET-SPSVALVE-1971; SRC-APOLLO9-SPS-FFE; SRC-DTIC-AD0368743; SRC-EH-RPE0931; SRC-JAXA-TND7375; SRC-NASA-ALSJ-AERINDEX; SRC-NASA-TND7375; SRC-NTRS-19740022190; SRC-NTRS-20100027319
ENG-US-AJ10-138,AJ10-138,FAM-AJ10,AJ10-118,derivative,US,Aerojet (Aerojet-General),Aerojet (Aerojet-General),,1964,retired,upper_stage,N2O4,Aerozine-50,pressure_fed_unspecified,none_pressure_fed,INFERRED,1,UNSOURCED_PLACEHOLDER,medium,
ENG-US-AJ10-190,AJ10-190,FAM-AJ10,,derivative,US,Aerojet,Aerojet,flown 1981-2011,1981,retired,orbital_maneuver,N2O4 (MON-3 per some sources),MMH,pressure_fed_regulated,none_pressure_fed,INFERRED,1,SOURCED,high,SRC-NTRS-19740026212; SRC-WIKI-OMS
ENG-US-AJ10-37,AJ10-37,FAM-AJ10,,baseline,US,Aerojet (Aerojet-General),Aerojet (Aerojet-General),,1958,retired,upper_stage,HNO3 (WIFNA per background),UDMH,pressure_fed_unspecified,none_pressure_fed,INFERRED,1,SOURCED,medium,SRC-WIKI-AJ10
ENG-US-AJ10-42,AJ10-42,FAM-AJ10,AJ10-37,derivative,US,Aerojet (Aerojet-General),Aerojet (Aerojet-General),,1959,retired,upper_stage,HNO3,UDMH,pressure_fed_unspecified,none_pressure_fed,INFERRED,1,SOURCED,medium,SRC-WIKI-AJ10
ENG-US-OMS-E-ORION-ESM,OMS-E (Orion ESM),FAM-AJ10,AJ10-190,derivative,US,Aerojet Rocketdyne (refurbished at NASA WSTF),Aerojet,Artemis I 2022; Artemis II-,2022,operational,spacecraft_main,MON-3,MMH,pressure_fed_regulated,none_pressure_fed,INFERRED,1,SOURCED,high,SRC-DLA-ORION; SRC-ESA-BLOG-ART2ENG; SRC-ESA-ESMPROP; SRC-NTRS-20240003648; SRC-SFN-OMSE2017
ENG-US-ANDROMEDA,Andromeda,FAM-ANDROMEDA,,,US,Stoke Space,Stoke Space,,,development,upper_stage,LOX,LH2,UNKNOWN,UNKNOWN,UNKNOWN,,SOURCED,medium,SRC-SACRA-STOKE; SRC-SPACECOM-STOKE-2026
ENG-US-AR1,AR1,FAM-AR1,,,US,Aerojet Rocketdyne,Aerojet Rocketdyne,2015 CDR milestone; qualification targeted 2019,,cancelled,booster,LOX,RP-1,pump_fed_turbopump,staged_combustion_ox_rich,REPORTED,1,SOURCED,high,SRC-AR-AR1-CDR-2015; SRC-IAC17-AR1
ENG-US-ARROWAY,Arroway,FAM-ARROWAY,,,US,Ursa Major,Ursa Major,,,development,booster,LOX,LCH4,pump_fed_turbopump,UNKNOWN,UNKNOWN,1,SOURCED,high,SRC-SATTODAY-ARROWAY-2022
ENG-US-BE-1,BE-1,FAM-BE-1,,baseline,US,Blue Origin,Blue Origin,,,retired,experimental; test_bed,none(mono),HTP,pressure_fed_unspecified,none_pressure_fed,INFERRED,1,SOURCED,high,SRC-BLUE-ENGINES; SRC-WIKI-BE3
ENG-US-BE-2,BE-2,FAM-BE-2,,baseline,US,Blue Origin,Blue Origin,,,retired,experimental; test_bed,HTP,kerosene,UNKNOWN,UNKNOWN,UNKNOWN,1,SOURCED,high,SRC-BLUE-ENGINES; SRC-WIKI-BE3
ENG-US-BE-3PM,BE-3PM,FAM-BE-3,BE-3,baseline,US,Blue Origin,Blue Origin,New Shepard; operational 2026-10 (status of New Shepard flights in 2026 NOT_AUDITED),,operational,booster,LOX,LH2,pump_fed_turbopump,tap_off,REPORTED,1,SOURCED,high,SRC-BLUE-2013-BE3-RELEASE; SRC-BLUE-BE3-ACCEPT; SRC-BLUE-BE3-DEBUT; SRC-BLUE-ENGINES; SRC-BLUE-ENGINES-PAGE
ENG-US-BE-3U,BE-3U,FAM-BE-3,BE-3PM,vacuum_variant,US,Blue Origin,Blue Origin,"New Glenn GS2; first flight 2025 (NG-1, analyst knowledge)",,operational,upper_stage,LOX,LH2,pump_fed_turbopump,expander_bleed,REPORTED,1,SOURCED,high,SRC-BLUE-ENGINES; SRC-BLUE-ENGINES-PAGE; SRC-BLUE-NEWGLENN-PAGE; SRC-BLUE-NEWS-BE3U-MISC; SRC-BLUE-NG-UPGRADE; SRC-BLUE-PRESS-BE3U-UPDATES
ENG-US-BE-4,BE-4,FAM-BE-4,,baseline,US,Blue Origin,Blue Origin,"development from 2012; flown on Vulcan and New Glenn (first flights 2024/2025, analyst knowledge, unverified here)",,operational,booster,LOX,LNG,pump_fed_turbopump,staged_combustion_ox_rich,REPORTED,1,SOURCED,high,SRC-BLUE-ENGINES; SRC-BLUE-ENGINES-PAGE; SRC-BLUE-NEWGLENN-PAGE; SRC-BLUE-PRESS-BE4-EARLY; SRC-BLUE-ULA-PARTNERSHIP; SRC-BLUE-VULCAN-DELIVERY
ENG-US-BE-7,BE-7,FAM-BE-7,,baseline,US,Blue Origin,Blue Origin,in test (Blue Moon MK1/MK2 lander),,development,lander_descent,NOT_AUDITED,NOT_AUDITED,pump_fed_turbopump,expander_closed,REPORTED,1,SOURCED,high,SRC-BLUE-BE7-TEST; SRC-BLUE-ENGINES
ENG-US-COBRA,COBRA,FAM-COBRA,,,US,Pratt & Whitney / Aerojet,Pratt & Whitney / Aerojet,2000-2002,,cancelled,demonstrator,LOX,LH2,pump_fed_turbopump,staged_combustion_fuel_rich,INFERRED,,UNSOURCED_PLACEHOLDER,low,
ENG-US-XF30L20000,XF30L20000,FAM-CORPORAL,,,US,JPL / Firestone (Ryan built engines later) - manufacturer UNKNOWN in sources seen,JPL / Firestone (Ryan built engines later) - manufacturer UNKNOWN in sources seen,concept 1944; missile deployed 1950s,,retired,missile,RFNA,aniline,pressure_fed_unspecified,none_pressure_fed,INFERRED,1,SOURCED,low,SRC-CALTECH-THESIS310; SRC-FAS-CORPORAL; SRC-WIKI-CORPORALE
ENG-US-DELPHIN,Delphin,FAM-DELPHIN,,,US,Astra,Astra,2012- (SALVO origin); flown 2020-2022,,retired,booster,LOX,RP-1 (kerosene; propellant not confirmed this session),pump_fed_electric,electric_pump,SECONDARY_CLAIM,1,SOURCED,high,SRC-ASTRA-R31-PRESSKIT; SRC-SFN-ASTRA-2021-08; SRC-SKYROCKET-ASTRA-R3; SRC-WIKI-ASTRA-ROCKET; SRC-WIKI-EPUMP
ENG-US-DRACO,Draco,FAM-DRACO,,baseline,US,SpaceX,SpaceX,,,operational,orbital_maneuver; rcs; spacecraft_main,NTO,MMH,pressure_fed_unspecified,none_pressure_fed,INFERRED,1,SOURCED,high,SRC-UC-OLLI-DRAGON; SRC-WIKI-DRACO; SRC-WIKI-DRAGON2
ENG-US-SUPERDRACO,SuperDraco,FAM-DRACO,Draco,derivative,US,SpaceX,SpaceX,,,operational,other,NTO,MMH,pressure_fed_unspecified,none_pressure_fed,INFERRED,1,SOURCED,high,SRC-SPACEX-SUPERDRACO-QUAL-2014; SRC-WIKI-DRAGON2; SRC-WIKI-SUPERDRACO
ENG-US-F-1,F-1,FAM-F-1,,baseline,US,Rocketdyne,Rocketdyne,1957 dev start; flown 1967-1973,1967,retired,booster,LOX,RP-1,pump_fed_turbopump,gas_generator,SECONDARY_CLAIM,1,SOURCED,high,SRC-APOLLOMANIACS-F1; SRC-AWESOMESTORIES-F1NASA; SRC-ENGINEHISTORY-F1; SRC-ENGINEHISTORY-RPE0812; SRC-MSFC-SATURNV-FLIGHTMANUAL; SRC-NASM-F1; SRC-PURDUE-F1; SRC-RRAUCTION-F1MANUALS; SRC-STEVEBLOG-F1GG; SRC-WIKI-F1; SRC-WIKIARCHIVES-MSFC-F1; SRC-WIKIDERIV-F1
ENG-US-F-1A,F-1A,FAM-F-1,F-1,uprate,US,Rocketdyne (North American Aviation),Rocketdyne (North American Aviation),1960s dev; never flown,,cancelled,booster,LOX,RP-1,pump_fed_turbopump,gas_generator,INFERRED,1,SOURCED,high,SRC-WIKI-F1; SRC-WIKI2007-F1
ENG-US-FRONTIER-DSE,Frontier Deep Space Engine (DSE) / Peregrine main engine,FAM-FRONTIER-DSE,,,US,Frontier Aerospace,Frontier Aerospace,,2024,retired,lander_descent; spacecraft_main,MON-25,MMH,pressure_fed_unspecified,none_pressure_fed,INFERRED,1,SOURCED,medium,SRC-AIRPORTTECH-PEREGRINE; SRC-NASA-TALOS; SRC-SATNEWS-FRONTIER-2018; SRC-SPACENEWS-79146
ENG-US-GEMINI-OAMS-100-LBF-THRUSTER,Gemini OAMS 100 lbf thruster,FAM-GEMINI-OAMS,,,US,Rocketdyne,Rocketdyne (NAA),contract 1962; flown 1965-1966,1965,retired,orbital_maneuver; rcs,N2O4,MMH,pressure_fed_regulated,none_pressure_fed,INFERRED,1,SOURCED,low,SRC-NASM-OAMS; SRC-WIKI-OAMS
ENG-US-SE-6,SE-6,FAM-GEMINI-OAMS,,,US,Rocketdyne,Rocketdyne (NAA),flown 1965-1966,1965,retired,rcs,N2O4,MMH,pressure_fed_regulated,none_pressure_fed,INFERRED,1,SOURCED,medium,SRC-HA-SE6; SRC-NASM-GEMRCS; SRC-NASM-OAMS
ENG-US-GODDARD-1926-LIQUID-ROCKET-MOTOR,Goddard 1926 liquid rocket motor,FAM-GODDARD,,,US,Robert H. Goddard,Robert H. Goddard,1921-1926 dev; flown 16 Mar 1926,1926,retired,experimental,LOX,gasoline,pressure_fed_unspecified,none_pressure_fed,SECONDARY_CLAIM,1,SOURCED,high,SRC-APS-GODDARD; SRC-NPS-GODDARD
ENG-US-GODDARD-P-SERIES-PUMP-FED-ENGINE,Goddard P-series pump-fed engine,FAM-GODDARD,,,US,"Robert H. Goddard (Roswell, NM)","Robert H. Goddard (Roswell, NM)",Jan 1939 - Oct 1941 tests,1940,retired,experimental,LOX,gasoline,pump_fed_turbopump,gas_generator,SECONDARY_CLAIM,1,SOURCED,medium,SRC-CLARK-GODDARD; SRC-NASM-GODDARD-PUMP
ENG-US-GR-1,GR-1,FAM-GR-AF-M315E,,,US,Aerojet Rocketdyne,Aerojet Rocketdyne,,2019,experimental,rcs,none(mono),"AF-M315E (ASCENT, HAN-based)",pressure_fed_blowdown,none_pressure_fed,INFERRED,1,SOURCED,high,SRC-IAC15-31185; SRC-NASA-GPIM-FACTSHEET; SRC-NTRS-20140016838; SRC-NTRS-20170001286
ENG-US-GR-22,GR-22,FAM-GR-AF-M315E,,,US,Aerojet Rocketdyne,Aerojet Rocketdyne,,,experimental,orbital_maneuver; rcs,none(mono),"AF-M315E (ASCENT, HAN-based)",pressure_fed_blowdown,none_pressure_fed,INFERRED,1,SOURCED,high,SRC-NASA-GPIM-FACTSHEET; SRC-NTRS-20140016838; SRC-NTRS-20170001286
ENG-US-H-1,H-1,FAM-H-1,,,US,Rocketdyne,Rocketdyne,NOT_AUDITED,,retired,booster,LOX,RP-1,pump_fed_turbopump,gas_generator,REPORTED,1,SOURCED,medium,SRC-NASM-H1; SRC-NTRS-19650013470; SRC-PURDUE-H1; SRC-WIKI-H1
ENG-US-H-1-165K,H-1 (165K),FAM-H-1,S-3D,baseline,US,Rocketdyne (North American Aviation),Rocketdyne (North American Aviation),,1961,retired,booster,LOX,RP-1,pump_fed_turbopump,gas_generator,INFERRED,1,SOURCED,medium,SRC-GLOBALSEC-SATURNIB; SRC-WIKI-H1
ENG-US-H-1-188K,"H-1 (188,000 lbf rating)",FAM-H-1,H-1,baseline,US,Rocketdyne,Rocketdyne,NOT_AUDITED,,retired,booster,LOX,RP-1,pump_fed_turbopump,gas_generator,REPORTED,1,SOURCED,medium,SRC-NASA-ALSJ-CSM02; SRC-NASM-H1; SRC-NTRS-19650013470; SRC-PURDUE-H1; SRC-WIKI-H1
ENG-US-H-1-200K,"H-1 (200,000 lbf rating)",FAM-H-1,H-1,uprate,US,Rocketdyne,Rocketdyne,NOT_AUDITED,,retired,booster,LOX,RP-1,pump_fed_turbopump,gas_generator,REPORTED,1,SOURCED,medium,SRC-GLOBALSEC-SATURNIB; SRC-NASM-H1; SRC-NTRS-19650013470; SRC-PURDUE-H1; SRC-WIKI-H1
ENG-US-H-1-205K,"H-1 (205,000 lbf rating)",FAM-H-1,H-1,uprate,US,Rocketdyne,Rocketdyne,NOT_AUDITED,,retired,booster,LOX,RP-1,pump_fed_turbopump,gas_generator,REPORTED,1,SOURCED,medium,SRC-GLOBALSEC-SATURNIB; SRC-NASM-H1; SRC-NTRS-19650013470; SRC-PURDUE-H1; SRC-SATURNIB-UND; SRC-WIKI-H1
ENG-US-DRAPER,Draper,FAM-HADLEY,Hadley,derivative,US,Ursa Major,Ursa Major,,,development,missile; other,HTP,kerosene,pump_fed_turbopump,UNKNOWN,UNKNOWN,1,SOURCED,high,SRC-TECTONIC-DRAPER
ENG-US-HADLEY,Hadley,FAM-HADLEY,,,US,Ursa Major,Ursa Major,,,operational,booster; experimental; other; upper_stage,LOX,RP-1,pump_fed_turbopump,staged_combustion_ox_rich,SECONDARY_CLAIM,1,SOURCED,high,SRC-PAYLOAD-URSA-TACFI; SRC-SATTODAY-PHANTOM-URSA-2022
ENG-US-HADLEY-VACUUM,Hadley (vacuum variant),FAM-HADLEY,Hadley,vacuum_variant,US,Ursa Major,Ursa Major,,,development,upper_stage,LOX,RP-1,pump_fed_turbopump,staged_combustion_ox_rich,INFERRED,1,SOURCED,medium,SRC-ORBITCODEX-ROCKET4; SRC-SPACENEWS-152328
ENG-US-IPD,IPD,FAM-IPD,,test_article,US,Rocketdyne + Aerojet (USAF/NASA IHPRPT),Rocketdyne + Aerojet (USAF/NASA IHPRPT),1990s-2006,,cancelled,demonstrator,LOX,LH2,pump_fed_turbopump,full_flow_staged_combustion,REPORTED,1,SOURCED,low,SRC-AF-IPD-2006; SRC-NTRS-IPD-20040084662; SRC-NTRS-IPD-20040129712; SRC-NTRS-IPD-OTPCF; SRC-NTRS-IPD-WPB; SRC-SFN-IPD-2006
ENG-US-J-2,J-2,FAM-J-2,,baseline,US,Rocketdyne,Rocketdyne,1960 dev; flown 1966-1975,1966,retired,upper_stage,LOX,LH2,pump_fed_turbopump,gas_generator,REPORTED,1,SOURCED,high,SRC-ASTRONAUTIX-J2; SRC-DTIC-AEDC-J2-SET; SRC-ENGINEHISTORY-RPE0822; SRC-EUHIAD-J2STARTTANK; SRC-NASA-ALSJ-CSM02; SRC-NASM-J2; SRC-NEWSPACE-J2; SRC-NTRS-20100027318; SRC-NTRS-20120016414; SRC-PURDUE-J2; SRC-WIKI-J2
ENG-US-J-2S,J-2S,FAM-J-2,J-2,development_config,US,Rocketdyne,Rocketdyne,1965-1972 test,,cancelled,development_config; experimental; upper_stage,LOX,LH2,pump_fed_turbopump,tap_off,SECONDARY_CLAIM,1,SOURCED,medium,SRC-DTIC-AD0867628; SRC-DTIC-AD0874400; SRC-DTIC-AEDC-J2S-SET; SRC-GENERALSTAFF-J2S-STUDY-1969; SRC-NTRS-20080036837; SRC-NTRS-20120016414; SRC-SECRETPROJ-J2DERIV; SRC-WIKI-TAPOFF; SRC-WIKI2007-J2
ENG-US-J-2T-200K,J-2T-200K,FAM-J-2,J-2,derivative,US,Rocketdyne (North American Aviation),Rocketdyne (North American Aviation),late 1960s test,,cancelled,demonstrator,LOX,LH2,pump_fed_turbopump,UNKNOWN,UNKNOWN,,UNSOURCED_PLACEHOLDER,low,
ENG-US-J-2T-250K,J-2T-250K,FAM-J-2,J-2T-200K,uprate,US,Rocketdyne (North American Aviation),Rocketdyne (North American Aviation),,,cancelled,demonstrator,LOX,LH2,pump_fed_turbopump,UNKNOWN,UNKNOWN,,UNSOURCED_PLACEHOLDER,low,
ENG-US-J-2X,J-2X,FAM-J-2,J-2,derivative,US,Pratt & Whitney Rocketdyne (for NASA),Pratt & Whitney Rocketdyne (for NASA),2006-2014 dev/test,,cancelled,upper_stage,LOX,LH2,pump_fed_turbopump,gas_generator,REPORTED,1,SOURCED,high,SRC-NTRS-20080036837; SRC-NTRS-20090009149; SRC-NTRS-20120016414; SRC-TFAWS-08-1013; SRC-WIKI-J2X
ENG-US-KESTREL,Kestrel,FAM-KESTREL,,baseline,US,SpaceX,SpaceX,flown 2006-2009 on Falcon 1 (flight dates per Falcon 1 history; not individually sourced here),,retired,upper_stage,LOX,RP-1,pressure_fed_unspecified,none_pressure_fed,SECONDARY_CLAIM,1,SOURCED,high,SRC-WIKI-KESTREL
ENG-US-KESTREL-2,Kestrel 2,FAM-KESTREL,Kestrel,derivative,US,SpaceX,SpaceX,,,cancelled,upper_stage,LOX,RP-1,UNKNOWN,UNKNOWN,UNKNOWN,,SOURCED,low,SRC-WIKI-KESTREL
ENG-US-P8E-9,P8E-9,FAM-LANCE-PROPULSION,,,US,Rocketdyne,Rocketdyne,1960s-1992,,retired,missile,IRFNA,UDMH,UNKNOWN,UNKNOWN,UNKNOWN,,UNSOURCED_PLACEHOLDER,low,
ENG-US-E-2,E-2,FAM-LAUNCHER-E-2,,,US,Launcher (acquired by Vast [BG]),Launcher (acquired by Vast [BG]),,,development,booster,LOX,RP-1,pump_fed_turbopump,UNKNOWN,SECONDARY_CLAIM,1,SOURCED,high,SRC-3DNATIVES-E2; SRC-CONTROL-E2-TEST; SRC-SPACENEWS-128063
ENG-US-LIGHTNING,Lightning,FAM-LIGHTNING,,baseline,US,Firefly Aerospace,Firefly Aerospace,,,operational,upper_stage,NOT_AUDITED,NOT_AUDITED,pump_fed_turbopump,tap_off,REPORTED,1,SOURCED,high,SRC-FIREFLY-ALPHA-PAGE; SRC-FIREFLY-FLTA004; SRC-FIREFLY-FLTA006; SRC-FIREFLY-PUG-5.2
ENG-US-RS-2200,RS-2200,FAM-LINEAR-AEROSPIKE,XRS-2200,derivative,US,Boeing Rocketdyne,Boeing Rocketdyne,1990s,,cancelled,booster; core,LOX,LH2,pump_fed_turbopump,UNKNOWN,UNKNOWN,,SOURCED,medium,SRC-WIKI-RS2200
ENG-US-XRS-2200,XRS-2200,FAM-LINEAR-AEROSPIKE,,,US,Boeing Rocketdyne,Boeing Rocketdyne,1996-2001,,cancelled,demonstrator,LOX,LH2,pump_fed_turbopump,gas_generator,REPORTED,20,SOURCED,high,SRC-NTRS-19980174934; SRC-PURDUE-XRS2200; SRC-SFN-AEROSPIKE-1999; SRC-SPACENEWS-2000-AEROSPIKE; SRC-WIKI-XRS2200
ENG-US-LM-ASCENT-ENGINE,LM Ascent Engine,FAM-LM-APS,,,US,Bell Aerosystems (injector later by Rocketdyne),Bell Aerosystems,dev 1963-; flown 1969-1972,1969,retired,lander_ascent,N2O4,Aerozine-50,pressure_fed_regulated,none_pressure_fed,INFERRED,1,SOURCED,medium,SRC-NTRS-19730010173; SRC-NTRS-19740005391
ENG-US-LMDE,LMDE,FAM-LMDE,,baseline,US,TRW (Space Technology Laboratories),TRW,dev 1963-; flown 1969-1972,1969,retired,lander_descent,N2O4,Aerozine-50,pressure_fed_regulated,none_pressure_fed,INFERRED,1,SOURCED,high,SRC-ENCPUB-LMDE; SRC-KLABS-AERINDEX; SRC-MSC-05161-A15S4; SRC-NASA-A14DPSPERF; SRC-NASA-AER-DPS; SRC-NASA-ALSJ-AERINDEX; SRC-NASA-TND7143; SRC-SAE-730941; SRC-UNT-MOCAT-946-31648
ENG-US-LR101,LR101,FAM-LR101,,,US,Rocketdyne (North American Aviation),Rocketdyne (North American Aviation),1957-2004,,retired,other,LOX,RP-1,UNKNOWN,UNKNOWN,UNKNOWN,1,SOURCED,high,SRC-DTIC-AD0423340; SRC-ENGINEHISTORY-USSRC-ATLAS; SRC-NASM-ATLASVERNIER; SRC-WIKI-LR101
ENG-US-LR105-NA-3,LR105-NA-3,FAM-LR105,,baseline,US,Rocketdyne (North American Aviation),Rocketdyne (North American Aviation),,,retired,missile; sustainer,LOX,RP-1,pump_fed_turbopump,gas_generator,INFERRED,1,UNSOURCED_PLACEHOLDER,low,
ENG-US-LR105-NA-5,LR105-NA-5,FAM-LR105,LR105-NA-3,derivative,US,Rocketdyne (North American Aviation),Rocketdyne (North American Aviation),,,retired,missile; sustainer,LOX,RP-1,pump_fed_turbopump,gas_generator,INFERRED,1,SOURCED,medium,SRC-ENGINEHISTORY-RPE05; SRC-RRS-LR105NA5
ENG-US-LR105-NA-7,LR105-NA-7,FAM-LR105,LR105-NA-5,derivative,US,Rocketdyne (North American Aviation),Rocketdyne (North American Aviation),,,retired,sustainer,LOX,RP-1,pump_fed_turbopump,gas_generator,INFERRED,1,SOURCED,medium,SRC-ASTRONAUTIX-LR105-7; SRC-WIKI-MA5
ENG-US-LR79-NA-11,LR79-NA-11,FAM-LR79-S-3,LR79-NA-9,derivative,US,Rocketdyne (North American Aviation),Rocketdyne (North American Aviation),,,retired,booster; missile,LOX,RP-1,pump_fed_turbopump,gas_generator,INFERRED,1,UNSOURCED_PLACEHOLDER,low,
ENG-US-LR79-NA-13,LR79-NA-13,FAM-LR79-S-3,LR79-NA-11,uprate,US,Rocketdyne (North American Aviation),Rocketdyne (North American Aviation),,,retired,booster,LOX,RP-1,pump_fed_turbopump,gas_generator,INFERRED,1,UNSOURCED_PLACEHOLDER,low,
ENG-US-LR79-NA-9,LR79-NA-9,FAM-LR79-S-3,S-3D,stage_specific,US,Rocketdyne (North American Aviation),Rocketdyne (North American Aviation),,,retired,booster; missile,LOX,RP-1,pump_fed_turbopump,gas_generator,INFERRED,1,SOURCED,medium,SRC-FLICKR-MB3; SRC-THISDAY-LR79NA9
ENG-US-S-3D,S-3D,FAM-LR79-S-3,NAA 75-110 A-7,derivative,US,Rocketdyne (North American Aviation),Rocketdyne (North American Aviation),1955-1961,1957,retired,booster; missile,LOX,RP-1,pump_fed_turbopump,gas_generator,INFERRED,1,SOURCED,high,SRC-NMUSAF-LR79; SRC-WIKI-PGM19; SRC-WIKI-S3D
ENG-US-LR87-AJ-11,LR87-AJ-11,FAM-LR87,LR87-AJ-9,derivative,US,Aerojet (Aerojet-General),Aerojet (Aerojet-General),1970s-2005,,retired,booster; core,N2O4,Aerozine-50,pump_fed_turbopump,gas_generator,INFERRED,2,SOURCED,medium,SRC-ASTRONAUTIX-LR87
ENG-US-LR87-AJ-11A,LR87-AJ-11A,FAM-LR87,LR87-AJ-11,derivative,US,Aerojet (Aerojet-General),Aerojet (Aerojet-General),,,retired,core,N2O4,Aerozine-50,pump_fed_turbopump,gas_generator,INFERRED,2,UNSOURCED_PLACEHOLDER,low,
ENG-US-LR87-AJ-3,LR87-AJ-3,FAM-LR87,,baseline,US,Aerojet (Aerojet-General),Aerojet (Aerojet-General),1955-1965,1959,retired,booster; missile,LOX,RP-1,pump_fed_turbopump,gas_generator,INFERRED,2,SOURCED,high,SRC-ASTRONAUTIX-LR87; SRC-ENGINEHISTORY-RPE06; SRC-HEROICRELICS-TITANI; SRC-WIKI-LR87
ENG-US-LR87-AJ-5,LR87-AJ-5,FAM-LR87,LR87-AJ-3,derivative,US,Aerojet,Aerojet,1960s,1962,retired,booster; missile,N2O4,Aerozine-50,pump_fed_turbopump,gas_generator,SECONDARY_CLAIM,2,SOURCED,high,SRC-ASTRONAUTIX-LR87; SRC-ENGINEHISTORY-RPE06; SRC-TMS-TITAN2; SRC-WIKI-LR87; SRC-WIKITALK-LR87
ENG-US-LR87-AJ-7,LR87-AJ-7,FAM-LR87,LR87-AJ-5,stage_specific,US,Aerojet (Aerojet-General),Aerojet (Aerojet-General),1964-1966,1964,retired,booster,N2O4,Aerozine-50,pump_fed_turbopump,gas_generator,INFERRED,2,SOURCED,high,SRC-ASTRONAUTIX-LR87; SRC-ENGINEHISTORY-RPE06
ENG-US-LR87-AJ-9,LR87-AJ-9,FAM-LR87,LR87-AJ-5,derivative,US,Aerojet (Aerojet-General),Aerojet (Aerojet-General),1960s,,retired,booster,N2O4,Aerozine-50,pump_fed_turbopump,gas_generator,INFERRED,2,UNSOURCED_PLACEHOLDER,low,
ENG-US-LR87-LH2,LR87-LH2,FAM-LR87,LR87-AJ-3,test_article,US,Aerojet (Aerojet-General),Aerojet (Aerojet-General),late 1950s-1960 test,,experimental,experimental,LOX,LH2,pump_fed_turbopump,gas_generator,INFERRED,,UNSOURCED_PLACEHOLDER,low,
ENG-US-LR89-NA-3,LR89-NA-3,FAM-LR89,,baseline,US,Rocketdyne (North American Aviation),Rocketdyne (North American Aviation),,,retired,booster; missile,LOX,RP-1,pump_fed_turbopump,gas_generator,INFERRED,1,UNSOURCED_PLACEHOLDER,low,
ENG-US-LR89-NA-5,LR89-NA-5,FAM-LR89,LR89-NA-3,derivative,US,Rocketdyne (North American Aviation),Rocketdyne (North American Aviation),,,retired,booster; missile,LOX,RP-1,pump_fed_turbopump,gas_generator,INFERRED,1,SOURCED,medium,SRC-ENGINEHISTORY-RPE05
ENG-US-LR89-NA-6,LR89-NA-6,FAM-LR89,LR89-NA-5,derivative,US,Rocketdyne (North American Aviation),Rocketdyne (North American Aviation),,,retired,booster; missile,LOX,RP-1,pump_fed_turbopump,gas_generator,INFERRED,1,UNSOURCED_PLACEHOLDER,low,
ENG-US-LR89-NA-7,LR89-NA-7,FAM-LR89,LR89-NA-6,derivative,US,Rocketdyne (North American Aviation),Rocketdyne (North American Aviation),,,retired,booster,LOX,RP-1,pump_fed_turbopump,gas_generator,INFERRED,1,SOURCED,medium,SRC-ASTRONAUTIX-LR89-7; SRC-WIKI-ATLASG; SRC-WIKI-MA5
ENG-US-LR91-AJ-11,LR91-AJ-11,FAM-LR91,LR91-AJ-9,derivative,US,Aerojet (Aerojet-General),Aerojet (Aerojet-General),,,retired,upper_stage,N2O4,Aerozine-50,pump_fed_turbopump,gas_generator,INFERRED,1,SOURCED,high,SRC-PURDUE-LR91AJ11; SRC-WIKI-LR91
ENG-US-LR91-AJ-11A,LR91-AJ-11A,FAM-LR91,LR91-AJ-11,derivative,US,Aerojet (Aerojet-General),Aerojet (Aerojet-General),,,retired,upper_stage,N2O4,Aerozine-50,pump_fed_turbopump,gas_generator,INFERRED,1,UNSOURCED_PLACEHOLDER,low,
ENG-US-LR91-AJ-3,LR91-AJ-3,FAM-LR91,,baseline,US,Aerojet (Aerojet-General),Aerojet (Aerojet-General),1959-1965,1959,retired,missile; upper_stage,LOX,RP-1,pump_fed_turbopump,gas_generator,INFERRED,1,SOURCED,high,SRC-HMDB-LR91AJ3; SRC-WIKI-LR91
ENG-US-LR91-AJ-5,LR91-AJ-5,FAM-LR91,LR91-AJ-3,derivative,US,Aerojet (Aerojet-General),Aerojet (Aerojet-General),,1962,retired,missile; upper_stage,N2O4,Aerozine-50,pump_fed_turbopump,gas_generator,INFERRED,1,SOURCED,high,SRC-WIKI-LR91
ENG-US-LR91-AJ-7,LR91-AJ-7,FAM-LR91,LR91-AJ-5,stage_specific,US,Aerojet (Aerojet-General),Aerojet (Aerojet-General),,1964,retired,upper_stage,N2O4,Aerozine-50,pump_fed_turbopump,gas_generator,INFERRED,1,SOURCED,high,SRC-WIKI-LR91
ENG-US-LR91-AJ-9,LR91-AJ-9,FAM-LR91,LR91-AJ-5,derivative,US,Aerojet (Aerojet-General),Aerojet (Aerojet-General),,,retired,upper_stage,N2O4,Aerozine-50,pump_fed_turbopump,gas_generator,INFERRED,1,UNSOURCED_PLACEHOLDER,low,
ENG-US-M-1,M-1,FAM-M-1,,,US,Aerojet (Aerojet-General) / NASA Lewis,Aerojet (Aerojet-General) / NASA Lewis,1961-1965/66,,cancelled,booster; upper_stage,LOX,LH2,pump_fed_turbopump,gas_generator,SECONDARY_CLAIM,1,SOURCED,high,SRC-NASA-GRC-1966-C-03899; SRC-NASM-M1; SRC-WIKI-M1
ENG-US-BROADSWORD,Broadsword 25K,FAM-MASTEN,,,US,Masten Space Systems,Masten Space Systems,dev from Aug 2015; AFRL tests to 2019-12,,cancelled,booster; demonstrator; experimental,LOX,LCH4,pump_fed_turbopump,expander_closed,REPORTED,1,SOURCED,high,SRC-AFRL-BROADSWORD-2019; SRC-MASTEN-ENGINES; SRC-MECO-BROADSWORD-2017; SRC-SATNOW-BROADSWORD
ENG-US-CYCLOPS,Cyclops-AL-3,FAM-MASTEN,,,US,Masten Space Systems,Masten Space Systems,,,retired,experimental; test_bed,LOX,isopropyl alcohol,UNKNOWN,UNKNOWN,UNKNOWN,1,SOURCED,medium,SRC-WIKI-MASTEN
ENG-US-MACHETE,Machete,FAM-MASTEN,,,US,Masten Space Systems,Masten Space Systems,,,cancelled,experimental; lander_descent; test_bed,NOT_REPORTED,MXP-351,pressure_fed_unspecified,UNKNOWN,UNKNOWN,1,SOURCED,medium,SRC-MECO-MXP351-2017
ENG-US-SCIMITAR,Scimitar,FAM-MASTEN,,,US,Masten Space Systems,Masten Space Systems,,,retired,test_bed,NOT_REPORTED,NOT_REPORTED,UNKNOWN,UNKNOWN,UNKNOWN,1,SOURCED,medium,SRC-MASTEN-ENGINES
ENG-US-MB-3-1,MB-3-1,FAM-MB-3,LR79-NA-9,derivative,US,Rocketdyne (North American Aviation),Rocketdyne (North American Aviation),,,retired,booster,LOX,RP-1,pump_fed_turbopump,gas_generator,INFERRED,1,SOURCED,medium,SRC-ASTRONAUTIX-LR79
ENG-US-MB-3-2,MB-3-2,FAM-MB-3,MB-3-1,block_upgrade,US,Rocketdyne (North American Aviation),Rocketdyne (North American Aviation),,,retired,booster,LOX,RP-1,pump_fed_turbopump,gas_generator,INFERRED,1,UNSOURCED_PLACEHOLDER,low,
ENG-US-MB-3-3,MB-3-3,FAM-MB-3,MB-3-2,block_upgrade,US,Rocketdyne (North American Aviation),Rocketdyne (North American Aviation),,,retired,booster,LOX,RP-1,pump_fed_turbopump,gas_generator,INFERRED,1,UNSOURCED_PLACEHOLDER,low,
ENG-US-MERLIN-1A,Merlin 1A,FAM-MERLIN,,baseline,US,SpaceX,SpaceX,flown 2006-03-24 (failure) and 2007-03-21,2006,retired,booster,LOX,RP-1,pump_fed_turbopump,gas_generator,SECONDARY_CLAIM,1,SOURCED,high,SRC-SLR-F9-SMA; SRC-WIKI-MERLIN
ENG-US-MERLIN-1B,Merlin 1B,FAM-MERLIN,Merlin 1A,uprate,US,SpaceX,SpaceX,development c.2006-2007; not flown,,cancelled,booster,LOX,RP-1,pump_fed_turbopump,gas_generator,SECONDARY_CLAIM,1,SOURCED,medium,SRC-WIKI-MERLIN
ENG-US-MERLIN-1C,Merlin 1C,FAM-MERLIN,Merlin 1A,derivative,US,SpaceX,SpaceX,regen version announced 2006; development complete 2007-11-12; Falcon 1 flights 2008-2009,2008,retired,booster,LOX,RP-1,pump_fed_turbopump,gas_generator,SECONDARY_CLAIM,1,SOURCED,high,SRC-SLR-F9-SMA; SRC-SPACENEWS-2008-F1; SRC-SPACEREF-2008-F1F3; SRC-SPACEX-PR-M1C-2007; SRC-WIKI-MERLIN
ENG-US-MERLIN-1C-FALCON-9-CONFIGURATION,Merlin 1C (Falcon 9 configuration),FAM-MERLIN,Merlin 1C,stage_specific,US,SpaceX,SpaceX,Falcon 9 v1.0 flights 2010-2013 (dates not individually sourced),2010,retired,booster,LOX,RP-1,pump_fed_turbopump,gas_generator,SECONDARY_CLAIM,1,SOURCED,medium,SRC-SLR-F9-SMA; SRC-SPACEX-PR-M1C-2007
ENG-US-MERLIN-1C-VACUUM,Merlin 1C Vacuum,FAM-MERLIN,Merlin 1C,vacuum_variant,US,SpaceX,SpaceX,tested 2009 (PR 2009-03-10); first flight 2010-06-04,2010,retired,upper_stage,LOX,RP-1,pump_fed_turbopump,gas_generator,SECONDARY_CLAIM,1,SOURCED,high,SRC-SATTODAY-2009-MVAC; SRC-SLR-F9-SMA; SRC-WIKI-MERLIN
ENG-US-MERLIN-1D,Merlin 1D,FAM-MERLIN,Merlin 1C,derivative,US,SpaceX,SpaceX,announced c.2011 (JPC 2011 data); Falcon 9 v1.1 2013-2015 (dates unsourced),,retired,booster,LOX,RP-1,pump_fed_turbopump,gas_generator,REPORTED,1,SOURCED,high,SRC-SFN-2015-FT; SRC-SLR-F9-SMA; SRC-SPACEX-FUG-2025
ENG-US-MERLIN-1D-BLOCK-5,Merlin 1D Block 5,FAM-MERLIN,Merlin 1D Full Thrust,block_upgrade,US,SpaceX,SpaceX,Block 5 from 2018 (analyst knowledge); operational 2026-10,,operational,booster,LOX,RP-1,pump_fed_turbopump,gas_generator,SECONDARY_CLAIM,1,SOURCED,medium,SRC-SPACEX-F9-PAGE; SRC-SPACEX-FUG-2025; SRC-WEVOLVER-MERLIN; SRC-WIKI-F9FT; SRC-WIKI-MERLIN
ENG-US-MERLIN-1D-FULL-THRUST,Merlin 1D Full Thrust,FAM-MERLIN,Merlin 1D,block_upgrade,US,SpaceX,SpaceX,Falcon 9 FT (v1.2) from 2015,2015,retired,booster,LOX,RP-1,pump_fed_turbopump,gas_generator,SECONDARY_CLAIM,1,SOURCED,medium,SRC-SF101-F9FT; SRC-SFN-2015-FT
ENG-US-MERLIN-1D-VACUUM,Merlin 1D Vacuum,FAM-MERLIN,Merlin 1D,vacuum_variant,US,SpaceX,SpaceX,Falcon 9 v1.1 onward; operational 2026-10,,operational,upper_stage,LOX,RP-1,pump_fed_turbopump,gas_generator,SECONDARY_CLAIM,1,SOURCED,high,SRC-SFN-2015-FT; SRC-SLR-F9-SMA; SRC-SPACEX-F9-PAGE; SRC-SPACEX-FUG-2025; SRC-WEVOLVER-MERLIN
ENG-US-MERLIN-1D-VACUUM-SHORT-NOZZLE,Merlin 1D Vacuum (short nozzle),FAM-MERLIN,Merlin 1D Vacuum,derivative,US,SpaceX,SpaceX,,,operational,upper_stage,LOX,RP-1,pump_fed_turbopump,gas_generator,SECONDARY_CLAIM,1,SOURCED,low,SRC-WIKI-MERLIN
ENG-US-MIRANDA,Miranda,FAM-MIRANDA,Reaver,derivative,US,Firefly Aerospace,Firefly Aerospace,component risk-reduction testing (date not captured),,development,booster,NOT_AUDITED,NOT_AUDITED,pump_fed_turbopump,tap_off,REPORTED,1,SOURCED,high,SRC-FIREFLY-ECLIPSE-NG; SRC-FIREFLY-MIRANDA-RR
ENG-US-DST-11H,DST-11H,FAM-MOOG-DST,,,US,Moog,Moog,,,operational,rcs,MON,N2H4,pressure_fed_unspecified,none_pressure_fed,INFERRED,1,SOURCED,high,SRC-MOOG-BIPROP-PAGE
ENG-US-DST-12,DST-12,FAM-MOOG-DST,,,US,Moog,Moog,,,operational,rcs,MON,MMH,pressure_fed_unspecified,none_pressure_fed,INFERRED,1,SOURCED,high,SRC-MOOG-BIPROP-PAGE; SRC-SATNOW-DST12
ENG-US-DST-13,DST-13,FAM-MOOG-DST,,,US,Moog,Moog,,,operational,rcs,MON,MMH,pressure_fed_unspecified,none_pressure_fed,INFERRED,1,SOURCED,high,SRC-MOOG-BIPROP-PAGE
ENG-US-MR-103G,MR-103G,FAM-MR-103,,,US,"Aerojet (Rocket Research Co. heritage, Redmond WA)",Aerojet Rocketdyne / L3Harris,,,operational,rcs,none(mono),N2H4,pressure_fed_blowdown,none_pressure_fed,INFERRED,1,SOURCED,high,SRC-L3H-MONO-2023; SRC-SATCAT-MR103G
ENG-US-MR-103J,MR-103J,FAM-MR-103,,,US,"Aerojet (Rocket Research Co. heritage, Redmond WA)",Aerojet Rocketdyne / L3Harris,,,operational,rcs,none(mono),N2H4,pressure_fed_blowdown,none_pressure_fed,INFERRED,1,SOURCED,high,SRC-L3H-MONO-2023; SRC-L3H-MONO-2025
ENG-US-MR-104,MR-104,FAM-MR-104,,,US,"Aerojet (Rocket Research Co. heritage, Redmond WA)",Aerojet Rocketdyne / L3Harris,,,operational,orbital_maneuver; rcs,none(mono),N2H4,pressure_fed_blowdown,none_pressure_fed,INFERRED,1,SOURCED,medium,SRC-L3H-MONO-2023
ENG-US-MR-104G,MR-104G,FAM-MR-104,MR-104,derivative,US,Aerojet Rocketdyne,Aerojet Rocketdyne (Redmond),"qual 2018; flown 2014 (EFT-1, earlier config?)/2022",,operational,rcs,none(mono),N2H4,pressure_fed_regulated,none_pressure_fed,INFERRED,1,SOURCED,high,SRC-AJRD-PR-MR104G; SRC-DLA-ORION; SRC-NTRS-20140006053
ENG-US-MR-106L,MR-106L,FAM-MR-106,,,US,"Aerojet (Rocket Research Co. heritage, Redmond WA)",Aerojet Rocketdyne / L3Harris,,,operational,rcs,none(mono),N2H4,pressure_fed_blowdown,none_pressure_fed,INFERRED,1,SOURCED,medium,SRC-L3H-MONO-2025
ENG-US-MR-106M,MR-106M,FAM-MR-106,,,US,"Aerojet (Rocket Research Co. heritage, Redmond WA)",Aerojet Rocketdyne / L3Harris,,,operational,rcs,none(mono),N2H4,pressure_fed_blowdown,none_pressure_fed,INFERRED,1,SOURCED,medium,SRC-L3H-MONO-2025
ENG-US-MR-107N,MR-107N,FAM-MR-107,,,US,"Aerojet (Rocket Research Co. heritage, Redmond WA)",Aerojet Rocketdyne / L3Harris,,,retired,lander_descent,none(mono),N2H4,pressure_fed_blowdown,none_pressure_fed,INFERRED,1,SOURCED,medium,SRC-AIRPORTTECH-PHX; SRC-NBC-PHX; SRC-PLANETARY-1034; SRC-SDU-PHXPLUME; SRC-UA-PHXSPEC
ENG-US-MR-107S,MR-107S,FAM-MR-107,,,US,"Aerojet (Rocket Research Co. heritage, Redmond WA)",Aerojet Rocketdyne / L3Harris,,,operational,orbital_maneuver; rcs,none(mono),N2H4,pressure_fed_blowdown,none_pressure_fed,INFERRED,1,SOURCED,medium,SRC-L3H-MONO-2025; SRC-SATCAT-MR107
ENG-US-MR-107T,MR-107T,FAM-MR-107,,,US,"Aerojet (Rocket Research Co. heritage, Redmond WA)",Aerojet Rocketdyne / L3Harris,,,operational,orbital_maneuver; rcs,none(mono),N2H4,pressure_fed_blowdown,none_pressure_fed,INFERRED,1,SOURCED,medium,SRC-L3H-MONO-2025; SRC-SATCAT-MR107
ENG-US-MR-107U,MR-107U,FAM-MR-107,,,US,"Aerojet (Rocket Research Co. heritage, Redmond WA)",Aerojet Rocketdyne / L3Harris,,,operational,lander_descent; rcs,none(mono),N2H4,pressure_fed_blowdown,none_pressure_fed,INFERRED,1,SOURCED,medium,SRC-L3H-MONO-2025; SRC-SPACEFDN-MSL
ENG-US-MR-107V,MR-107V,FAM-MR-107,,,US,"Aerojet (Rocket Research Co. heritage, Redmond WA)",Aerojet Rocketdyne / L3Harris,,,operational,orbital_maneuver; rcs,none(mono),N2H4,pressure_fed_blowdown,none_pressure_fed,INFERRED,1,SOURCED,medium,SRC-L3H-MONO-2025; SRC-SATCAT-MR107
ENG-US-MR-111C,MR-111C,FAM-MR-111,,,US,"Aerojet (Rocket Research Co. heritage, Redmond WA)",Aerojet Rocketdyne / L3Harris,,,operational,rcs,none(mono),N2H4,pressure_fed_blowdown,none_pressure_fed,INFERRED,1,SOURCED,medium,SRC-SPACEFDN-MSL
ENG-US-MR-111G,MR-111G,FAM-MR-111,,,US,"Aerojet (Rocket Research Co. heritage, Redmond WA)",Aerojet Rocketdyne / L3Harris,,,operational,rcs,none(mono),N2H4,pressure_fed_blowdown,none_pressure_fed,INFERRED,1,SOURCED,high,SRC-L3H-MONO-2023; SRC-L3H-MONO-2025; SRC-SATCAT-MR111G
ENG-US-MR-80,MR-80,FAM-MR-80,,baseline,US,Rocket Research Company,Rocket Research Company,"1970s; launched 1975, landed 1976",1976,retired,lander_descent,none(mono),N2H4,pressure_fed_blowdown,none_pressure_fed,INFERRED,18,SOURCED,high,SRC-IAC10-MR80B; SRC-L3H-VIKING; SRC-WIKI-VIKING-PROGRAM
ENG-US-MR-80B,MR-80B,FAM-MR-80,MR-80,derivative,US,"Aerojet (Rocket Research Co. heritage, Redmond WA)",Aerojet Rocketdyne / L3Harris,,,operational,lander_descent,none(mono),N2H4,pressure_fed_regulated,none_pressure_fed,INFERRED,1,SOURCED,high,SRC-IAC10-MR80B; SRC-L3H-MONO-2023; SRC-L3H-VIKING; SRC-SPACEFDN-MSL; SRC-SPACEREVIEW-3999
ENG-US-XLR71-NA-1,XLR71-NA-1,FAM-NAA-120K-135K,XLR43-NA-1,derivative,US,Rocketdyne (North American Aviation),Rocketdyne (North American Aviation),1950-1955,,cancelled,booster; missile,LOX,ethyl alcohol,pump_fed_turbopump,UNKNOWN,UNKNOWN,1,SOURCED,high,SRC-ASTRONAUTIX-XLR71; SRC-ENGINEHISTORY-RPE03; SRC-HEROICRELICS-RKDTREE
ENG-US-XLR83-NA-1,XLR83-NA-1,FAM-NAA-120K-135K,XLR71-NA-1,uprate,US,Rocketdyne (North American Aviation),Rocketdyne (North American Aviation),1955-1958,,cancelled,booster; missile,LOX,JP-4,pump_fed_turbopump,UNKNOWN,UNKNOWN,3,SOURCED,high,SRC-ASTRONAUTIX-XLR71; SRC-ENGINEHISTORY-RPE03; SRC-HEROICRELICS-RKDTREE; SRC-WIKI-SM64
ENG-US-NAA-75-110-A-1,NAA 75-110 A-1,FAM-NAA-75-110-REDSTONE,XLR43-NA-1,derivative,US,Rocketdyne (North American Aviation),Rocketdyne (North American Aviation),,1953,retired,booster; missile,LOX,ethyl alcohol 75% / water 25%,pump_fed_turbopump,separate_turbine_working_fluid,SECONDARY_CLAIM,1,SOURCED,medium,SRC-ENGINEHISTORY-RPE04-2; SRC-HEROICRELICS-REDSTONE; SRC-NASA-MSFC-MERCREDSTONE
ENG-US-NAA-75-110-A-2,NAA 75-110 A-2,FAM-NAA-75-110-REDSTONE,NAA 75-110 A-1,development_config,US,Rocketdyne (North American Aviation),Rocketdyne (North American Aviation),,,retired,booster; missile,LOX,ethyl alcohol 75% / water 25%,pump_fed_turbopump,separate_turbine_working_fluid,SECONDARY_CLAIM,1,SOURCED,medium,SRC-ENGINEHISTORY-RPE04-2; SRC-HEROICRELICS-REDSTONE; SRC-NASA-MSFC-MERCREDSTONE
ENG-US-NAA-75-110-A-3,NAA 75-110 A-3,FAM-NAA-75-110-REDSTONE,NAA 75-110 A-2,development_config,US,Rocketdyne (North American Aviation),Rocketdyne (North American Aviation),,,retired,booster; missile,LOX,ethyl alcohol 75% / water 25%,pump_fed_turbopump,separate_turbine_working_fluid,SECONDARY_CLAIM,1,SOURCED,medium,SRC-ENGINEHISTORY-RPE04-2; SRC-HEROICRELICS-REDSTONE; SRC-NASA-MSFC-MERCREDSTONE
ENG-US-NAA-75-110-A-4,NAA 75-110 A-4,FAM-NAA-75-110-REDSTONE,NAA 75-110 A-3,development_config,US,Rocketdyne (North American Aviation),Rocketdyne (North American Aviation),,,retired,booster; missile,LOX,ethyl alcohol 75% / water 25%,pump_fed_turbopump,separate_turbine_working_fluid,SECONDARY_CLAIM,1,SOURCED,low,SRC-ENGINEHISTORY-RPE04-2; SRC-HEROICRELICS-REDSTONE; SRC-NASA-MSFC-MERCREDSTONE
ENG-US-NAA-75-110-A-5,NAA 75-110 A-5,FAM-NAA-75-110-REDSTONE,NAA 75-110 A-4,development_config,US,Rocketdyne (North American Aviation),Rocketdyne (North American Aviation),,,retired,booster; missile,LOX,ethyl alcohol 75% / water 25%,pump_fed_turbopump,separate_turbine_working_fluid,SECONDARY_CLAIM,1,SOURCED,low,SRC-ENGINEHISTORY-RPE04-2; SRC-HEROICRELICS-REDSTONE; SRC-NASA-MSFC-MERCREDSTONE
ENG-US-NAA-75-110-A-6,NAA 75-110 A-6,FAM-NAA-75-110-REDSTONE,NAA 75-110 A-5,derivative,US,Rocketdyne (North American Aviation),Rocketdyne (North American Aviation),,1957,retired,booster; missile,LOX,ethyl alcohol-water; hydyne (UDMH/DETA) in some applications,pump_fed_turbopump,separate_turbine_working_fluid,SECONDARY_CLAIM,1,SOURCED,medium,SRC-ENGINEHISTORY-RPE04-2; SRC-HEROICRELICS-A6; SRC-HEROICRELICS-REDSTONE; SRC-NASA-MSFC-MERCREDSTONE; SRC-WIKI-JUPITERA
ENG-US-NAA-75-110-A-7,NAA 75-110 A-7,FAM-NAA-75-110-REDSTONE,NAA 75-110 A-6,derivative,US,Rocketdyne (North American Aviation),Rocketdyne (North American Aviation),,1958,retired,booster; missile,LOX,ethyl alcohol 75% / water 25%,pump_fed_turbopump,separate_turbine_working_fluid,SECONDARY_CLAIM,1,SOURCED,high,SRC-ALTERNATEWARS-RKD; SRC-ENGINEHISTORY-RPE04-2; SRC-HEROICRELICS-REDSTONE; SRC-NASA-MSFC-MERCREDSTONE; SRC-WIKI-PGM11
ENG-US-XLR43-NA-1,XLR43-NA-1,FAM-NAA-75K,,baseline,US,Rocketdyne (North American Aviation),Rocketdyne (North American Aviation),1947-1951 dev,,retired,missile; test_bed,LOX,ethyl alcohol,pump_fed_turbopump,separate_turbine_working_fluid,SECONDARY_CLAIM,1,SOURCED,high,SRC-ASTRONAUTIX-XLR43; SRC-ENGINEHISTORY-RPE03; SRC-ENGINEHISTORY-RPE04-2
ENG-US-NEWTONFOUR,NewtonFour,FAM-NEWTON,,,US,Virgin Orbit,Virgin Orbit,,2020,retired,upper_stage,LOX,RP-1,pump_fed_turbopump,UNKNOWN,UNKNOWN,1,SOURCED,high,SRC-AVIATIONIST-L1-2020; SRC-NSF-LAUNCHERONE-2020; SRC-WIKI-LAUNCHERONE
ENG-US-NEWTONTHREE,NewtonThree,FAM-NEWTON,,,US,Virgin Orbit,Virgin Orbit,,2020,retired,booster,LOX,RP-1,pump_fed_turbopump,UNKNOWN,UNKNOWN,1,SOURCED,high,SRC-NSF-LAUNCHERONE-2020; SRC-WIKI-LAUNCHERONE
ENG-US-AJ26-58,AJ26-58,FAM-NK,NK-33,derivative,US,Aerojet,Aerojet,1990s-2014,2013,cancelled,booster,LOX,RP-1,pump_fed_turbopump,staged_combustion_ox_rich,INFERRED,1,SOURCED,medium,SRC-SKYROCKET-K1; SRC-WIKI-AJ26; SRC-WIKI-ANTARES; SRC-WIKI-K1; SRC-WIKI-NK33
ENG-US-AJ26-59,AJ26-59,FAM-NK,NK-33,derivative,US,Aerojet,Aerojet,1990s-2000s,,cancelled,booster; upper_stage,LOX,RP-1,pump_fed_turbopump,staged_combustion_ox_rich,INFERRED,1,SOURCED,medium,SRC-SKYROCKET-K1; SRC-WIKI-AJ26
ENG-US-AJ26-60,AJ26-60,FAM-NK,NK-43,derivative,US,Aerojet (from NK-43),Aerojet (from NK-43),,,cancelled,upper_stage,LOX,RP-1,pump_fed_turbopump,staged_combustion_ox_rich,INFERRED,1,SOURCED,medium,SRC-SKYROCKET-K1; SRC-WIKI-K1
ENG-US-R-1E,R-1E,FAM-R-1E,,,US,The Marquardt Company,Marquardt,flown 1981-2011,1981,retired,rcs,N2O4,MMH,pressure_fed_regulated,none_pressure_fed,INFERRED,1,SOURCED,medium,SRC-NTRS-19910018886
ENG-US-R-40A,R-40A,FAM-R-40,,,US,The Marquardt Company,Marquardt / Kaiser Marquardt,flown 1981-2011,1981,retired,rcs,N2O4,MMH,pressure_fed_regulated,none_pressure_fed,INFERRED,1,SOURCED,high,SRC-NTRS-19910018886
ENG-US-R-40B,R-40B,FAM-R-40,R-40A,derivative,US,Aerojet (ex-Marquardt),Aerojet Rocketdyne / L3Harris,,,operational,rcs; spacecraft_main,N2O4/MON-3,MMH,pressure_fed_unspecified,none_pressure_fed,INFERRED,1,SOURCED,medium,SRC-L3H-BIPROP-2023; SRC-L3H-BIPROP-2024
ENG-US-R-42,R-42,FAM-R-42,,,US,Marquardt / Aerojet,Aerojet Rocketdyne / L3Harris,,,operational,spacecraft_main,N2O4/MON-3,MMH,pressure_fed_unspecified,none_pressure_fed,INFERRED,1,SOURCED,medium,SRC-L3H-BIPROP-2023; SRC-L3H-BIPROP-2024
ENG-US-AMBR,AMBR,FAM-R-4D,R-4D-15DM,development_config,US,Aerojet (NASA ISPT funded),Aerojet,dev ~2006-2010,,development,demonstrator; spacecraft_main,N2O4,N2H4,pressure_fed_unspecified,none_pressure_fed,INFERRED,1,SOURCED,medium,SRC-NASA-AMBR-DISC; SRC-NASA-AMBR-NF3
ENG-US-R-4D,R-4D,FAM-R-4D,,baseline,US,The Marquardt Company,"Marquardt; later Kaiser Marquardt, Primex, Aerojet, Aerojet Rocketdyne, L3Harris",dev 1962-; flown 1966-,1966,retired,rcs,N2O4,MMH / Aerozine-50 (Apollo LM used A-50),pressure_fed_regulated,none_pressure_fed,INFERRED,1,SOURCED,high,SRC-NASA-TND7151; SRC-NTRS-19690029231; SRC-WIKI-R4D
ENG-US-R-4D-11,R-4D-11,FAM-R-4D,R-4D,uprate,US,Marquardt / Kaiser Marquardt (later Aerojet),Aerojet Rocketdyne / L3Harris,1980s-present,,operational,orbital_maneuver; rcs; spacecraft_main,N2O4/MON-3,MMH,pressure_fed_regulated,none_pressure_fed,INFERRED,1,SOURCED,high,SRC-IAC10-AJHIPAT; SRC-L3H-BIPROP-2024; SRC-SATCATALOG-R4D11; SRC-WIKI-R4D
ENG-US-R-4D-11-ORION-ESM-AUXILIARY,R-4D-11 (Orion ESM auxiliary),FAM-R-4D,R-4D-11,stage_specific,US,Aerojet Rocketdyne,Aerojet Rocketdyne,2022-,2022,operational,orbital_maneuver,MON-3,MMH,pressure_fed_regulated,none_pressure_fed,INFERRED,1,SOURCED,medium,SRC-ESA-ESMPROP; SRC-NTRS-20240003648
ENG-US-R-4D-15,R-4D-15,FAM-R-4D,R-4D-11,uprate,US,Aerojet,Aerojet Rocketdyne / L3Harris,2000s-present,,operational,spacecraft_main,N2O4/MON-3,MMH,pressure_fed_regulated,none_pressure_fed,INFERRED,1,SOURCED,high,SRC-IAC10-AJHIPAT; SRC-SPACEFDN-HIPAT100
ENG-US-R-4D-15DM,R-4D-15DM,FAM-R-4D,R-4D-15,derivative,US,Aerojet,Aerojet,,,operational,spacecraft_main,N2O4,N2H4,pressure_fed_regulated,none_pressure_fed,INFERRED,1,SOURCED,medium,SRC-NASA-AMBR-NF3
ENG-US-R-4D-CASSINI-MAIN-ENGINE,Cassini main engine (R-4D),FAM-R-4D,R-4D,stage_specific,US,Aerojet (formerly Marquardt),Aerojet (formerly Marquardt),,1997,retired,spacecraft_main,NTO,MMH,other,none_pressure_fed,REPORTED,1,SOURCED,high,SRC-IAC10-AJHIPAT; SRC-NASA-CASSINI-ENGINE; SRC-WIKI-R4D
ENG-US-RAPTOR-1,Raptor 1,FAM-RAPTOR,Raptor (development),baseline,US,SpaceX,SpaceX,first flight Starhopper July 2019 (secondary); Starship SN-series prototypes 2019-2021,2019,retired,booster; test_bed; upper_stage,LOX,LCH4,pump_fed_turbopump,full_flow_staged_combustion,SECONDARY_CLAIM,1,SOURCED,medium,SRC-WCCF-RAPTOR-330; SRC-WIKI-RAPTOR
ENG-US-RAPTOR-2,Raptor 2,FAM-RAPTOR,Raptor 1,block_upgrade,US,SpaceX,SpaceX,"static fires from c.2021-2022; flew Starship IFT-1..IFT-11 (2023-2025, analyst knowledge)",2023,retired,booster; upper_stage,LOX,LCH4,pump_fed_turbopump,full_flow_staged_combustion,SECONDARY_CLAIM,1,SOURCED,high,SRC-EDA-RAPTOR-COMPARE; SRC-SPACEX-STARSHIP-PAGE; SRC-SPACEX-UPDATES; SRC-TESLARATI-R2
ENG-US-RAPTOR-3,Raptor 3,FAM-RAPTOR,Raptor 2,block_upgrade,US,SpaceX,SpaceX,first flight 2026-05-22 (Starship Flight 12); Flight 13 2026-07-24,2026,operational,booster; upper_stage,LOX,LCH4,pump_fed_turbopump,full_flow_staged_combustion,SECONDARY_CLAIM,1,SOURCED,high,SRC-SPACEX-FLT12; SRC-SPACEX-FLT13; SRC-SPACEX-STARSHIP-PAGE; SRC-SPACEX-UPDATES
ENG-US-RAPTOR-3-VACUUM,Raptor 3 Vacuum,FAM-RAPTOR,Raptor 3,vacuum_variant,US,SpaceX,SpaceX,first flight 2026-05-22,2026,operational,upper_stage,LOX,LCH4,pump_fed_turbopump,full_flow_staged_combustion,SECONDARY_CLAIM,1,SOURCED,medium,SRC-SPACEX-FLT12; SRC-SPACEX-UPDATES
ENG-US-RAPTOR-DEVELOPMENT,Raptor (development),FAM-RAPTOR,,development_config,US,SpaceX,SpaceX,development engines c.2016-2019 (dates unsourced),,retired,test_bed,LOX,LCH4,pump_fed_turbopump,full_flow_staged_combustion,SECONDARY_CLAIM,,SOURCED,low,SRC-UT-2019-RAPTOR; SRC-WIKI-RAPTOR
ENG-US-RAPTOR-VACUUM,Raptor Vacuum,FAM-RAPTOR,Raptor 2,vacuum_variant,US,SpaceX,SpaceX,R2-era RVac flown on Starship V1/V2 2023-2025 (analyst knowledge),,retired,upper_stage,LOX,LCH4,pump_fed_turbopump,full_flow_staged_combustion,SECONDARY_CLAIM,1,SOURCED,medium,SRC-SPACEX-UPDATES
ENG-US-REAVER,Reaver,FAM-REAVER,,baseline,US,Firefly Aerospace,Firefly Aerospace,Alpha flights 2021-2025 (FLTA006 2025); return-to-flight status 2026 NOT_AUDITED,,operational,booster,NOT_AUDITED,NOT_AUDITED,pump_fed_turbopump,tap_off,REPORTED,1,SOURCED,high,SRC-FIREFLY-ALPHA-PAGE; SRC-FIREFLY-MIRANDA-RR; SRC-FIREFLY-PUG-5.2
ENG-US-RIPLEY,Ripley,FAM-RIPLEY,,,US,Ursa Major,Ursa Major,,,development,booster,LOX,kerosene,pump_fed_turbopump,UNKNOWN,UNKNOWN,1,SOURCED,high,SRC-SATTODAY-ARROWAY-2022; SRC-SATTODAY-PHANTOM-URSA-2022
ENG-US-RL10-CECE,RL10 CECE,FAM-RL10,RL10A-4,test_article,US,Pratt & Whitney,Pratt & Whitney,,,experimental,demonstrator,LOX,LH2,pump_fed_turbopump,expander_closed,INFERRED,1,UNSOURCED_PLACEHOLDER,low,
ENG-US-RL10A-1,RL10A-1,FAM-RL10,,baseline,US,Pratt & Whitney,Pratt & Whitney,,1962,retired,upper_stage,LOX,LH2,pump_fed_turbopump,expander_closed,INFERRED,1,SOURCED,high,SRC-ASME-RL10; SRC-ASTRONAUTIX-RL10; SRC-NTRS-TM107318; SRC-YARCHIVE-RL10
ENG-US-RL10A-3,RL10A-3,FAM-RL10,RL10A-1,derivative,US,Pratt & Whitney,Pratt & Whitney,,,retired,upper_stage,LOX,LH2,pump_fed_turbopump,expander_closed,INFERRED,1,SOURCED,medium,SRC-ASTRONAUTIX-RL10
ENG-US-RL10A-3-1,RL10A-3-1,FAM-RL10,RL10A-3,derivative,US,Pratt & Whitney,Pratt & Whitney,,,retired,upper_stage,LOX,LH2,pump_fed_turbopump,expander_closed,INFERRED,1,UNSOURCED_PLACEHOLDER,low,
ENG-US-RL10A-3-3,RL10A-3-3,FAM-RL10,RL10A-3-1,derivative,US,Pratt & Whitney,Pratt & Whitney,,,retired,upper_stage,LOX,LH2,pump_fed_turbopump,expander_closed,INFERRED,1,UNSOURCED_PLACEHOLDER,low,
ENG-US-RL10A-3-3A,RL10A-3-3A,FAM-RL10,RL10A-3-3,uprate,US,Pratt & Whitney,Pratt & Whitney,,1981?,retired,upper_stage,LOX,LH2,pump_fed_turbopump,expander_closed,INFERRED,1,SOURCED,high,SRC-NTRS-19910018888; SRC-NTRS-TM107318; SRC-PURDUE-RL10
ENG-US-RL10A-4,RL10A-4,FAM-RL10,RL10A-3-3A,uprate,US,Pratt & Whitney,Pratt & Whitney,,1991?,retired,upper_stage,LOX,LH2,pump_fed_turbopump,expander_closed,INFERRED,1,SOURCED,high,SRC-NAP-11780; SRC-NTRS-TM107318
ENG-US-RL10A-4-1,RL10A-4-1,FAM-RL10,RL10A-4,derivative,US,Pratt & Whitney,Pratt & Whitney,,,retired,upper_stage,LOX,LH2,pump_fed_turbopump,expander_closed,INFERRED,1,SOURCED,high,SRC-NTRS-TM107318; SRC-WIKI-ATLASIII
ENG-US-RL10A-4-2,RL10A-4-2,FAM-RL10,RL10A-4-1,derivative,US,Pratt & Whitney,Pratt & Whitney,NOT_AUDITED,2002,retired,upper_stage,LOX,LH2,pump_fed_turbopump,expander_closed,INFERRED,1,SOURCED,high,SRC-AIAA-VEHGUIDE-ATLAS; SRC-L3HARRIS-RL10-SPEC; SRC-NAP-11780; SRC-NASA-SMA-SLR-DATASHEET; SRC-NTRS-RL10A33A-MODEL; SRC-SFN-RL10C-2014; SRC-WIKI-RL10
ENG-US-RL10A-5,RL10A-5,FAM-RL10,RL10A-4,sea_level_variant,US,Pratt & Whitney,Pratt & Whitney,,1993,retired,demonstrator,LOX,LH2,pump_fed_turbopump,expander_closed,INFERRED,1,SOURCED,medium,SRC-YARCHIVE-RL10
ENG-US-RL10B-2,RL10B-2,FAM-RL10,RL10A-4,derivative,US,Pratt & Whitney,Pratt & Whitney,NOT_AUDITED,1998,operational,upper_stage,LOX,LH2,pump_fed_turbopump,expander_closed,INFERRED,1,SOURCED,high,SRC-AIAA-VEHGUIDE-DELTA; SRC-IAC-2018-43630; SRC-NAP-11780; SRC-SPACELINE-DIV; SRC-ULA-DIV-GPSIIISV02; SRC-ULA-DIV-INAUGURAL; SRC-WIKI-DCSS; SRC-WIKI-RL10
ENG-US-RL10C-1,RL10C-1,FAM-RL10,RL10A-4-2,derivative,US,Pratt & Whitney,Pratt & Whitney,,2014,operational,upper_stage,LOX,LH2,pump_fed_turbopump,expander_closed,INFERRED,1,UNSOURCED_PLACEHOLDER,low,
ENG-US-RL10C-1-1,RL10C-1-1,FAM-RL10,RL10C-1,derivative,US,Pratt & Whitney,Pratt & Whitney,,2019?,operational,upper_stage,LOX,LH2,pump_fed_turbopump,expander_closed,INFERRED,1,UNSOURCED_PLACEHOLDER,low,
ENG-US-RL10C-2,RL10C-2,FAM-RL10,RL10B-2,derivative,US,Pratt & Whitney,Pratt & Whitney,,,unknown,upper_stage,LOX,LH2,pump_fed_turbopump,expander_closed,INFERRED,1,UNSOURCED_PLACEHOLDER,low,
ENG-US-RL10C-3,RL10C-3,FAM-RL10,RL10B-2,derivative,US,Pratt & Whitney,Pratt & Whitney,,,development,upper_stage,LOX,LH2,pump_fed_turbopump,expander_closed,INFERRED,1,UNSOURCED_PLACEHOLDER,low,
ENG-US-RL10C-X,RL10C-X,FAM-RL10,RL10C-1-1,derivative,US,Pratt & Whitney,Pratt & Whitney,,,development,upper_stage,LOX,LH2,pump_fed_turbopump,expander_closed,INFERRED,1,UNSOURCED_PLACEHOLDER,low,
ENG-US-ROTON-ROTARY-ENGINE,Roton rotating annular aerospike (unnamed),FAM-ROTON,,,US,Rotary Rocket Company,Rotary Rocket Company,1996-1999 design; abandoned for Fastrac derivative June 1999,,cancelled,booster; experimental,LOX,kerosene,other,other,SECONDARY_CLAIM,,SOURCED,low,SRC-FLIGHTGLOBAL-ROTON; SRC-GLOBALSEC-ROTON; SRC-WIKI-ROTARYROCKET; SRC-WIKI-ROTON
ENG-US-RS-18,RS-18,FAM-RS-18,,,US,Rocketdyne,Rocketdyne,2000s,,cancelled,demonstrator,N2O4,Aerozine-50,pressure_fed_unspecified,none_pressure_fed,INFERRED,,UNSOURCED_PLACEHOLDER,low,
ENG-US-AR22,AR-22,FAM-RS-25,RS-25D,derivative,US,Aerojet Rocketdyne,Aerojet Rocketdyne,,,retired,booster; demonstrator,LOX,LH2,pump_fed_turbopump,staged_combustion_fuel_rich,INFERRED,1,SOURCED,high,SRC-DARPA-XS1-2017; SRC-SPACECOM-AR22-2018
ENG-US-RS-25E,RS-25E (RS-25 restart production),FAM-RS-25,RS-25D,block_upgrade,US,Aerojet Rocketdyne (L3Harris),Aerojet Rocketdyne (L3Harris),2010s-2020s dev,,development,core,LOX,LH2,pump_fed_turbopump,staged_combustion_fuel_rich,INFERRED,1,SOURCED,high,SRC-L3H-SLS-BROCHURE-2022; SRC-NASA-RS25-WEB; SRC-NTRS-20170008958; SRC-WIKI-RS25
ENG-US-SSME-BLOCK-I,SSME Block I,FAM-RS-25,SSME Phase II,block_upgrade,US,Rocketdyne (Rockwell / Boeing / PWR / Aerojet Rocketdyne),Rocketdyne (Rockwell / Boeing / PWR / Aerojet Rocketdyne),1995 (background),1995,retired,booster; core,LOX,LH2,pump_fed_turbopump,staged_combustion_fuel_rich,INFERRED,1,UNSOURCED_PLACEHOLDER,low,
ENG-US-SSME-BLOCK-II,RS-25D,FAM-RS-25,RS-25,block_upgrade,US,Rocketdyne (later PWR/Aerojet Rocketdyne); HPFTP by Pratt & Whitney,Rocketdyne,NOT_REPORTED (Block II first flight not found in round 2); Block II = Block IIA + P&W HPFTP,2001,retired,booster; core,LOX,LH2,pump_fed_turbopump,staged_combustion_fuel_rich,SECONDARY_CLAIM,1,SOURCED,medium,SRC-ENGINEHISTORY-SSME1; SRC-ENGINEHISTORY-SSMEORIENT-1998; SRC-FORUM-BITOG-PWHPFTP; SRC-IBIBLIO-SSMEOVERVIEW; SRC-L3HARRIS-RS25-SPEC; SRC-L3HARRIS-RS25-WEB; SRC-NASA-3HO; SRC-NASA-HOPSON-STS104-FRR-2001; SRC-NASA-KSC-167449-SSMEPF06; SRC-NASA-RS25-FS2015; SRC-NASA-RS25-FS2025; SRC-NASA-RS25-WEB; SRC-NASA-SSME-NPL-DOC; SRC-NTRS-19860012108; SRC-NTRS-20030005845; SRC-NTRS-20180006338; SRC-PATENT-UNIDENT-SSMEPB; SRC-RRAUCTION-SSMEORIENT-PARTA-1984; SRC-SFN-SSMEBLOCK2-2001; SRC-WIKI-RS25
ENG-US-SSME-BLOCK-IIA,SSME Block IIA,FAM-RS-25,SSME Block I,block_upgrade,US,Rocketdyne (Rockwell / Boeing / PWR / Aerojet Rocketdyne),Rocketdyne (Rockwell / Boeing / PWR / Aerojet Rocketdyne),1998 (background),,retired,booster; core,LOX,LH2,pump_fed_turbopump,staged_combustion_fuel_rich,INFERRED,1,UNSOURCED_PLACEHOLDER,low,
ENG-US-SSME-FPL-PHASE-I,SSME (FPL / Phase I),FAM-RS-25,,baseline,US,Rocketdyne (Rockwell / Boeing / PWR / Aerojet Rocketdyne),Rocketdyne (Rockwell / Boeing / PWR / Aerojet Rocketdyne),1972 dev; flown 1981-,1981,retired,booster; core,LOX,LH2,pump_fed_turbopump,staged_combustion_fuel_rich,INFERRED,1,SOURCED,medium,SRC-NASA-RS25-WEB
ENG-US-SSME-PHASE-II,SSME Phase II,FAM-RS-25,SSME (FPL / Phase I),block_upgrade,US,Rocketdyne (Rockwell / Boeing / PWR / Aerojet Rocketdyne),Rocketdyne (Rockwell / Boeing / PWR / Aerojet Rocketdyne),1983-1988 (background),,retired,booster; core,LOX,LH2,pump_fed_turbopump,staged_combustion_fuel_rich,INFERRED,1,UNSOURCED_PLACEHOLDER,low,
ENG-US-RS-27,RS-27,FAM-RS-27,H-1 (205K),derivative,US,Rocketdyne (Rockwell International),Rocketdyne (Rockwell International),1974-1992 (Delta 2000/3000/Delta II 6925),1974,retired,booster,LOX,RP-1,pump_fed_turbopump,gas_generator,INFERRED,1,SOURCED,medium,SRC-ASTRONAUTIX-LR79; SRC-WIKI-RS27
ENG-US-RS-27A,RS-27A,FAM-RS-27,RS-27,derivative,US,Rocketdyne (Boeing / PWR / Aerojet Rocketdyne),Rocketdyne (Boeing / PWR / Aerojet Rocketdyne),1990-2018,1990,retired,booster,LOX,RP-1,pump_fed_turbopump,gas_generator,INFERRED,1,SOURCED,high,SRC-PURDUE-RS27A; SRC-WIKI-RS27; SRC-WIKI-RS27A
ENG-US-RS-27C,RS-27C,FAM-RS-27,RS-27,derivative,US,Rocketdyne,Rocketdyne,,,retired,booster,LOX,RP-1,pump_fed_turbopump,gas_generator,INFERRED,,UNSOURCED_PLACEHOLDER,low,
ENG-US-RS-56-OBA,RS-56-OBA,FAM-RS-56,LR89-NA-7,derivative,US,Rocketdyne (Rockwell),Rocketdyne (Rockwell),1991-2004,1991,retired,booster,LOX,RP-1,pump_fed_turbopump,gas_generator,SECONDARY_CLAIM,1,SOURCED,high,SRC-WIKI-ATLASII; SRC-WIKI-MA5A; SRC-WIKI-RS56
ENG-US-RS-56-OSA,RS-56-OSA,FAM-RS-56,LR105-NA-7,derivative,US,Rocketdyne (Rockwell),Rocketdyne (Rockwell),1991-2004,1991,retired,sustainer,LOX,RP-1,pump_fed_turbopump,gas_generator,INFERRED,1,SOURCED,high,SRC-WIKI-ATLASII; SRC-WIKI-RS56
ENG-US-RS-68,RS-68,FAM-RS-68,,baseline,US,Boeing Rocketdyne,Boeing Rocketdyne,1990s dev; flown 2002-2012?,2002,retired,booster; core,LOX,LH2,pump_fed_turbopump,gas_generator,SECONDARY_CLAIM,1,SOURCED,high,SRC-NAP-11780; SRC-WIKI-RS68
ENG-US-RS-68A,RS-68A,FAM-RS-68,RS-68,uprate,US,Pratt & Whitney Rocketdyne / Aerojet Rocketdyne,Pratt & Whitney Rocketdyne / Aerojet Rocketdyne,2008 dev; flown 2012-2024,2012,retired,booster; core,LOX,LH2,pump_fed_turbopump,gas_generator,SECONDARY_CLAIM,1,SOURCED,high,SRC-L3H-RS68A-DS; SRC-WIKI-RS68
ENG-US-RS-83,RS-83,FAM-RS-83,,,US,Rocketdyne (Boeing),Rocketdyne (Boeing),2000-2002,,cancelled,demonstrator,LOX,LH2,pump_fed_turbopump,staged_combustion_fuel_rich,INFERRED,,UNSOURCED_PLACEHOLDER,low,
ENG-US-RS-84,RS-84,FAM-RS-84,,,US,Rocketdyne (Boeing),Rocketdyne (Boeing),2000-2004,,cancelled,demonstrator,LOX,RP-1,pump_fed_turbopump,staged_combustion_ox_rich,INFERRED,,UNSOURCED_PLACEHOLDER,low,
ENG-US-RS-88,RS-88,FAM-RS-88,,,US,Rocketdyne,Rocketdyne,"1997 Bantam System Technology; NASA tests Nov-Dec 2003 (14 hot fires, 55 s total)",,retired,demonstrator,LOX,ethanol,UNKNOWN,UNKNOWN,UNKNOWN,1,SOURCED,medium,SRC-WIKI-RS88
ENG-US-STARLINER-LAE,Starliner Launch Abort Engine (LAE),FAM-RS-88,RS-88,derivative,US,Aerojet Rocketdyne,Aerojet Rocketdyne,,,operational,other,NTO,MMH,pressure_fed_unspecified,none_pressure_fed,INFERRED,1,SOURCED,high,SRC-AR-STARLINER-2016; SRC-MILAERO-STARLINER; SRC-WIKI-RS88
ENG-US-SE-8,SE-8,FAM-SE-8,,,US,Rocketdyne,Rocketdyne,flown 1966-1975,1966,retired,rcs,N2O4,MMH,pressure_fed_regulated,none_pressure_fed,INFERRED,1,SOURCED,medium,SRC-NASA-TND7151; SRC-STEVEBLOG-SE6SE8
ENG-US-SPECTRE,Spectre,FAM-SPECTRE,,,US,Firefly Aerospace,Firefly Aerospace,,2025,operational,lander_descent; rcs; spacecraft_main,UNKNOWN,UNKNOWN,pressure_fed_unspecified,none_pressure_fed,INFERRED,1,SOURCED,medium,SRC-WIKI-BLUEGHOST
ENG-US-STARLINER-OMAC,Starliner OMAC thruster,FAM-STARLINER-SM-PROPULSION,,,US,Aerojet Rocketdyne,Aerojet Rocketdyne,,,operational,orbital_maneuver; rcs,MON-3,MMH,pressure_fed_regulated,none_pressure_fed,INFERRED,1,SOURCED,high,SRC-AR-STARLINER-2016; SRC-ARXIV-2107-06795; SRC-MILAERO-STARLINER
ENG-US-STARLINER-RCS,Starliner service module RCS thruster,FAM-STARLINER-SM-PROPULSION,,,US,Aerojet Rocketdyne,Aerojet Rocketdyne,,,operational,rcs,MON-3,MMH,pressure_fed_regulated,none_pressure_fed,INFERRED,1,SOURCED,high,SRC-AR-STARLINER-2016; SRC-ARXIV-2107-06795; SRC-NEWSPACEECON-STARLINER-2026; SRC-SPACEREVIEW-4842
ENG-US-TR-202,TR-202,FAM-TR-202,,,US,Northrop Grumman,Northrop Grumman,,,unknown,lander_descent,NOT_AUDITED,NOT_AUDITED,UNKNOWN,UNKNOWN,UNKNOWN,,UNSOURCED_PLACEHOLDER,medium,
ENG-US-TR-308,TR-308,FAM-TRW-LAE,,,US,TRW (now Northrop Grumman),TRW (now Northrop Grumman),,,unknown,spacecraft_main,NTO,N2H4,pressure_fed_unspecified,none_pressure_fed,INFERRED,1,SOURCED,medium,SRC-SATSEARCH-TR308
ENG-US-TR-312,TR-312,FAM-TRW-LAE,,,US,TRW (now Northrop Grumman),TRW (now Northrop Grumman),qualification MMH/NTO targeted early 2000,,unknown,orbital_maneuver; spacecraft_main,NTO,MMH,pressure_fed_unspecified,none_pressure_fed,INFERRED,1,SOURCED,medium,SRC-SPACEDAILY-TR312
ENG-US-TR-106,TR-106,FAM-TRW-PINTLE,,,US,TRW,TRW,,,cancelled,demonstrator,LOX,LH2,UNKNOWN,UNKNOWN,UNKNOWN,1,SOURCED,high,SRC-WIKI-TR106
ENG-US-TR-107,TR-107,FAM-TRW-PINTLE,,,US,TRW / Northrop Grumman,TRW / Northrop Grumman,2000-2004,,cancelled,demonstrator,LOX,RP-1,pump_fed_turbopump,staged_combustion_ox_rich,INFERRED,1,SOURCED,high,SRC-WIKI-TR107
ENG-US-TR-201,TR-201,FAM-TRW-PINTLE,LMDE (Apollo LM Descent Engine),derivative,US,TRW,TRW,early 1970s dev; flown 1972/1974-1988,1972,retired,upper_stage,N2O4,Aerozine-50,pressure_fed_unspecified,none_pressure_fed,SECONDARY_CLAIM,1,SOURCED,medium,SRC-PURDUE-LIQUIDS; SRC-WIKI-TR201
ENG-US-LP-2,LP-2,FAM-VECTOR,,,US,Vector Launch,Vector Launch,,,cancelled,upper_stage,LOX,propylene,pressure_fed_unspecified,none_pressure_fed,SECONDARY_CLAIM,1,SOURCED,medium,SRC-AMD-VECTOR-2017; SRC-SKYROCKET-VECTOR; SRC-WIKI-VECTORR
ENG-US-VORTEX-1500-LBF-HYPERGOLIC,"VORTEX 1,500 lbf hypergolic engine",FAM-VORTEX,,,US,Sierra Space,Sierra Space,,,development,orbital_maneuver; spacecraft_main,NOT_REPORTED,NOT_REPORTED,UNKNOWN,none_pressure_fed,INFERRED,1,SOURCED,medium,SRC-BW-SIERRA-VORTEX-1500-2023; SRC-SPACEBUCKET-DC-ENGINES
ENG-US-VR35K-A,VR35K-A,FAM-VORTEX,,,US,Sierra Space,Sierra Space,,,development,upper_stage,LOX,LH2,UNKNOWN,UNKNOWN,UNKNOWN,1,SOURCED,medium,SRC-SPACEBUCKET-DC-ENGINES
ENG-US-VR3500,VR3500,FAM-VR,,,US,Intuitive Machines,Intuitive Machines,,,development,lander_descent,LOX,LCH4,UNKNOWN,UNKNOWN,UNKNOWN,1,SOURCED,medium,SRC-IM-VR900-QUAL-2024
ENG-US-VR900,VR900,FAM-VR,,,US,Intuitive Machines,Intuitive Machines,,2024,operational,lander_descent; spacecraft_main,LOX,LCH4,UNKNOWN,UNKNOWN,UNKNOWN,1,SOURCED,high,SRC-IM-NOVAC-PAGE; SRC-IM-VR900-QUAL-2024; SRC-NEWSPACETRACKER-IMPROP; SRC-SFN-IM1-2024; SRC-WIKI-IM1
ENG-US-38ALDW-1500,38ALDW-1500,FAM-WAC-CORPORAL,,,US,Aerojet (with JPL),Aerojet (with JPL),1945-1947,1945,retired,other,RFNA,furfuryl alcohol / aniline (conflict),pressure_fed_unspecified,none_pressure_fed,INFERRED,1,SOURCED,medium,SRC-CALTECH-THESIS310; SRC-WIKI-WACCORPORAL
ENG-US-X-405,X-405,FAM-X-405,,,US,General Electric,General Electric,1955-1959,1957,retired,booster,LOX,RP-1,pump_fed_turbopump,gas_generator,SECONDARY_CLAIM,1,SOURCED,high,SRC-WIKI-VANGUARD; SRC-WIKI-X405
ENG-US-5M15,XR-5M15,FAM-XCOR,,,US,XCOR Aerospace,XCOR Aerospace,first firings announced 2007-01-16,,cancelled,demonstrator; experimental,LOX,LCH4,UNKNOWN,UNKNOWN,UNKNOWN,1,SOURCED,high,SRC-ENGINEER-5M15; SRC-FLIGHTGLOBAL-5M15
ENG-US-XCOR-LYNX-MAIN,XCOR Lynx main engine (piston-pump fed) - designation NOT confirmed this session,FAM-XCOR,,,US,XCOR Aerospace,XCOR Aerospace,~2008-2017 development,,cancelled,aircraft_rocket; experimental,LOX,kerosene,pump_fed_positive_displacement,other,SECONDARY_CLAIM,,SOURCED,low,SRC-SPACENEWS-XCOR-ULA; SRC-SPACEREF-XCOR-LOXPUMP
ENG-US-XR-4A3,XR-4A3,FAM-XCOR,,,US,XCOR Aerospace,XCOR Aerospace,,,retired,aircraft_rocket,LOX,isopropyl alcohol,pressure_fed_unspecified,none_pressure_fed,SECONDARY_CLAIM,1,SOURCED,high,SRC-MOJAVE-EZROCKET; SRC-WIKI-EZROCKET
ENG-US-XR-5K18,XR-5K18,FAM-XCOR,,,US,XCOR Aerospace,XCOR Aerospace,,,cancelled,aircraft_rocket,LOX,kerosene,pump_fed_positive_displacement,other,SECONDARY_CLAIM,1,SOURCED,high,SRC-SATNEWS-XCOR-2008; SRC-WIKI-LYNX
ENG-US-XLR10-RM-2,XLR10-RM-2,FAM-XLR10,,,US,Reaction Motors Inc.,Reaction Motors Inc.,1949-1957 (Viking flights),1949,retired,other,LOX,ethyl alcohol (95:5 ethanol-water per one source),pump_fed_turbopump,separate_turbine_working_fluid,SECONDARY_CLAIM,1,SOURCED,high,SRC-DARLING-VIKING; SRC-THISDAY-XLR10; SRC-WIKI-VIKING-SOUNDING-ROCKET
ENG-US-XLR11,XLR11,FAM-XLR11,,baseline,US,Reaction Motors Inc. (RMI),Reaction Motors Inc. (RMI),1940s-1975,1946,retired,aircraft_rocket,LOX,ethyl alcohol (diluted with water),UNKNOWN,UNKNOWN,SECONDARY_CLAIM,4,SOURCED,high,SRC-HISTORYOFWAR-X1; SRC-NASM-XLR11; SRC-NMUSAF-XLR11; SRC-WIKI-XLR11
ENG-US-XLR11-RM-5,XLR11-RM-5,FAM-XLR11,XLR11,stage_specific,US,Reaction Motors Inc.,Reaction Motors Inc.,,1946,retired,aircraft_rocket,LOX,ethyl alcohol,pressure_fed_unspecified,none_pressure_fed,INFERRED,4,SOURCED,medium,SRC-HISTORYOFWAR-X1; SRC-WIKI-XLR11
ENG-US-XLR8-RM-5,XLR8-RM-5,FAM-XLR11,XLR11,renamed,US,Reaction Motors Inc.,Reaction Motors Inc.,,,retired,aircraft_rocket,LOX,ethyl alcohol,UNKNOWN,UNKNOWN,UNKNOWN,,SOURCED,medium,SRC-WIKI-XLR11
ENG-US-XLR129-P-1,XLR129-P-1,FAM-XLR129,,,US,Pratt & Whitney (Florida R&D Center),Pratt & Whitney (Florida R&D Center),1967-1971,,cancelled,demonstrator,LOX,LH2,pump_fed_turbopump,staged_combustion_fuel_rich,INFERRED,,SOURCED,high,SRC-NTRL-AD508757; SRC-WIKI-XLR129
ENG-US-XLR25-CW-1,XLR25-CW-1,FAM-XLR25,,,US,Curtiss-Wright,Curtiss-Wright,1950s,1955,retired,aircraft_rocket,LOX,alcohol,UNKNOWN,UNKNOWN,UNKNOWN,2,SOURCED,high,SRC-NASA-DFRC-FS079; SRC-THISDAY-XLR25; SRC-WIKI-BELLX2
ENG-US-BELL-117,Bell 117,FAM-XLR81,,baseline,US,Bell Aerosystems (Bell Aircraft),Bell Aerosystems (Bell Aircraft),1950s,,cancelled,other,IRFNA,UDMH,UNKNOWN,UNKNOWN,UNKNOWN,1,UNSOURCED_PLACEHOLDER,low,
ENG-US-BELL-8001,Bell 8001,FAM-XLR81,Bell 117,derivative,US,Bell Aerosystems (Bell Aircraft),Bell Aerosystems (Bell Aircraft),,1959,retired,upper_stage,IRFNA,UDMH,pump_fed_turbopump,gas_generator,INFERRED,1,SOURCED,medium,SRC-WIKI-BELL8000
ENG-US-BELL-8048,Bell 8048,FAM-XLR81,Bell 8001,derivative,US,Bell Aerosystems (Bell Aircraft),Bell Aerosystems (Bell Aircraft),,1959,retired,upper_stage,IRFNA,UDMH,pump_fed_turbopump,gas_generator,INFERRED,1,SOURCED,medium,SRC-THISDAY-BELL8048; SRC-WIKI-BELL8000
ENG-US-BELL-8081,Bell 8081,FAM-XLR81,Bell 8048,derivative,US,Bell Aerosystems (Bell Aircraft),Bell Aerosystems (Bell Aircraft),,1960,retired,upper_stage,IRFNA,UDMH,pump_fed_turbopump,gas_generator,INFERRED,1,SOURCED,medium,SRC-ASTRONAUTIX-AGENAB; SRC-WIKI-BELL8000
ENG-US-BELL-8096,Bell 8096,FAM-XLR81,Bell 8081,derivative,US,Bell Aerosystems (Bell Aircraft),Bell Aerosystems (Bell Aircraft),,1962,retired,upper_stage,IRFNA,UDMH,pump_fed_turbopump,gas_generator,INFERRED,1,SOURCED,medium,SRC-ASTRONAUTIX-AGENAB; SRC-DESIGNSYS-RM81; SRC-WIKI-BELL8000
ENG-US-BELL-8247,Bell 8247,FAM-XLR81,Bell 8096,stage_specific,US,Bell Aerosystems (Bell Aircraft),Bell Aerosystems (Bell Aircraft),,1966,retired,upper_stage,IRFNA,UDMH,pump_fed_turbopump,gas_generator,INFERRED,1,SOURCED,medium,SRC-ASTRONAUTIX-BELL8247; SRC-WIKI-BELL8000
ENG-US-XLR99-RM-1,XLR99-RM-1,FAM-XLR99,,baseline,US,Reaction Motors Division of Thiokol,Reaction Motors Division of Thiokol,1950s dev; flown Nov 1960-1968,1960,retired,aircraft_rocket,LOX,anhydrous ammonia,pump_fed_turbopump,separate_turbine_working_fluid,INFERRED,1,SOURCED,high,SRC-NASM-XLR99; SRC-NMUSAF-XLR99; SRC-NMUSAF-YLR99; SRC-WIKI-XLR99
ENG-US-XLR99-RM-2,XLR99-RM-2,FAM-XLR99,XLR99-RM-1,derivative,US,Reaction Motors Division of Thiokol,Reaction Motors Division of Thiokol,,,retired,aircraft_rocket,LOX,anhydrous ammonia,pump_fed_turbopump,separate_turbine_working_fluid,INFERRED,1,UNSOURCED_PLACEHOLDER,low,
ENG-US-ZENITH,Zenith,FAM-ZENITH,,,US,Stoke Space,Stoke Space,,,development,booster,LOX,LCH4,pump_fed_turbopump,full_flow_staged_combustion,SECONDARY_CLAIM,1,SOURCED,high,SRC-SACRA-STOKE; SRC-SPACECOM-STOKE-2026; SRC-SPACENEWS-442279
ENG-US-AJ26-62,AJ26-62,FAM-NK,NK-33,export,US (modified Soviet engine),Aerojet,Aerojet,2000s-2014,,retired,booster,LOX,kerosene,pump_fed_turbopump,staged_combustion_ox_rich,INFERRED,1,SOURCED,medium,SRC-KOREASCI-AJ26; SRC-NAS-DEPS-068011; SRC-NASA-ORB3-IRT; SRC-SF101-ORB3; SRC-SPACEFLIGHT101-ANTARES; SRC-SPACEPOLICY-ORB3; SRC-WIKI-AJ26; SRC-WIKI-ANTARES; SRC-WIKI-NK33
ENG-NZ-ARCHIMEDES,Archimedes,FAM-ARCHIMEDES,,baseline,US/NZ,Rocket Lab,Rocket Lab,first hot fire 2024-08-08; Neutron debut slipped to 2026 and possibly 2027; no flight confirmed as of 2026-10 in sources seen,,development,booster,NOT_AUDITED,NOT_AUDITED,pump_fed_turbopump,staged_combustion_ox_rich,REPORTED,1,SOURCED,high,SRC-NSF-2026-01-NEUTRON; SRC-RL-ARCH-BUILD; SRC-RL-ARCH-HOTFIRE-2024; SRC-RL-NEUTRON-PAGE; SRC-SFN-2025-NEUTRON-DELAY; SRC-SPACECOM-NEUTRON-2026; SRC-SSAU-2026-08-NEUTRON
ENG-NZ-ARCHIMEDES-VACUUM,Archimedes Vacuum,FAM-ARCHIMEDES,Archimedes,vacuum_variant,US/NZ,Rocket Lab,Rocket Lab,stage-2 full-duration static fire reported (date not captured),,development,upper_stage,NOT_AUDITED,NOT_AUDITED,pump_fed_turbopump,staged_combustion_ox_rich,REPORTED,1,SOURCED,high,SRC-RL-ARCH-BUILD; SRC-RL-NEUTRON-PAGE; SRC-SPACECOM-NEUTRON-2026
ENG-NZ-CURIE,Curie,FAM-CURIE,,baseline,US/NZ,Rocket Lab,Rocket Lab,,2018,operational,kick_stage,NOT_REPORTED,NOT_REPORTED,pressure_fed_unspecified,none_pressure_fed,SECONDARY_CLAIM,1,SOURCED,high,SRC-WIKI-CURIE; SRC-WIKI-ELECTRON
ENG-NZ-HYPERCURIE,HyperCurie,FAM-CURIE,Curie,derivative,US/NZ,Rocket Lab,Rocket Lab,,2022,operational,kick_stage; spacecraft_main,NOT_REPORTED,NOT_REPORTED,pump_fed_electric,electric_pump,REPORTED,1,SOURCED,high,SRC-RL-PHOTON-DOC; SRC-WIKI-CURIE; SRC-WIKI-ELECTRON
ENG-NZ-RUTHERFORD,Rutherford,FAM-RUTHERFORD,,baseline,US/NZ,Rocket Lab,Rocket Lab,"first flight 2017 ('It's a Test', analyst knowledge); operational 2026-10",2017,operational,booster,LOX,NOT_AUDITED,pump_fed_electric,electric_pump,REPORTED,1,SOURCED,high,SRC-RKLB-PAYLOAD-INCREASE; SRC-RL-500-TESTS; SRC-RL-ELECTRON-PAGE; SRC-RL-PRESSKIT-2017; SRC-ROCKETLAB-ELECTRON-PAGE; SRC-ROCKETLAB-UPDATES
ENG-NZ-RUTHERFORD-VACUUM,Rutherford Vacuum,FAM-RUTHERFORD,Rutherford,vacuum_variant,US/NZ,Rocket Lab,Rocket Lab,,,operational,upper_stage,LOX,NOT_AUDITED,pump_fed_electric,electric_pump,REPORTED,1,SOURCED,high,SRC-RKLB-PAYLOAD-INCREASE; SRC-RL-100TH-RUTHERFORD; SRC-RL-ELECTRON-PAGE; SRC-ROCKETLAB-ELECTRON-PAGE; SRC-ROCKETLAB-UPDATES
