engine_id,field,value,unit,status,source_id,locator,note
ENG-AR-MT-B,thrust,14-40,kN,SECONDARY_CLAIM,SRC-WIKI-TRONADOR,search summary,older revision '1.4-4 t pressurised MMH/N2O4'
ENG-AR-RS-2,thrust,30,tf,SECONDARY_CLAIM,SRC-SKYROCKET-VEX5,search summary,
ENG-AR-RS-2,thrust,882 kN total for 3 engines,kN,SECONDARY_CLAIM,SRC-WIKI-TRONADOR,search summary,
ENG-AR-VEX-1A-ENGINE,thrust,4,tons,SECONDARY_CLAIM,SRC-WIKI-TRONADOR,search summary,
ENG-BR-L5,thrust,5,kN,SECONDARY_CLAIM,SRC-COBEM09-0532,search summary,'5 kN engine'
ENG-BR-L5,burn_time,90,s,SECONDARY_CLAIM,SRC-FAPESP-GRAVIDADE-ZERO,search summary,VS-30 module flight
ENG-BR-L75,thrust_vac,75 +/- 5,kN,REPORTED,SRC-JATM-L75-386,abstract/summary,
ENG-CN-7500N-VARIABLE-THRUST-ENGINE,throttle_range,1500-7500,N,SECONDARY_CLAIM,SRC-TSINGHUA-7500N,search summary,continuous; pintle injector varies flow area
ENG-CN-7500N-VARIABLE-THRUST-ENGINE,isp,308,s,SECONDARY_CLAIM,SRC-IFENG-CE4-ENGINE,search summary,original (Chang'e-3) version; improved to 310 s for Chang'e-4
ENG-CN-FENGYUN,thrust,140 t class,t,SECONDARY_CLAIM,SRC-36KR-JZYJ,search summary,
ENG-CN-JD-1,thrust_class,15,t,SECONDARY_CLAIM,SRC-IFENG-JD1,search-result summary of page,"[merge: status REPORTED -> SECONDARY_CLAIM, source tier D]"
ENG-CN-JD-2,thrust_class,100,t,SECONDARY_CLAIM,SRC-IFENG-JD1,search-result summary of page,"'百吨级' [merge: status REPORTED -> SECONDARY_CLAIM, source tier D]"
ENG-CN-LONGYUN,thrust_sl,676,kN,SECONDARY_CLAIM,SRC-ITHOME-893006,search summary,
ENG-CN-LONGYUN,thrust_vac,704,kN,SECONDARY_CLAIM,SRC-ITHOME-893006,search summary,
ENG-CN-LONGYUN,throttle,32-106%,%,SECONDARY_CLAIM,SRC-ITHOME-893006,search summary,
ENG-CN-490N-LAE-THIRD-GENERATION,isp_vac,323,s,REPORTED,SRC-IAC18-490N-SISP,search summary,
ENG-CN-490N-LAE-THIRD-GENERATION,isp_vac_target,>325,s,REPORTED,SRC-IAC18-490N-SISP,search summary,
ENG-CN-FY-25,isp_vac,305,s,REPORTED,SRC-IAC11-490N-CN,search summary,2990 N.s/kg; paper pinned only as 'a 2012 conference paper'
ENG-CN-FY-25,area_ratio,154,:1,REPORTED,SRC-IAC11-490N-CN,search summary,
ENG-CN-FY-25,pc,0.68,MPa,REPORTED,SRC-IAC11-490N-CN,search summary,
ENG-CN-FY-25,isp_vac,3030,N.s/kg,REPORTED,SRC-IAC03-LAE-CN,search summary,nominal vacuum Isp (~309 s); same eps/Pc
ENG-CN-FY-25,thrust_vac,490,N,REPORTED,SRC-IAC11-490N-CN,search summary,designation-level
ENG-CN-TQS492-2,isp_vac,3090,N.s/kg,REPORTED,SRC-IAC12-490N-GEN2,search summary,315 s; attribution to IAC-12 vs IAC-18 not pinned
ENG-CN-LEIYU-THUNDER-R1,thrust,20 t class,t,SECONDARY_CLAIM,SRC-ITHOME-628718,search summary,
ENG-CN-THUNDER-RS,thrust,1297.5,kN,SECONDARY_CLAIM,SRC-STDAILY-2026-THUNDERRS,search summary,measured in 100 s test; ~132.3 t
ENG-CN-THUNDER-RS,throttle,50-110%,%,SECONDARY_CLAIM,SRC-STDAILY-2026-THUNDERRS,search summary,
ENG-CN-TH-11,thrust_vac,300,kN,SECONDARY_CLAIM,SRC-WIKI-TH11,search-result summary of page,"[merge: status REPORTED -> SECONDARY_CLAIM, source tier D]"
ENG-CN-TH-11,thrust_sl,257,kN,SECONDARY_CLAIM,SRC-WIKI-TH11,search-result summary of page,"[merge: status REPORTED -> SECONDARY_CLAIM, source tier D]"
ENG-CN-TH-11,pc,10,MPa,SECONDARY_CLAIM,SRC-WIKI-TH11,search-result summary of page,"[merge: status REPORTED -> SECONDARY_CLAIM, source tier D]"
ENG-CN-TH-11,isp_vac,340.6,s,SECONDARY_CLAIM,SRC-WIKI-TH11,search-result summary of page,"[merge: status REPORTED -> SECONDARY_CLAIM, source tier D]"
ENG-CN-TH-11,throttle,50–110,%,SECONDARY_CLAIM,SRC-WIKI-TH11,search-result summary of page,"[merge: status REPORTED -> SECONDARY_CLAIM, source tier D]"
ENG-CN-TH-12,thrust_sl,95,t,REPORTED,SRC-SPACEPIONEER-TH12,search-result summary of page,
ENG-CN-TH-12,isp_sl,285,s,REPORTED,SRC-SPACEPIONEER-TH12,search-result summary of page,
ENG-CN-TH-12,tw,163,-,REPORTED,SRC-SPACEPIONEER-TH12,search-result summary of page,
ENG-CN-TH-12,throttle,50–110,%,REPORTED,SRC-SPACEPIONEER-TH12,search-result summary of page,
ENG-CN-TH-12,thrust_vac,1350,kN,SECONDARY_CLAIM,SRC-WIKI-TH12,search-result summary of page,"[merge: status REPORTED -> SECONDARY_CLAIM, source tier D]"
ENG-CN-TH-12,thrust_sl,1090,kN,SECONDARY_CLAIM,SRC-WIKI-TH12,search-result summary of page,"[merge: status REPORTED -> SECONDARY_CLAIM, source tier D]"
ENG-CN-TH-12,isp_vac,335,s,SECONDARY_CLAIM,SRC-WIKI-TH12,search-result summary of page,"[merge: status REPORTED -> SECONDARY_CLAIM, source tier D]"
ENG-CN-TH-12,throttle,40–110,%,SECONDARY_CLAIM,SRC-WIKI-TH12,search-result summary of page,"[merge: status REPORTED -> SECONDARY_CLAIM, source tier D]"
ENG-CN-TH-12,thrust_sl,110,t,SECONDARY_CLAIM,SRC-ITHOME-655315,search-result summary of page,"design ground thrust, 2022 [merge: status REPORTED -> SECONDARY_CLAIM, source tier D]"
ENG-CN-TH-12V,thrust_vac,110,t,REPORTED,SRC-SPACEPIONEER-TH12V,search-result summary of page,
ENG-CN-TH-12V,isp_vac,346,s,REPORTED,SRC-SPACEPIONEER-TH12V,search-result summary of page,
ENG-CN-TH-12V,tw,115,-,REPORTED,SRC-SPACEPIONEER-TH12V,search-result summary of page,
ENG-CN-TQ-11,thrust_class,10,t,SECONDARY_CLAIM,SRC-ITHOME-434823,search-result summary of page,"2019 plan [merge: status REPORTED -> SECONDARY_CLAIM, source tier D]"
ENG-CN-TQ-12,thrust_sl,658,kN,SECONDARY_CLAIM,SRC-WIKI-TQ12,search-result summary of page,"[merge: status REPORTED -> SECONDARY_CLAIM, source tier D]"
ENG-CN-TQ-12,isp_vac,337,s,SECONDARY_CLAIM,SRC-WIKI-TQ12,search-result summary of page,"[merge: status REPORTED -> SECONDARY_CLAIM, source tier D]"
ENG-CN-TQ-12,isp_sl,284.5,s,SECONDARY_CLAIM,SRC-WIKI-TQ12,search-result summary of page,"[merge: status REPORTED -> SECONDARY_CLAIM, source tier D]"
ENG-CN-TQ-12,isp_sl,284.5,s,SECONDARY_CLAIM,SRC-NSF-ZQ2Y3,search-result summary of page,"[merge: status REPORTED -> SECONDARY_CLAIM, source tier D]"
ENG-CN-TQ-12,pc,10.1,MPa,SECONDARY_CLAIM,SRC-WIKI-TQ12,search-result summary of page,"[merge: status REPORTED -> SECONDARY_CLAIM, source tier D]"
ENG-CN-TQ-12,area_ratio,45,-,SECONDARY_CLAIM,SRC-WIKI-TQ12,search-result summary of page,"[merge: status REPORTED -> SECONDARY_CLAIM, source tier D]"
ENG-CN-TQ-12,of,3.5,-,SECONDARY_CLAIM,SRC-NSF-ZQ2Y3,search-result summary of page,"[merge: status REPORTED -> SECONDARY_CLAIM, source tier D]"
ENG-CN-TQ-12,thrust_sl,67,t,REPORTED,SRC-NCSTI-2023-TQ,search-result summary of page,"ground version, 2019 data"
ENG-CN-TQ-12,thrust_vac,76,t,REPORTED,SRC-NCSTI-2023-TQ,search-result summary of page,ground version
ENG-CN-TQ-12,thrust_vac,80,t,REPORTED,SRC-NCSTI-2023-TQ,search-result summary of page,vacuum version
ENG-CN-TQ-12,isp_vac,350,s,REPORTED,SRC-NCSTI-2023-TQ,search-result summary of page,vacuum version
ENG-CN-TQ-12,area_ratio,40,-,REPORTED,SRC-NCSTI-2023-TQ,search-result summary of page,?version
ENG-CN-TQ-12A,thrust_delta,+9,% vs TQ-12,SECONDARY_CLAIM,SRC-WIKI-TQ15,search-result summary of page,"text quoted in summary [merge: status REPORTED -> SECONDARY_CLAIM, source tier D]"
ENG-CN-TQ-12A,isp_delta,+40,m/s vs TQ-12,SECONDARY_CLAIM,SRC-WIKI-TQ15,search-result summary of page,"[merge: status REPORTED -> SECONDARY_CLAIM, source tier D]"
ENG-CN-TQ-12A,mass_delta,-100,kg,SECONDARY_CLAIM,SRC-WIKI-TQ15,search-result summary of page,"[merge: status REPORTED -> SECONDARY_CLAIM, source tier D]"
ENG-CN-TQ-12A,throttle,50–110,%,SECONDARY_CLAIM,SRC-WIKI-TQ15,search-result summary of page,"demonstrated in test [merge: status REPORTED -> SECONDARY_CLAIM, source tier D]"
ENG-CN-TQ-15A,thrust_vac,836,kN,SECONDARY_CLAIM,SRC-WIKI-TQ15,search-result summary of page,"[merge: status REPORTED -> SECONDARY_CLAIM, source tier D]"
ENG-CN-TQ-15A,thrust_vac,836,kN,REPORTED,SRC-NCSTI-2023-TQ,search-result summary of page,
ENG-CN-TQ-15A,isp_vac,334.5,s,REPORTED,SRC-NCSTI-2023-TQ,search-result summary of page,
ENG-CN-TQ-15A,of,2.9,-,REPORTED,SRC-NCSTI-2023-TQ,search-result summary of page,
ENG-CN-TQ-15A,area_ratio,50,-,REPORTED,SRC-NCSTI-2023-TQ,search-result summary of page,
ENG-CN-TQ-15A,pc,10.1,MPa,SECONDARY_CLAIM,SRC-WIKI-TQ15,search-result summary of page,"[merge: status REPORTED -> SECONDARY_CLAIM, source tier D]"
ENG-CN-TQ-15A,throttle,55–110,%,SECONDARY_CLAIM,SRC-WIKI-TQ15,search-result summary of page,"[merge: status REPORTED -> SECONDARY_CLAIM, source tier D]"
ENG-CN-TQ-15A,throttle,55–110,%,SECONDARY_CLAIM,SRC-JIEMIAN-TQ,search-result summary of page,"[merge: status REPORTED -> SECONDARY_CLAIM, source tier D]"
ENG-CN-TQ-15A,throttle,60–100,%,SECONDARY_CLAIM,SRC-BJNEWS-TQ15A,search-result summary of page,"[merge: status REPORTED -> SECONDARY_CLAIM, source tier D]"
ENG-CN-TQ-15A,gimbal,4,deg,SECONDARY_CLAIM,SRC-WIKI-TQ15,search-result summary of page,"[merge: status REPORTED -> SECONDARY_CLAIM, source tier D]"
ENG-CN-WELKIN,thrust_sl,50,t,REPORTED,SRC-GE-WELKIN-EN,search summary,
ENG-CN-WELKIN,throttle,4:1,-,REPORTED,SRC-GE-WELKIN-EN,search summary,
ENG-CN-WELKIN,isp_sl,>265,s,REPORTED,SRC-GE-CQ50-CN,search summary,
ENG-CN-WELKIN,throttle,32-105%,%,SECONDARY_CLAIM,SRC-10JQKA-CQ50,search summary,
ENG-CN-WELKIN,thrust_sl,400,kN,SECONDARY_CLAIM,SRC-WIKI-WELKIN,search summary,
ENG-CN-WELKIN,thrust_vac,500,kN,SECONDARY_CLAIM,SRC-WIKI-WELKIN,search summary,
ENG-CN-WELKIN,pc,8.0,MPa,SECONDARY_CLAIM,SRC-WIKI-WELKIN,search summary,
ENG-CN-WELKIN-VAC,thrust_vac,600,kN,SECONDARY_CLAIM,SRC-ORBITCODEX-PALLAS,search summary,Tier E
ENG-CN-YF-1,thrust_vac,303.6,kN,SECONDARY_CLAIM,SRC-WIKI-YF1,search-result summary of page,"[merge: status REPORTED -> SECONDARY_CLAIM, source tier D]"
ENG-CN-YF-3A,thrust_max,320.2,kN,SECONDARY_CLAIM,SRC-WIKI-CZ1,search-result summary of page,"CZ-1 stage 2 maximum thrust [merge: status REPORTED -> SECONDARY_CLAIM, source tier D]"
ENG-CN-YF-3A,burn_time,126,s,SECONDARY_CLAIM,SRC-WIKI-CZ1,search-result summary of page,"about [merge: status REPORTED -> SECONDARY_CLAIM, source tier D]"
ENG-CN-YF-100,pc,18,MPa,SECONDARY_CLAIM,SRC-WIKI-YF100,infobox,"OP-1 2,600 psi"
ENG-CN-YF-100,pc,18,MPa,SECONDARY_CLAIM,SRC-BILI-CV15113396,推力室室压:18Mpa,OP-1
ENG-CN-YF-100,thrust_vac,1340,kN,SECONDARY_CLAIM,SRC-WIKI-YF100,infobox,OP-1
ENG-CN-YF-100,thrust_vac,1340.5,kN,SECONDARY_CLAIM,SRC-BILI-CV15113396,round-1,OP-1
ENG-CN-YF-100,thrust_sl,1200,kN,SECONDARY_CLAIM,SRC-WIKI-YF100,infobox,OP-2
ENG-CN-YF-100,thrust_sl,1188,kN,SECONDARY_CLAIM,SRC-BILI-CV15113396,round-1,OP-2
ENG-CN-YF-100,thrust_sl,1000 kN design raised to 1200 kN,kN,SECONDARY_CLAIM,SRC-HUXIU-YF100,round-1,OP-2
ENG-CN-YF-100,isp_sl,299.9,s,SECONDARY_CLAIM,SRC-BILI-CV15113396,round-1,OP-2
ENG-CN-YF-100,isp_vac,335.0,s,SECONDARY_CLAIM,SRC-BILI-CV15113396,round-1,OP-1
ENG-CN-YF-100,of,2.6,-,SECONDARY_CLAIM,SRC-BILI-CV15113396,round-1,
ENG-CN-YF-100,area_ratio,35,-,SECONDARY_CLAIM,SRC-BILI-CV15113396,round-1,
ENG-CN-YF-100,throttle,65%-105%,%,SECONDARY_CLAIM,SRC-WIKI-YF100,infobox,
ENG-CN-YF-100,throttle,65%-100%,%,SECONDARY_CLAIM,SRC-BILI-CV15113396,search summary,
ENG-CN-YF-100,thrust_sl,1200,kN,SECONDARY_CLAIM,SRC-HUXIU-YF100,search-result summary of page,"raised from 1000 kN design [merge: status REPORTED -> SECONDARY_CLAIM, source tier E]"
ENG-CN-YF-100,throttle,65–100% (also 49–108% stated),%,SECONDARY_CLAIM,SRC-BILI-CV15113396,search-result summary of page,
ENG-CN-YF-100K,thrust_sl,1250,kN,SECONDARY_CLAIM,SRC-PAPER-YF100K,search-result summary of page,"YF-100K/L [merge: status REPORTED -> SECONDARY_CLAIM, source tier D]"
ENG-CN-YF-100K,isp_sl,301.8,s,SECONDARY_CLAIM,SRC-PAPER-YF100K,search-result summary of page,"[merge: status REPORTED -> SECONDARY_CLAIM, source tier D]"
ENG-CN-YF-100K,thrust_vac,1397,kN,SECONDARY_CLAIM,SRC-PAPER-YF100K,search-result summary of page,"[merge: status REPORTED -> SECONDARY_CLAIM, source tier D]"
ENG-CN-YF-100K,isp_vac,338.2,s,SECONDARY_CLAIM,SRC-PAPER-YF100K,search-result summary of page,"[merge: status REPORTED -> SECONDARY_CLAIM, source tier D]"
ENG-CN-YF-100K,thrust_sl_cluster,382,t,SECONDARY_CLAIM,SRC-163-CZ10-TEST,search-result summary of page,"3×YF-100K ground test total [merge: status REPORTED -> SECONDARY_CLAIM, source tier D]"
ENG-CN-YF-100L,thrust_sl,1250,kN,SECONDARY_CLAIM,SRC-PAPER-YF100K,search-result summary of page,"grouped as 'YF-100K/L' [merge: status REPORTED -> SECONDARY_CLAIM, source tier D]"
ENG-CN-YF-100M,thrust_vac,1450,kN,SECONDARY_CLAIM,SRC-PAPER-YF100K,search-result summary of page,"[merge: status REPORTED -> SECONDARY_CLAIM, source tier D]"
ENG-CN-YF-100M,isp_vac,349.8,s,SECONDARY_CLAIM,SRC-PAPER-YF100K,search-result summary of page,"[merge: status REPORTED -> SECONDARY_CLAIM, source tier D]"
ENG-CN-YF-115,thrust_vac,17850,kgf,SECONDARY_CLAIM,SRC-SF101-CZ6,search-result summary of page,"[merge: status REPORTED -> SECONDARY_CLAIM, source tier D]"
ENG-CN-YF-115,thrust_vac,17850,kgf,SECONDARY_CLAIM,SRC-MYNAVI-CHINA2,search-result summary of page,"[merge: status REPORTED -> SECONDARY_CLAIM, source tier D]"
ENG-CN-YF-115,thrust_vac,176.5,kN,SECONDARY_CLAIM,SRC-WIKI-YF115,search-result summary of page,"citation needed on page [merge: status REPORTED -> SECONDARY_CLAIM, source tier D]"
ENG-CN-YF-115,thrust_sl,147.1,kN,SECONDARY_CLAIM,SRC-WIKI-YF115,search-result summary of page,"[merge: status REPORTED -> SECONDARY_CLAIM, source tier D]"
ENG-CN-YF-115,isp_vac,341.5,s,SECONDARY_CLAIM,SRC-WIKI-YF115,search-result summary of page,"[merge: status REPORTED -> SECONDARY_CLAIM, source tier D]"
ENG-CN-YF-115,pc,12,MPa,SECONDARY_CLAIM,SRC-WIKI-YF115,search-result summary of page,"[merge: status REPORTED -> SECONDARY_CLAIM, source tier D]"
ENG-CN-YF-115,of,2.5,-,SECONDARY_CLAIM,SRC-WIKI-YF115,search-result summary of page,"[merge: status REPORTED -> SECONDARY_CLAIM, source tier D]"
ENG-CN-YF-130,thrust_sl,5000,kN,SECONDARY_CLAIM,SRC-WIKI-YF130,search-result summary of page,"~500 t class [merge: status REPORTED -> SECONDARY_CLAIM, source tier D]"
ENG-CN-YF-20,thrust_vac,816.3,kN,SECONDARY_CLAIM,SRC-WIKI-YF20,search-result summary of page,"EN page does not label variant; ja.wiki labels it YF-20B [merge: status REPORTED -> SECONDARY_CLAIM, source tier D]"
ENG-CN-YF-20,thrust_sl,731.5,kN,SECONDARY_CLAIM,SRC-WIKI-YF20,search-result summary of page,"[merge: status REPORTED -> SECONDARY_CLAIM, source tier D]"
ENG-CN-YF-20,pc,7.1,MPa,SECONDARY_CLAIM,SRC-WIKI-YF20,search-result summary of page,"[merge: status REPORTED -> SECONDARY_CLAIM, source tier D]"
ENG-CN-YF-20,isp_vac,289,s,SECONDARY_CLAIM,SRC-WIKI-YF20,search-result summary of page,"[merge: status REPORTED -> SECONDARY_CLAIM, source tier D]"
ENG-CN-YF-20,burn_time,160,s,SECONDARY_CLAIM,SRC-WIKI-YF20,search-result summary of page,"[merge: status REPORTED -> SECONDARY_CLAIM, source tier D]"
ENG-CN-YF-20B,thrust_vac,816.3,kN,SECONDARY_CLAIM,SRC-WEBLIO-YF20,search-result summary of page,"[merge: status REPORTED -> SECONDARY_CLAIM, source tier D]"
ENG-CN-YF-20B,thrust_sl,731.5,kN,SECONDARY_CLAIM,SRC-WEBLIO-YF20,search-result summary of page,"[merge: status REPORTED -> SECONDARY_CLAIM, source tier D]"
ENG-CN-YF-20B,isp_vac,289,s,SECONDARY_CLAIM,SRC-WEBLIO-YF20,search-result summary of page,"[merge: status REPORTED -> SECONDARY_CLAIM, source tier D]"
ENG-CN-YF-20B,isp_sl,259,s,SECONDARY_CLAIM,SRC-WEBLIO-YF20,search-result summary of page,"[merge: status REPORTED -> SECONDARY_CLAIM, source tier D]"
ENG-CN-YF-20B,pc,7.1,MPa,SECONDARY_CLAIM,SRC-WEBLIO-YF20,search-result summary of page,"[merge: status REPORTED -> SECONDARY_CLAIM, source tier D]"
ENG-CN-YF-20B,burn_time,160,s,SECONDARY_CLAIM,SRC-WEBLIO-YF20,search-result summary of page,"[merge: status REPORTED -> SECONDARY_CLAIM, source tier D]"
ENG-CN-YF-21B,thrust_sl,2962,kN,SECONDARY_CLAIM,SRC-GS-CZ2D,search-result summary of page,"module total; SL/vac basis not stated [merge: status REPORTED -> SECONDARY_CLAIM, source tier D]"
ENG-CN-YF-21B,thrust_vac,3265,kN,DERIVED,SRC-WEBLIO-YF20,search-result summary of page,"4×816.3 kN; derived by search summary, not printed"
ENG-CN-YF-23,thrust_vac,47.1,kN,SECONDARY_CLAIM,SRC-WIKI-YF23,search-result summary of page,"[merge: status REPORTED -> SECONDARY_CLAIM, source tier D]"
ENG-CN-YF-23,thrust_vac,46.1,kN,SECONDARY_CLAIM,SRC-GS-CZ2D,search-result summary of page,"vernier [merge: status REPORTED -> SECONDARY_CLAIM, source tier D]"
ENG-CN-YF-24C,thrust_main,742,kN,SECONDARY_CLAIM,SRC-GS-CZ2D,search-result summary of page,"main engine [merge: status REPORTED -> SECONDARY_CLAIM, source tier D]"
ENG-CN-YF-24C,thrust_vernier,47.1,kN,SECONDARY_CLAIM,SRC-GS-CZ2D,search-result summary of page,"one source 46.1 kN [merge: status REPORTED -> SECONDARY_CLAIM, source tier D]"
ENG-CN-YF-209,thrust_class,80,t,SECONDARY_CLAIM,SRC-CHINADAILY-YF209,search-result summary of page,"[merge: status REPORTED -> SECONDARY_CLAIM, source tier D]"
ENG-CN-YF-215,thrust_sl,2000,kN,SECONDARY_CLAIM,SRC-WIKI-YF215,search-result summary of page,"~200 t class [merge: status REPORTED -> SECONDARY_CLAIM, source tier D]"
ENG-CN-YF-40,thrust_vac,103,kN,SECONDARY_CLAIM,SRC-WIKI-YF40,search-result summary of page,"[merge: status REPORTED -> SECONDARY_CLAIM, source tier D]"
ENG-CN-YF-40,isp_vac,303,s,SECONDARY_CLAIM,SRC-WIKI-YF40,search-result summary of page,"[merge: status REPORTED -> SECONDARY_CLAIM, source tier D]"
ENG-CN-YF-40,of,2.14,-,SECONDARY_CLAIM,SRC-WIKI-YF40,search-result summary of page,"[merge: status REPORTED -> SECONDARY_CLAIM, source tier D]"
ENG-CN-YF-40,area_ratio,55,-,SECONDARY_CLAIM,SRC-WIKI-YF40,search-result summary of page,"[merge: status REPORTED -> SECONDARY_CLAIM, source tier D]"
ENG-CN-YF-40,burn_time,412,s,SECONDARY_CLAIM,SRC-WIKI-YF40,search-result summary of page,"[merge: status REPORTED -> SECONDARY_CLAIM, source tier D]"
ENG-CN-YF-40,gimbal,4.5,deg,SECONDARY_CLAIM,SRC-WIKI-YF40,search-result summary of page,"[merge: status REPORTED -> SECONDARY_CLAIM, source tier D]"
ENG-CN-YF-40,thrust_max,100.85,kN,SECONDARY_CLAIM,SRC-WIKI-CZ4B,search-result summary of page,"stage 3; per-engine vs per-stage ambiguous [merge: status REPORTED -> SECONDARY_CLAIM, source tier D]"
ENG-CN-YF-40,thrust,100.85,kN,SECONDARY_CLAIM,SRC-GS-CZ4,search-result summary of page,"[merge: status REPORTED -> SECONDARY_CLAIM, source tier D]"
ENG-CN-YF-40A,isp_vac,303,s,SECONDARY_CLAIM,SRC-EDA-CZ4C,search-result summary of page,"[merge: status REPORTED -> SECONDARY_CLAIM, source tier D]"
ENG-CN-YF-50D,thrust_max,6.5,kN,SECONDARY_CLAIM,SRC-WIKI-YZ,search-result summary of page,"[merge: status REPORTED -> SECONDARY_CLAIM, source tier D]"
ENG-CN-YF-50D,isp,315.5,s,SECONDARY_CLAIM,SRC-WIKI-YZ,search-result summary of page,"[merge: status REPORTED -> SECONDARY_CLAIM, source tier D]"
ENG-CN-YF-73,thrust_vac,44.15,kN,SECONDARY_CLAIM,SRC-WIKI-YF73,search-result summary of page,"[merge: status REPORTED -> SECONDARY_CLAIM, source tier D]"
ENG-CN-YF-73,thrust_max,44.43,kN,SECONDARY_CLAIM,SRC-WIKI-CZ3,search-result summary of page,"stage 3 max [merge: status REPORTED -> SECONDARY_CLAIM, source tier D]"
ENG-CN-YF-73,of,5.0,-,SECONDARY_CLAIM,SRC-WIKI-YF73,search-result summary of page,"[merge: status REPORTED -> SECONDARY_CLAIM, source tier D]"
ENG-CN-YF-75,thrust_vac,78.45,kN,SECONDARY_CLAIM,SRC-WIKI-YF75,search-result summary of page,"[merge: status REPORTED -> SECONDARY_CLAIM, source tier D]"
ENG-CN-YF-75,isp_vac,438,s,SECONDARY_CLAIM,SRC-WIKI-YF75,search-result summary of page,"[merge: status REPORTED -> SECONDARY_CLAIM, source tier D]"
ENG-CN-YF-75,burn_time,470,s,SECONDARY_CLAIM,SRC-WIKI-YF75,search-result summary of page,"[merge: status REPORTED -> SECONDARY_CLAIM, source tier D]"
ENG-CN-YF-75D,thrust_vac,88.36,kN,SECONDARY_CLAIM,SRC-WIKI-YF75D,search-result summary of page,"[merge: status REPORTED -> SECONDARY_CLAIM, source tier D]"
ENG-CN-YF-75D,isp_vac,442.6,s,SECONDARY_CLAIM,SRC-WIKI-YF75D,search-result summary of page,"[merge: status REPORTED -> SECONDARY_CLAIM, source tier D]"
ENG-CN-YF-75D,of,6.0,-,SECONDARY_CLAIM,SRC-WIKI-YF75D,search-result summary of page,"[merge: status REPORTED -> SECONDARY_CLAIM, source tier D]"
ENG-CN-YF-75D,burn_time,780,s,SECONDARY_CLAIM,SRC-WIKI-YF75D,search-result summary of page,"[merge: status REPORTED -> SECONDARY_CLAIM, source tier D]"
ENG-CN-YF-75D,pc,4.1,MPa,SECONDARY_CLAIM,SRC-WIKI-YF75D,search-result summary of page,"[merge: status REPORTED -> SECONDARY_CLAIM, source tier D]"
ENG-CN-YF-75D,turbine_speed,65000,rpm,SECONDARY_CLAIM,SRC-WIKI-YF75D,search-result summary of page,"two-stage axial subsonic turbine [merge: status REPORTED -> SECONDARY_CLAIM, source tier D]"
ENG-CN-YF-77,of,5.5,-,REPORTED,SRC-IAC13-17679,abstract,OP-1
ENG-CN-YF-77,of,5.5 (adjustable),-,SECONDARY_CLAIM,SRC-WIKI-YF77,infobox,
ENG-CN-YF-77,thrust_vac,700,kN,REPORTED,SRC-IAC13-17679,abstract,OP-1
ENG-CN-YF-77,thrust_vac,700,kN,SECONDARY_CLAIM,SRC-WIKI-YF77,infobox,OP-1
ENG-CN-YF-77,thrust_sl,518,kN,SECONDARY_CLAIM,SRC-WIKI-YF77,infobox (current),OP-2
ENG-CN-YF-77,thrust_sl,510,kN,SECONDARY_CLAIM,SRC-WIKI-YF77,infobox (other revision/mirror),OP-2
ENG-CN-YF-77,pc,10.1,MPa,SECONDARY_CLAIM,SRC-WIKI-YF77,infobox (one revision),
ENG-CN-YF-77,pc,10.2,MPa,SECONDARY_CLAIM,SRC-WIKI-YF77,infobox (other revision),"1,480 psi"
ENG-CN-YF-77,isp_vac,428.0,s,SECONDARY_CLAIM,SRC-WIKI-YF77,one revision,OP-1
ENG-CN-YF-77,isp_vac,430,s,SECONDARY_CLAIM,SRC-WIKI-YF77,other revision,OP-1
ENG-CN-YF-77,isp_sl,316.7,s,SECONDARY_CLAIM,SRC-WIKI-YF77,one revision,OP-2
ENG-CN-YF-77,isp_sl,310.2,s,SECONDARY_CLAIM,SRC-WIKI-YF77,other revision,OP-2
ENG-CN-YF-77,burn_time,525,s,SECONDARY_CLAIM,SRC-WIKI-YF77,one revision,
ENG-CN-YF-77,burn_time,520,s,SECONDARY_CLAIM,SRC-WIKI-YF77,other revision,
ENG-DE-AESTUS,thrust_vac,29.6,kN,SECONDARY_CLAIM,SRC-WIKI-AESTUS,infobox,
ENG-DE-AESTUS,thrust_vac,2.7,tonnes,SECONDARY_CLAIM,SRC-ESA-EPS,page,~26.5 kN
ENG-DE-AESTUS,pc,11,bar,SECONDARY_CLAIM,SRC-WIKI-AESTUS,infobox,
ENG-DE-AESTUS,pc,10.0,bar,SECONDARY_CLAIM,SRC-MECAIND-2020-T1,Table 1,
ENG-DE-AESTUS,isp_vac,324,s,SECONDARY_CLAIM,SRC-WIKI-AESTUS,infobox,
ENG-DE-AESTUS,of,1.9,-,SECONDARY_CLAIM,SRC-WIKI-AESTUS,infobox,
ENG-DE-AESTUS,of,2.05,-,SECONDARY_CLAIM,SRC-MECAIND-2020-T1,Table 1,
ENG-DE-AESTUS,area_ratio,84,-,SECONDARY_CLAIM,SRC-MECAIND-2020-T1,Table 1,
ENG-DE-AESTUS,mass,111,kg,SECONDARY_CLAIM,SRC-SATNOW-AESTUS,listing,
ENG-DE-AESTUS,mass,115,kg,SECONDARY_CLAIM,SRC-ESA-EPS,page,
ENG-DE-AESTUS,mdot,9.3,kg/s,SECONDARY_CLAIM,SRC-SATNOW-AESTUS,listing,
ENG-DE-AESTUS,burn_time,1100,s,SECONDARY_CLAIM,SRC-WIKI-AESTUS,infobox,
ENG-DE-AESTUS-II,thrust,12500,lbf,SECONDARY_CLAIM,SRC-SFN-RS72-2000,news,~55 kN; attribution between RS-72 results uncertain
ENG-DE-AESTUS-II,design_life,2500,s,SECONDARY_CLAIM,SRC-BOEING-RS72-2000,press release,
ENG-DE-A1-ENGINE,thrust,300,kgf,SECONDARY_CLAIM,SRC-WIKI-AGGREGAT,A1 section,2.9 kN / 660 lbf
ENG-DE-A1-ENGINE,burn_time,16,s,SECONDARY_CLAIM,SRC-WIKI-AGGREGAT,A1 section,
ENG-DE-A3-ENGINE,thrust,14.7,kN,SECONDARY_CLAIM,SRC-WIKI-AGGREGAT,A3 section,~1500 kgf
ENG-DE-A4-ENGINE,thrust_sl,25,"metric tons (~56,000 lb)",SECONDARY_CLAIM,SRC-NASM-A19600013000,search summary (URL-level),'about 25 metric tons' R2: WebSearch result summary only; re-verify.
ENG-DE-A4-ENGINE,mdot_fuel,128,lb/s (alcohol),SECONDARY_CLAIM,SRC-NMUSAF-V2,search summary (URL-level),R2: WebSearch result summary only; re-verify.
ENG-DE-A4-ENGINE,mdot_ox,159,lb/s (LOX),SECONDARY_CLAIM,SRC-NMUSAF-V2,search summary (URL-level),R2: WebSearch result summary only; re-verify.
ENG-DE-A4-ENGINE,turbine_power,580,hp,SECONDARY_CLAIM,SRC-NMUSAF-V2,search summary (URL-level),R2: WebSearch result summary only; re-verify.
ENG-DE-A4-ENGINE,tp_speed,3800,rpm (about),SECONDARY_CLAIM,SRC-NMUSAF-V2,search summary (URL-level),R2: WebSearch result summary only; re-verify.
ENG-DE-A4-ENGINE,thrust_sl,25,metric tons,SECONDARY_CLAIM,SRC-ENGINEHISTORY-V2,museum article,"~56,000 lb"
ENG-DE-A4-ENGINE,pc,218,psi,SECONDARY_CLAIM,SRC-ENGINEHISTORY-V2,museum article,~15 atm; gauge/abs unstated
ENG-DE-A4-ENGINE,isp_sl,203,s,SECONDARY_CLAIM,SRC-V2ROCKETHISTORY-TP,article,
ENG-DE-A4-ENGINE,isp_vac,239,s,SECONDARY_CLAIM,SRC-V2ROCKETHISTORY-TP,article,
ENG-DE-A4-ENGINE,mdot_fuel,128,lb/s,SECONDARY_CLAIM,SRC-ENGINEHISTORY-V2,article,alcohol
ENG-DE-A4-ENGINE,mdot_ox,159,lb/s,SECONDARY_CLAIM,SRC-ENGINEHISTORY-V2,article,LOX
ENG-DE-A4-ENGINE,turbine_power,580,hp,SECONDARY_CLAIM,SRC-ENGINEHISTORY-V2,article,~3800 rpm; another source 5000 rpm
ENG-DE-AQUILA,thrust_sl,75,kN,SECONDARY_CLAIM,SRC-NSE-ELC-2025,search summary,
ENG-DE-AQUILA-VAC,thrust_vac,94,kN,SECONDARY_CLAIM,SRC-NSE-ELC-2025,search summary,
ENG-EU-ESM-RCS-220-N,thrust_vac,220,N,REPORTED,SRC-ESA-ESMPROP,search summary,seen only via WebSearch result summary (direct fetch blocked by egress proxy); verify against source
ENG-DE-ASTRIS,thrust_sl,19.6,kN,SECONDARY_CLAIM,SRC-WIKI-ASTRIS-ENGINE,infobox,
ENG-DE-ASTRIS,thrust_vac,23.3,kN,SECONDARY_CLAIM,SRC-WIKI-ASTRIS-ENGINE,infobox,
ENG-DE-ASTRIS,thrust,22.56,kN,SECONDARY_CLAIM,SRC-DEUTSCHESMUSEUM-EUROPA,exhibit,
ENG-DE-ASTRIS,isp_vac,310,s,SECONDARY_CLAIM,SRC-WIKI-ASTRIS-ENGINE,infobox,
ENG-DE-ASTRIS,burn_time,330,s,SECONDARY_CLAIM,SRC-WIKI-ASTRIS-ENGINE,infobox,
ENG-DE-ASTRIS,burn_time,375,s,SECONDARY_CLAIM,SRC-DEUTSCHESMUSEUM-EUROPA,exhibit,
ENG-DE-BMW-109-548,thrust,140 -> 30,kg,SECONDARY_CLAIM,SRC-NASM-X4,catalogue,declining
ENG-DE-BMW-109-558,thrust,3.7,kN,SECONDARY_CLAIM,SRC-WIKI-BMW109558,Hs 117 article,"for 33 s, then 0.588 kN for 24 s"
ENG-DE-BMW-109-558,thrust,375 -> 60,kg,SECONDARY_CLAIM,SRC-NASM-BMW109558,catalogue,falls with tank pressure
ENG-DE-BMW-109-718,thrust,1250,kg,SECONDARY_CLAIM,SRC-WIKI-BMW109718,article,"2,760 lb; 3-5 min"
ENG-DE-BMW-109-718,thrust,9.8,kN,SECONDARY_CLAIM,SRC-WARBIRDS-ME262,variants page,"2,200 lbf"
ENG-DE-BMW-109-718,mass,80,kg,SECONDARY_CLAIM,SRC-WIKI-BMW109718,article,complete unit
ENG-DE-HELIX,thrust,100,kN,REPORTED,SRC-RFA-GUIDE,guide page,
ENG-DE-HELIX-2-0,thrust,200,kN,REPORTED,SRC-RFA-GUIDE,search summary,design target
ENG-DE-HWK-109-500,thrust,500,kgf,SECONDARY_CLAIM,SRC-WIKI-HWK109500,article,"1,100 lb"
ENG-DE-HWK-109-500,burn_time,30,s,SECONDARY_CLAIM,SRC-WIKI-HWK109500,article,
ENG-DE-HWK-109-507,thrust,590,kgf,SECONDARY_CLAIM,SRC-WIKI-HWK109507,Hs 293 article,5.8 kN
ENG-DE-HWK-109-507,thrust,600 -> 400,kg,SECONDARY_CLAIM,SRC-NASM-HWK109507,catalogue,declining with air-bottle pressure
ENG-DE-HWK-109-507,burn_time,10,s,SECONDARY_CLAIM,SRC-NASM-HWK109507,catalogue,
ENG-DE-HWK-109-509,thrust,17,kN,SECONDARY_CLAIM,SRC-WIKI-HWK109509,infobox,"3,820 lbf"
ENG-DE-HWK-109-509,thrust,200-1800,kg,SECONDARY_CLAIM,SRC-NASM-HWK109509,catalogue,variable thrust; 8-10 min
ENG-DE-HWK-109-509,thrust,1700,kg,SECONDARY_CLAIM,SRC-WIKI-HWK109509,several web pages (aeropedia etc.),"509A-2 3,750 lb"
ENG-DE-RHEINTOCHTER-R3-SUSTAINER,thrust,3900,lb,SECONDARY_CLAIM,SRC-NASM-RHEINTOCHTER,catalogue,
ENG-DE-RHEINTOCHTER-R3-SUSTAINER,burn_time,43,s,SECONDARY_CLAIM,SRC-NASM-RHEINTOCHTER,catalogue,
ENG-DE-GALILEO-RPM-10-N,thrust_vac,10,N,REPORTED,SRC-EADS-GALILEO-2003,search summary,
ENG-DE-GALILEO-RPM-400-N,thrust_vac,400,N,REPORTED,SRC-EADS-GALILEO-2003,search summary,also in NASA paper
ENG-DE-GALILEO-RPM-400-N,burn_time_total,>1,h,REPORTED,SRC-EADS-GALILEO-2003,search summary,'in operation for over one hour in total'
ENG-DE-OTRAG-CRPU-ENGINE,thrust,26.96,kN,SECONDARY_CLAIM,SRC-WIKI-OTRAG,search summary,max
ENG-DE-OTRAG-CRPU-ENGINE,isp,297,s,SECONDARY_CLAIM,SRC-WIKI-OTRAG,search summary,
ENG-DE-OTRAG-CRPU-ENGINE,burn_time,140,s,SECONDARY_CLAIM,SRC-WIKI-OTRAG,search summary,
ENG-DE-OTRAG-CRPU-ENGINE,throttle,100-40%,%,SECONDARY_CLAIM,SRC-KSP-OTRAG,search summary,forum
ENG-EU-S10-10-N-BIPROPELLANT-THRUSTER,thrust_vac,10,N,REPORTED,SRC-AG-10N,search summary,range 6.0-12.5 N; seen only via WebSearch result summary (direct fetch blocked by egress proxy); verify against source
ENG-EU-S10-10-N-BIPROPELLANT-THRUSTER,isp_vac,292,s,REPORTED,SRC-AG-10N,search summary,nominal; seen only via WebSearch result summary (direct fetch blocked by egress proxy); verify against source
ENG-EU-S10-10-N-BIPROPELLANT-THRUSTER,mdot,3.5,g/s,REPORTED,SRC-AG-10N,search summary,seen only via WebSearch result summary (direct fetch blocked by egress proxy); verify against source
ENG-EU-S10-10-N-BIPROPELLANT-THRUSTER,mass,350,g,REPORTED,SRC-AG-10N,search summary,single seat valve; 650 g dual seat; seen only via WebSearch result summary (direct fetch blocked by egress proxy); verify against source
ENG-EU-S400-12,isp_vac,318,s,REPORTED,SRC-AG-APOGEE,search summary,seen only via WebSearch result summary (direct fetch blocked by egress proxy); verify against source
ENG-EU-S400-15,isp_vac,321,s,REPORTED,SRC-AG-APOGEE,search summary,larger nozzle; ~1% higher efficiency than S400-12; seen only via WebSearch result summary (direct fetch blocked by egress proxy); verify against source
ENG-ES-TEPREL-B,thrust_sl,30,kN,SECONDARY_CLAIM,SRC-NSF-M1SN1,search summary,liftoff
ENG-ES-TEPREL-B,thrust,30.2,kN,SECONDARY_CLAIM,SRC-WIKI-MIURA1,search summary,max
ENG-ES-TEPREL-B,burn_time,122,s,SECONDARY_CLAIM,SRC-NSF-M1SN1,search summary,
ENG-ES-TEPREL-C,thrust_sl,190,kN,SECONDARY_CLAIM,SRC-WIKI-MIURA5,search summary,
ENG-ES-TEPREL-C-VAC,thrust_vac,50,kN,SECONDARY_CLAIM,SRC-WIKI-TEPREL,search summary,
ENG-ES-TEPREL-C-VAC,thrust_vac,75,kN,SECONDARY_CLAIM,SRC-SATNOW-TEPRELC,search summary,
ENG-FR-HM7,pc,30,bar,SECONDARY_CLAIM,SRC-WIKI-HM7B,history section,
ENG-FR-HM7,burn_time,570,s,SECONDARY_CLAIM,SRC-WIKI-HM7B,history section,nominal before upgrade
ENG-FR-HM7A,thrust_vac,61.674,kN,SECONDARY_CLAIM,SRC-WIKI-ARIANE1,infobox third stage 'maximum thrust',
ENG-FR-HM7A,burn_time,563,s,SECONDARY_CLAIM,SRC-WIKI-ARIANE1,infobox third stage,
ENG-FR-HM7B,thrust_vac,62.2,kN,SECONDARY_CLAIM,SRC-WIKI-HM7B,infobox,
ENG-FR-HM7B,thrust_vac,64.8,kN,SECONDARY_CLAIM,SRC-SATNOW-HM7B,listing,conflicts; likely A5 ESC-A rating
ENG-FR-HM7B,isp_vac,444.6,s,SECONDARY_CLAIM,SRC-WIKI-HM7B,infobox,
ENG-FR-HM7B,isp_vac,446,s,SECONDARY_CLAIM,SRC-SATNOW-HM7B,listing,
ENG-FR-HM7B,pc,3.7,MPa,SECONDARY_CLAIM,SRC-WIKI-HM7B,infobox,history section says 35 bar
ENG-FR-HM7B,of,5.0,-,SECONDARY_CLAIM,SRC-WIKI-HM7B,infobox,
ENG-FR-HM7B,area_ratio,83.1,-,SECONDARY_CLAIM,SRC-WIKI-HM7B,infobox,
ENG-FR-HM7B,mdot,14.8,kg/s,SECONDARY_CLAIM,SRC-SATNOW-HM7B,listing,
ENG-FR-HM7B,burn_time,735,s,SECONDARY_CLAIM,SRC-WIKI-HM7B,history (initial HM7B),
ENG-FR-HM7B,burn_time,780,s,SECONDARY_CLAIM,SRC-WIKI-HM7B,Ariane 4,
ENG-FR-HM7B,burn_time,950,s,SECONDARY_CLAIM,SRC-WIKI-HM7B,Ariane 5 ECA (one source),
ENG-FR-HM7B,thrust_vac,67,kN,REPORTED,SRC-CNES-A5-TECH,search snippet,Ariane 5 ESC-A context
ENG-FR-HM7B,thrust_vac,62.2,kN,SECONDARY_CLAIM,SRC-AIAA-VG-ARIANE,search snippet,13.98 klbf
ENG-FR-HM7B,mass,165,kg,SECONDARY_CLAIM,SRC-SATNOW-HM7B,listing,
ENG-FR-HM7B,burn_time,950,s,SECONDARY_CLAIM,SRC-AIAA-VG-ARIANE,search snippet,"Ariane 5 ECA version, continuous, no restart"
ENG-FR-HM7B,burn_time,up to 15 min 45 s,-,REPORTED,SRC-CNES-A5-TECH,search snippet,= 945 s
ENG-FR-PROMETHEUS,thrust,100 t class,t,SECONDARY_CLAIM,SRC-WIKI-PROMETHEUS,search summary,
ENG-FR-PROMETHEUS,thrust_sl,980,kN,SECONDARY_CLAIM,SRC-WIKI-PROMETHEUS,infobox,
ENG-FR-PROMETHEUS,thrust,1000,kN,SECONDARY_CLAIM,SRC-ESA-PROMETHEUS,page,"ESA 'currently 1000 kN', target 1200 kN"
ENG-FR-PROMETHEUS,throttle,30-110,%,SECONDARY_CLAIM,SRC-WIKI-PROMETHEUS,infobox,
ENG-FR-SEPR-841,thrust,15,kN,SECONDARY_CLAIM,SRC-WIKI-SEPR84,search summary,"1,530 kgf"
ENG-FR-VERONIQUE-ENGINE,thrust,40,kN,SECONDARY_CLAIM,SRC-PLANET4589-CNESSR,Veronique R,version R; NA/kerosene per summary
ENG-FR-VESTA-ENGINE,thrust,16,tonnes,SECONDARY_CLAIM,SRC-UNIVERSALIS-FUSEESSONDES,dictionary entry,
ENG-FR-CORALIE-ENGINE,thrust,270,kN,SECONDARY_CLAIM,SRC-WIKI-EUROPA,infobox,"stage total, 4 engines"
ENG-FR-CORALIE-ENGINE,thrust,262,kN,SECONDARY_CLAIM,SRC-DEUTSCHESMUSEUM-EUROPA,exhibit page,stage total
ENG-FR-CORALIE-ENGINE,isp,277,s,SECONDARY_CLAIM,SRC-WIKI-EUROPA,infobox,
ENG-FR-CORALIE-ENGINE,burn_time,96,s,SECONDARY_CLAIM,SRC-WIKI-EUROPA,infobox,
ENG-FR-VALOIS,thrust,396.52,kN,SECONDARY_CLAIM,SRC-WIKI-DIAMANT,"Diamant B infobox, maximum thrust",
ENG-FR-VALOIS,thrust,35,metric tons,SECONDARY_CLAIM,SRC-IAC-10-6759,abstract,
ENG-FR-VALOIS,isp,221,s,SECONDARY_CLAIM,SRC-WIKI-DIAMANT,infobox,basis unstated
ENG-FR-VALOIS,burn_time,110,s,SECONDARY_CLAIM,SRC-WIKI-DIAMANT,infobox,
ENG-FR-VEXIN-B,thrust,301.55,kN,SECONDARY_CLAIM,SRC-WIKI-DIAMANT,"Diamant A infobox, 'maximum thrust'",
ENG-FR-VEXIN-B,thrust,28,metric tons,SECONDARY_CLAIM,SRC-IAC-09-3159,abstract,~275 kN
ENG-FR-VEXIN-B,thrust,273.7,kN,SECONDARY_CLAIM,SRC-WIKI-EMERAUDE,infobox,
ENG-FR-VEXIN-B,burn_time,93,s,SECONDARY_CLAIM,SRC-WIKI-DIAMANT,infobox,
ENG-FR-VIKING-2,thrust_sl,611,kN,SECONDARY_CLAIM,SRC-DLR-VIKING-IMG,image caption,DLR says Viking 2 used from 1979 'with 611 kilonewtons'; SL vs vac not stated in snippet; equals Wikipedia family SL minimum.
ENG-FR-VIKING-2B,isp_sl,248,s,SECONDARY_CLAIM,SRC-ORBITCODEX-ARIANE2,Ariane 2 first stage,stage-level Isp
ENG-FR-VIKING-2B,isp_vac,281,s,SECONDARY_CLAIM,SRC-ORBITCODEX-ARIANE2,Ariane 2 first stage,
ENG-FR-VIKING-4B,thrust_vac,805,kN,SECONDARY_CLAIM,SRC-WIKI-ARIANE3,infobox L-33 second stage,'maximum thrust'
ENG-FR-VIKING-4B,isp_vac,296,s,SECONDARY_CLAIM,SRC-WIKI-ARIANE3,infobox,
ENG-FR-VIKING-4B,area_ratio,30.8,-,SECONDARY_CLAIM,SRC-WIKI-VIKING,infobox nozzle ratio,
ENG-FR-VIKING-5,thrust_sl,675,kN,SECONDARY_CLAIM,SRC-DLR-VIKING-IMG,image caption,DLR text: 675 kN on the ground
ENG-FR-VIKING-5,thrust_vac,758,kN,SECONDARY_CLAIM,SRC-DLR-VIKING-IMG,image caption,
ENG-FR-VIKING-5C,pc,58.5,bar,SECONDARY_CLAIM,SRC-FRWIKI-VIKING,spec table (Viking 5C),OP-1
ENG-FR-VIKING-5C,pc,5.5,MPa,SECONDARY_CLAIM,SRC-WIKI-VIKING,infobox (family-level),OP-1 not 5C-specific
ENG-FR-VIKING-5C,thrust,760.7,kN,SECONDARY_CLAIM,SRC-WIKI-VIKING,round-1 europe,OP-1 SL/vac unstated
ENG-FR-VIKING-5C,area_ratio,10,-,SECONDARY_CLAIM,SRC-WIKI-VIKING,round-1 europe,
ENG-FR-VIKING-6,thrust_vac,753,kN,SECONDARY_CLAIM,SRC-SKYROCKET-ARIANE44L,PAL booster table,stage total = 1 engine
ENG-FR-VIKING-6,burn_time,142,s,SECONDARY_CLAIM,SRC-SKYROCKET-ARIANE44L,PAL booster table,
ENG-FR-VINCI,thrust_vac,180,kN,SECONDARY_CLAIM,SRC-WIKI-VINCI,infobox,
ENG-FR-VINCI,thrust_vac,18,tonnes (vacuum),SECONDARY_CLAIM,SRC-ESA-VINCI-HOTFIRE,ESA 'Ariane 6 is taking shape' test report,500 s test
ENG-FR-VINCI,isp_vac,457.2,s,SECONDARY_CLAIM,SRC-WIKI-VINCI,infobox,
ENG-FR-VINCI,pc,60,bar,SECONDARY_CLAIM,SRC-WIKI-VINCI,infobox,
ENG-FR-VINCI,of,6.1,-,SECONDARY_CLAIM,SRC-WIKI-VINCI,infobox,
ENG-FR-VINCI,area_ratio,240,-,SECONDARY_CLAIM,SRC-WIKI-VINCI,infobox,
ENG-FR-VINCI,mass,550,kg,SECONDARY_CLAIM,SRC-WIKI-VINCI,infobox,~160 kg without nozzle
ENG-FR-VINCI,burn_time,900,s,SECONDARY_CLAIM,SRC-SAFRAN-VINCI-2018,press release,max in flight
ENG-FR-VINCI,ignitions,4,per mission (max),SECONDARY_CLAIM,SRC-SAFRAN-VINCI-2018,press release,Wikipedia says up to 3 restarts; early ESA 'up to five'
ENG-FR-VINCI,mass,~550,kg,SECONDARY_CLAIM,SRC-WIKI-VINCI,infobox,~160 kg excluding nozzle
ENG-FR-VINCI,pump_discharge_lh2,>300,bar,REPORTED,SRC-IAC-18-45921,abstract (search snippet),'up to more than 300 bar' for hydrogen
ENG-FR-VULCAIN,thrust_vac,1025,kN,SECONDARY_CLAIM,SRC-NTRS-19910018907,Vulcain section (OCR),"230,000 lb; 1991 pre-flight value"
ENG-FR-VULCAIN,thrust_vac,1140,kN,SECONDARY_CLAIM,SRC-HANDWIKI-VULCAIN,infobox,
ENG-FR-VULCAIN,isp_vac,431.6,s,SECONDARY_CLAIM,SRC-NTRS-19910018907,Vulcain section,
ENG-FR-VULCAIN,isp_vac,431,s,SECONDARY_CLAIM,SRC-HANDWIKI-VULCAIN,infobox,
ENG-FR-VULCAIN,pc,100,bar,SECONDARY_CLAIM,SRC-NTRS-19910018907,Vulcain section,1450 psi
ENG-FR-VULCAIN,mass,1300,kg,SECONDARY_CLAIM,SRC-NTRS-19910018907,Vulcain section,2860 lb
ENG-FR-VULCAIN,mass,1686,kg,SECONDARY_CLAIM,SRC-ESA-VULCAIN,page text,may refer to Vulcain 2; see conflict
ENG-FR-VULCAIN-2,of,6.1,-,SECONDARY_CLAIM,SRC-WIKI-VULCAIN,infobox,OP-1 engine vs chamber O/F convention not stated
ENG-FR-VULCAIN-2,of,6.1,-,SECONDARY_CLAIM,SRC-MECAIND-2020-T1,Table T1,OP-1
ENG-FR-VULCAIN-2,thrust_vac,1390,kN,REPORTED,SRC-CNES-A5-TECH,search snippet,"OP-1 '1,390 kN (139 tonnes) ... in vacuum'; 20% gain over Vulcain"
ENG-FR-VULCAIN-2,thrust_vac,1359,kN,SECONDARY_CLAIM,SRC-AIAA-VG-ARIANE,search snippet,OP-1
ENG-FR-VULCAIN-2,thrust_vac,1359,kN,SECONDARY_CLAIM,SRC-WIKI-VULCAIN,infobox,OP-1
ENG-FR-VULCAIN-2,thrust_vac,1340,kN,SECONDARY_CLAIM,SRC-WIKI-VULCAIN,comparison table,OP-1
ENG-FR-VULCAIN-2,thrust_sl,960,kN,SECONDARY_CLAIM,SRC-AIAA-VG-ARIANE,search snippet,OP-2
ENG-FR-VULCAIN-2,pc,117.3,bar,SECONDARY_CLAIM,SRC-WIKI-VULCAIN,infobox,"OP-1 abs/gauge, station not stated"
ENG-FR-VULCAIN-2,pc,117.3,bar,SECONDARY_CLAIM,SRC-AIAA-VG-ARIANE,search snippet,OP-1
ENG-FR-VULCAIN-2,pc,115,bar,SECONDARY_CLAIM,SRC-MECAIND-2020-T1,Table T1,OP-1
ENG-FR-VULCAIN-2,isp_vac,429,s,SECONDARY_CLAIM,SRC-WIKI-VULCAIN,infobox,OP-1
ENG-FR-VULCAIN-2,isp_vac,429,s,SECONDARY_CLAIM,SRC-AIAA-VG-ARIANE,search snippet,OP-1
ENG-FR-VULCAIN-2,area_ratio,58.2,-,SECONDARY_CLAIM,SRC-WIKI-VULCAIN,infobox,
ENG-FR-VULCAIN-2,area_ratio,58.5,-,SECONDARY_CLAIM,SRC-MECAIND-2020-T1,Table T1,
ENG-FR-VULCAIN-2,tp_lox_rpm,13000,rpm,SECONDARY_CLAIM,SRC-INNOV-VULCAIN2-PROD,press-release reprint ('new oxygen turbopump operates at 13 000 rpm'),OP-3 explicitly the NEW (Vulcain 2) oxygen TP; originator of release not identified
ENG-FR-VULCAIN-2,tp_lox_discharge_p,161,bar,SECONDARY_CLAIM,SRC-INNOV-VULCAIN2-PROD,press-release reprint,OP-3 'to deliver a pressure of 161 bar'
ENG-FR-VULCAIN-2,pc,115,bar,SECONDARY_CLAIM,SRC-MECAIND-2020-T1,Table 1,
ENG-FR-VULCAIN-2,of,6.1,-,SECONDARY_CLAIM,SRC-MECAIND-2020-T1,Table 1,
ENG-FR-VULCAIN-2,area_ratio,58.5,-,SECONDARY_CLAIM,SRC-MECAIND-2020-T1,Table 1,
ENG-FR-VULCAIN-2,mass,1800,kg,SECONDARY_CLAIM,SRC-HANDWIKI-VULCAIN,infobox,dry
ENG-FR-VULCAIN-2-1,thrust_vac,1371,kN,SECONDARY_CLAIM,SRC-NEWSPACEECON-V21,article,
ENG-FR-VULCAIN-2-1,thrust_vac,1340,kN,SECONDARY_CLAIM,SRC-METALAM-V21,article,'keeps 1340 kN of predecessor' (attribution among results uncertain)
ENG-GB-SCREAMER,thrust,8000,lbf,SECONDARY_CLAIM,SRC-WIKI-SCREAMER,article,"variable, max"
ENG-GB-SCREAMER,thrust,9500,lb,SECONDARY_CLAIM,SRC-WIKI-SCREAMER,spec sheet in search,"at 40,000 ft estimated"
ENG-GB-DOUBLE-SPECTRE,thrust,800-16000,lb,SECONDARY_CLAIM,SRC-NASM-DOUBLESPECTRE,catalogue,range
ENG-GB-SPECTRE,thrust,8000,lbf,SECONDARY_CLAIM,SRC-WIKI-SPECTRE,infobox,"full power; throttle to 2,000 lbf"
ENG-GB-SPECTRE,thrust,8000,lb,SECONDARY_CLAIM,SRC-DHMUSEUM-SPECTRE,page,"static, D Spec 5"
ENG-GB-SPRITE,thrust,5000,lbf,SECONDARY_CLAIM,SRC-WIKI-SPRITE,article,max; varies over burn
ENG-GB-SPRITE,burn_time,16,s,SECONDARY_CLAIM,SRC-WIKI-SPRITE,article,
ENG-GB-SPRITE,total_impulse,55000,lbf-s,SECONDARY_CLAIM,SRC-WIKI-SPRITE,article,
ENG-GB-SUPER-SPRITE,thrust,4200,lb,SECONDARY_CLAIM,SRC-NASM-SUPERSPRITE,catalogue,max
ENG-GB-SUPER-SPRITE,burn_time,40,s,SECONDARY_CLAIM,SRC-NASM-SUPERSPRITE,catalogue,
ENG-GB-SUPER-SPRITE,thrust,4000,lb,SECONDARY_CLAIM,SRC-DHMUSEUM-SPECTRE,Super Sprite page,static
ENG-GB-GAMMA-2,thrust_vac,68.2,kN,SECONDARY_CLAIM,SRC-WIKI-GAMMA,infobox,"15,300 lbf"
ENG-GB-GAMMA-201,thrust_sl,16400,lbf,SECONDARY_CLAIM,SRC-WIKI-GAMMA,article,73 kN
ENG-GB-GAMMA-201,of,8,-,SECONDARY_CLAIM,SRC-WIKI-GAMMA,article,about 8:1
ENG-GB-GAMMA-8,thrust_sl,52785,lbf,SECONDARY_CLAIM,SRC-WIKI-GAMMA,infobox,234.80 kN
ENG-GB-GAMMA-8,burn_time,125,s,SECONDARY_CLAIM,SRC-WIKI-GAMMA,infobox,Black Arrow article: 127 s
ENG-GB-STENTOR,thrust,24000,lbf,SECONDARY_CLAIM,SRC-BCAR-BLUESTEEL,page,first (boost) chamber; 110 kN
ENG-GB-STENTOR,thrust,20000,lbf,SECONDARY_CLAIM,SRC-WIKI-STENTOR,Blue Steel article,rated; basis unclear
ENG-GB-LEROS-1B,thrust_vac,635,N,SECONDARY_CLAIM,SRC-WIKI-LEROS,search summary,
ENG-GB-LEROS-1B,isp_vac,318,s,SECONDARY_CLAIM,SRC-WIKI-LEROS,search summary,
ENG-GB-LEROS-1B,isp_vac,317,s,REPORTED,SRC-NAMMO-LEROS1B,search summary,Nammo product page
ENG-GB-LEROS-1B,thrust_vac,635,N,REPORTED,SRC-NAMMO-LEROS1B,search summary,
ENG-GB-LEROS-1B,total_impulse,12965000,N.s,REPORTED,SRC-NAMMO-LEROS1B,search summary,
ENG-GB-LEROS-1B,life,19,years,REPORTED,SRC-NAMMO-LEROS1B,search summary,operational life
ENG-GB-LEROS-1B,reliability,0.995,-,REPORTED,SRC-NAMMO-LEROS1B,search summary,
ENG-GB-LEROS-1B,thrust_vac,640,N,REPORTED,SRC-AMPAC-JUNO-2011,search summary,"Juno configuration 'configured for 640N', hydrazine/MON-3"
ENG-GB-LEROS-1C,thrust_vac,460,N,SECONDARY_CLAIM,SRC-WIKI-LEROS,search summary,
ENG-GB-LEROS-1C,isp_vac,325,s,SECONDARY_CLAIM,SRC-WIKI-LEROS,search summary,
ENG-GB-LEROS-2B,thrust_vac,407,N,SECONDARY_CLAIM,SRC-WIKI-LEROS,search summary,
ENG-GB-LEROS-2B,isp_vac,318,s,SECONDARY_CLAIM,SRC-WIKI-LEROS,search summary,
ENG-GB-LEROS-4,thrust_vac,1100,N,SECONDARY_CLAIM,SRC-WIKI-LEROS,search summary,
ENG-GB-LEROS-4,isp_vac,323,s,SECONDARY_CLAIM,SRC-WIKI-LEROS,search summary,
ENG-GB-LEROS-4-ET,thrust_vac,1310,N,SECONDARY_CLAIM,SRC-WIKI-LEROS,search summary,'extended thrust' variant; appears only in some table versions
ENG-GB-LEROS-4-ET,thrust,>1000,N,SECONDARY_CLAIM,SRC-WIKI-BLUEGHOST,search summary,Blue Ghost main engine; MON/hydrazine
ENG-GB-RZ-2,thrust_sl,137000,lbf,SECONDARY_CLAIM,SRC-WIKI-RZ2,infobox,610 kN
ENG-GB-RZ-2,thrust_sl,150000,lbf,SECONDARY_CLAIM,SRC-WIKI-RZ2,article,uprated variant for satellite launcher (670 kN)
ENG-GB-SKYFORCE-2,thrust,70,kN,REPORTED,SRC-SKYRORA-WEB,website,'seven-tonne engine'
ENG-GB-SKYLARK-L-ENGINE,thrust,30,kN,SECONDARY_CLAIM,SRC-WIKI-SKYRORA,search summary,2019-era article
ENG-IN-AGNILET,thrust_sl,3,kN,SECONDARY_CLAIM,SRC-IE-AGNIBAAN,search summary,'>3 kN'
ENG-IN-AGNILET,thrust,6.2,kN,SECONDARY_CLAIM,SRC-M3D-AGNIKUL-2026,search summary,newer report; may be newer build
ENG-IN-CE-20,thrust_vac,186.36,kN,SECONDARY_CLAIM,SRC-WIKI-CE20,spec table,OP-1
ENG-IN-CE-20,thrust_vac,200,kN,SECONDARY_CLAIM,SRC-WIKI-CE20,"older spec table (45,000 lbf)",OP-2
ENG-IN-CE-20,throttle,180-220 kN; can be set to any fixed value within range,kN,SECONDARY_CLAIM,SRC-WIKI-CE20,search summary,"set-point, not in-flight throttling"
ENG-IN-CE-20,thrust_vac,19 t / 20 t / 22 t qualified levels,t,SECONDARY_CLAIM,SRC-IASGYAN-CE20,search summary,OP-3
ENG-IN-CE-20,pc,6,MPa,SECONDARY_CLAIM,SRC-WIKI-CE20,spec table,OP-2 870 psi
ENG-IN-CE-20,of,5.05,-,SECONDARY_CLAIM,SRC-WIKI-CE20,spec table,OP-2 convention not stated
ENG-IN-CE-20,isp_vac,442,s,SECONDARY_CLAIM,SRC-WIKI-CE20,spec table,
ENG-IN-CE-20,burn_time,640-800,s,SECONDARY_CLAIM,SRC-WIKI-CE20,spec table,
ENG-IN-CE-20,mass,588,kg,SECONDARY_CLAIM,SRC-WIKI-CE20,spec table,
ENG-IN-CE-7-5,thrust_vac,73.55,kN,SECONDARY_CLAIM,SRC-WIKI-CE75,spec,OP-1 also given as 73.5 kN
ENG-IN-CE-7-5,thrust_vac,75,kN,SECONDARY_CLAIM,SRC-WIKI-CE75,'maximum thrust (vacuum) 75 kN' in another source/revision,OP-1
ENG-IN-CE-7-5,throttle,73.55 to 82 kN demonstrated on GSLV Mk2 D5,kN,SECONDARY_CLAIM,SRC-WIKI-CE75,search summary,OP-2
ENG-IN-CE-7-5,pc,5.8 / 7.5,MPa,SECONDARY_CLAIM,SRC-WIKI-CE75,infobox,OP-1 two values without explanation (main chamber vs preburner? unknown)
ENG-IN-CE-7-5,pc,58,bar,SECONDARY_CLAIM,SRC-SLIDESHARE-CRYO,slide,OP-1 'nominal chamber pressure'
ENG-IN-CE-7-5,isp_vac,454 +/- 3,s,SECONDARY_CLAIM,SRC-WIKI-CE75,infobox,OP-1 4.452 +/- 0.029 km/s
ENG-IN-CE-7-5,burn_time,720,s,SECONDARY_CLAIM,SRC-WIKI-CE75,infobox,nominal
ENG-IN-DHAWAN-1,thrust_vac,1.5,kN,SECONDARY_CLAIM,SRC-CHANAKYA-DHAWAN1,search summary,
ENG-IN-DHAWAN-1,thrust,1.0,kN,SECONDARY_CLAIM,SRC-COLDFACTS-DHAWAN1,search summary,attribution uncertain
ENG-IN-DHAWAN-2,thrust,3.5,kN,SECONDARY_CLAIM,SRC-M3D-SKYROOT-2026,search summary,
ENG-IN-DHAWAN-2,burn_time,200,s,SECONDARY_CLAIM,SRC-WIKI-SKYROOT,search summary,test 4 Apr 2023
ENG-IN-800-N-THROTTLEABLE-ENGINE,thrust_vac,800,N,REPORTED,SRC-ISRO-CH3-PAGE,search summary,"4 per lander, throttleable"
ENG-IN-800-N-THROTTLEABLE-ENGINE,thrust_vac,800,N,SECONDARY_CLAIM,SRC-EOPORTAL-CH3,search summary,
ENG-IN-LAM-440-N,thrust,440,N,REPORTED,SRC-IAC16-32550,abstract,
ENG-IN-LAM-440-N,of,1.6,-,REPORTED,SRC-IAC16-32550,abstract,
ENG-IN-LAM-440-N,area_ratio,160,-,REPORTED,SRC-IAC16-32550,abstract,
ENG-IN-LAM-440-N,isp_vac,315,s,REPORTED,SRC-IAC16-32550,abstract,'about'
ENG-IN-LAM-440-N,thrust_vac,440,N,SECONDARY_CLAIM,SRC-WIKI-LAE,search summary,
ENG-IN-LAM-440-N,isp_vac,315,s,SECONDARY_CLAIM,SRC-WIKI-LAE,search summary,nominal
ENG-IN-LAM-440-N,of,1.6,-,SECONDARY_CLAIM,SRC-WIKI-LAE,search summary,
ENG-IN-58-N-THRUSTER,thrust_vac,58,N,REPORTED,SRC-ISRO-CH3-PAGE,search summary,8 per lander
ENG-IN-PS4-ENGINE-L-2-5,thrust_vac,7.33,kN,SECONDARY_CLAIM,SRC-METALAM-PS4,search summary,per engine
ENG-IN-PS4-ENGINE-L-2-5,thrust_vac,14.6,kN,SECONDARY_CLAIM,SRC-FRANCOWIKI-PSLV,search summary,two engines total
ENG-IN-PS4-ENGINE-L-2-5,isp_vac,308,s,SECONDARY_CLAIM,SRC-FRANCOWIKI-PSLV,search summary,
ENG-IN-SCE-200,pc,180,bar,REPORTED,SRC-ISRO-SEMICRYO-2025,press release,feed pressures up to 600 bar
ENG-IN-SCE-200,isp,335,s,REPORTED,SRC-ISRO-SEMICRYO-2025,press release,SL/vac not stated in summary
ENG-IN-SCE-200,thrust_vac,2030,kN,SECONDARY_CLAIM,SRC-WIKI-SE2000,search summary,
ENG-IN-SCE-200,thrust_sl,1820,kN,SECONDARY_CLAIM,SRC-WIKI-SE2000,search summary,
ENG-IN-SCE-200,throttle,60-105%,%,SECONDARY_CLAIM,SRC-WIKI-SE2000,search summary,
ENG-IN-VIKAS,pc,52.5,bar,SECONDARY_CLAIM,SRC-SPACENEWS-33640,search summary,OP-1 'current version' as of 2001
ENG-IN-VIKAS,pc,58.5,bar,SECONDARY_CLAIM,SRC-SPACENEWS-33640,search summary,OP-2 uprated version tested 2001
ENG-IN-VIKAS,pc,6.2,MPa,SECONDARY_CLAIM,SRC-WIKI-VIKAS,infobox,OP-3 62 bar = high-thrust version per other text
ENG-IN-VIKAS,thrust,725,kN,SECONDARY_CLAIM,SRC-WIKI-VIKAS,search summary,OP-1 'original engine' maximum; SL/vac not stated
ENG-IN-VIKAS,thrust,799,kN,SECONDARY_CLAIM,SRC-VAJIRAM-VIKAS,search summary,OP-2 PSLV version; SL/vac not stated
ENG-IN-VIKAS,thrust,846,kN,SECONDARY_CLAIM,SRC-VAJIRAM-VIKAS,search summary,OP-3 GSLV GS2 high-thrust version
ENG-IN-VIKAS,thrust,821,kN,SECONDARY_CLAIM,SRC-WIKI-VIKAS,infobox,OP-4 another revision gives 850 kN
ENG-IN-VIKAS,thrust,850,kN,SECONDARY_CLAIM,SRC-WIKI-VIKAS,infobox (other revision),OP-4
ENG-IN-VIKAS,isp_vac,293,s,SECONDARY_CLAIM,SRC-WIKI-VIKAS,infobox,OP-4 baseline per summary
ENG-IN-VIKAS,isp_sl,262,s,SECONDARY_CLAIM,SRC-WIKI-VIKAS,infobox,OP-4
ENG-IN-VIKAS-HIGH-THRUST,pc,62,bar,SECONDARY_CLAIM,SRC-WIKI-VIKAS,search summary,6% higher thrust than older version
ENG-IN-VIKAS-HIGH-THRUST,thrust,846,kN,SECONDARY_CLAIM,SRC-VAJIRAM-VIKAS,search summary,GSLV GS2; SL/vac unstated
ENG-IN-VIKAS-HUMAN-RATED,burn_time,240,s,REPORTED,SRC-ISRO-VIKAS-TEST,test campaign page,"qualification duration, 6 Apr 2023"
ENG-IT-M10,thrust_vac,98,kN,SECONDARY_CLAIM,SRC-WIKI-M10,article,requirement
ENG-IT-M10,of,3.4,-,SECONDARY_CLAIM,SRC-WIKI-M10,article,requirement
ENG-IT-M10,isp_vac,362,s,SECONDARY_CLAIM,SRC-WIKI-M10,article,"MINIMUM requirement, not demonstrated value"
ENG-IT-M10,restarts,7,-,SECONDARY_CLAIM,SRC-WIKI-M10,infobox,
ENG-IT-MIRA,thrust,7.5,t,REPORTED,SRC-IAC15-30730,abstract,
ENG-JP-AKATSUKI-OME,thrust_vac,500,N,REPORTED,SRC-JAXA-AKATSUKI-2010,search summary,nominal
ENG-JP-AKATSUKI-OME,burn_time,13,s,REPORTED,SRC-JAXA-AKATSUKI-2010,search summary,first in-space test firing 2010-06-28 at 1.06 AU
ENG-JP-BT-4,thrust_vac,450,N,SECONDARY_CLAIM,SRC-SATCAT-BT4,search summary,
ENG-JP-BT-4,isp_vac,326,s,SECONDARY_CLAIM,SRC-SATCAT-BT4,search summary,
ENG-JP-BT-4,life_demonstrated,32850,s,SECONDARY_CLAIM,SRC-SATCAT-BT4,search summary,
ENG-JP-BT-4,inlet_pressure_fuel_min,1.69,MPa,SECONDARY_CLAIM,SRC-SATCAT-BT4,search summary,approx; ox 1.62 MPa
ENG-JP-BT-4,thrust_vac,500,N,SECONDARY_CLAIM,SRC-WIKI-BT4,search summary,
ENG-JP-BT-4,mass,4,kg,SECONDARY_CLAIM,SRC-WIKI-BT4,search summary,
ENG-JP-BT-4,thrust,100,lbf,SECONDARY_CLAIM,SRC-MECO-CYGNUS-REBOOST-2018,search summary,'around 100 pounds of thrust' in 2018 Cygnus reboost (50 s burn)
ENG-JP-INTERSTELLAR-TECHNOLOGIES-ZERO-FIRST-STAGE-ENGINE-COSMOS,thrust,130,kN,REPORTED,SRC-IST-LV,launch vehicle page,'roughly'; SL/vac not stated
ENG-JP-HBT-1,thrust_class,120,N,SECONDARY_CLAIM,SRC-HANDWIKI-HTV,search summary,'120 N class'
ENG-JP-HBT-5,thrust_class,500,N,SECONDARY_CLAIM,SRC-HANDWIKI-HTV,search summary,'500 N class'
ENG-JP-LE-3,thrust_vac,12000,lbf,SECONDARY_CLAIM,SRC-FORSYTH-NIPPON,search summary,
ENG-JP-LE-3,isp_vac,285,s,SECONDARY_CLAIM,SRC-FORSYTH-NIPPON,search summary,
ENG-JP-LE-3,burn_time,250,s,SECONDARY_CLAIM,SRC-FORSYTH-NIPPON,search summary,
ENG-JP-LE-5,thrust_vac,102.9,kN,SECONDARY_CLAIM,SRC-WIKI-LE5,search-result summary of page,"[merge: status REPORTED -> SECONDARY_CLAIM, source tier D]"
ENG-JP-LE-5,isp_vac,450,s,SECONDARY_CLAIM,SRC-WIKI-LE5,search-result summary of page,"'about 450 s' [merge: status REPORTED -> SECONDARY_CLAIM, source tier D]"
ENG-JP-LE-5,pc,3.65,MPa,SECONDARY_CLAIM,SRC-WIKI-LE5,search-result summary of page,"[merge: status REPORTED -> SECONDARY_CLAIM, source tier D]"
ENG-JP-LE-5,area_ratio,140,-,SECONDARY_CLAIM,SRC-WIKI-LE5,search-result summary of page,"[merge: status REPORTED -> SECONDARY_CLAIM, source tier D]"
ENG-JP-LE-5A,thrust_vac,121.5,kN,SECONDARY_CLAIM,SRC-WIKI-LE5,search-result summary of page,"[merge: status REPORTED -> SECONDARY_CLAIM, source tier D]"
ENG-JP-LE-5A,isp_vac,452,s,SECONDARY_CLAIM,SRC-WIKI-LE5,search-result summary of page,"[merge: status REPORTED -> SECONDARY_CLAIM, source tier D]"
ENG-JP-LE-5A,pc,3.98,MPa,SECONDARY_CLAIM,SRC-WIKI-LE5,search-result summary of page,"[merge: status REPORTED -> SECONDARY_CLAIM, source tier D]"
ENG-JP-LE-5A,area_ratio,130,-,SECONDARY_CLAIM,SRC-WIKI-LE5,search-result summary of page,"[merge: status REPORTED -> SECONDARY_CLAIM, source tier D]"
ENG-JP-LE-5A,of,5,-,SECONDARY_CLAIM,SRC-WIKI-LE5,search-result summary of page,"[merge: status REPORTED -> SECONDARY_CLAIM, source tier D]"
ENG-JP-LE-5A,mass,248,kg,SECONDARY_CLAIM,SRC-WIKI-LE5,search-result summary of page,"[merge: status REPORTED -> SECONDARY_CLAIM, source tier D]"
ENG-JP-LE-5B,thrust_vac,137.2,kN,SECONDARY_CLAIM,SRC-WEBLIO-LE5,comparison table,OP-1 14 tf
ENG-JP-LE-5B,of,5,-,SECONDARY_CLAIM,SRC-WEBLIO-LE5,comparison table,OP-1
ENG-JP-LE-5B,area_ratio,110,-,SECONDARY_CLAIM,SRC-WEBLIO-LE5,comparison table,
ENG-JP-LE-5B,isp_vac,447,s,SECONDARY_CLAIM,SRC-WEBLIO-LE5,comparison table,OP-1
ENG-JP-LE-5B,isp_vac,447,s,SECONDARY_CLAIM,SRC-WIKI-LE5,round-1 ('drops to about 447 s'),OP-1
ENG-JP-LE-5B,pc,3.58,MPa,SECONDARY_CLAIM,SRC-WEBLIO-LE5,comparison table,OP-1 abs/gauge not stated
ENG-JP-LE-5B,tp_lh2_rpm,52000,min-1,SECONDARY_CLAIM,SRC-WEBLIO-LE5,comparison table,OP-1
ENG-JP-LE-5B,tp_lox_rpm,18000,min-1,SECONDARY_CLAIM,SRC-WEBLIO-LE5,comparison table,OP-1
ENG-JP-LE-5B,mass,285,kg,SECONDARY_CLAIM,SRC-WEBLIO-LE5,comparison table,
ENG-JP-LE-5B,throttle,"60%, 30%, and 3% without driving the turbine (from LE-5B onward)",%,SECONDARY_CLAIM,SRC-WEBLIO-LE5,search summary,
ENG-JP-LE-5B,throttle,idle mode 5%,%,SECONDARY_CLAIM,SRC-WIKI-LE5,search summary,OP-4 conflicts with 3% (see conflicts)
ENG-JP-LE-5B-2,thrust_vac,144.9,kN,SECONDARY_CLAIM,SRC-WIKI-LE5,round-1 table,OP-1
ENG-JP-LE-5B-2,isp_vac,447,s,SECONDARY_CLAIM,SRC-WIKI-LE5,round-1 table,OP-1
ENG-JP-LE-5B-2,pc,3.78,MPa,SECONDARY_CLAIM,SRC-WIKI-LE5,round-1 table,OP-1
ENG-JP-LE-5B-2,area_ratio,110,-,SECONDARY_CLAIM,SRC-WIKI-LE5,round-1 table,
ENG-JP-LE-5B-2,of,5,-,SECONDARY_CLAIM,SRC-WIKI-LE5,round-1 table,OP-1
ENG-JP-LE-5B-2,mass,290,kg,SECONDARY_CLAIM,SRC-WIKI-LE5,round-1 table,
ENG-JP-LE-5B-2,throttle,"60%, 30%, 3%* (*tank head pressure only)",%,SECONDARY_CLAIM,SRC-WIKI-LE5,spec table footnote,
ENG-JP-LE-5B-2,throttle,"60%, 30%, 3% (idle modes)",%,SECONDARY_CLAIM,SRC-WIKI-LE5,search-result summary of page,"[merge: status REPORTED -> SECONDARY_CLAIM, source tier D]"
ENG-JP-LE-5B-3,thrust_vac,137,kN,SECONDARY_CLAIM,SRC-WIKI-LE5,search-result summary of page,"[merge: status REPORTED -> SECONDARY_CLAIM, source tier D]"
ENG-JP-LE-5B-3,thrust_vac,14,ton (tf),REPORTED,SRC-MHI-LE5B,search-result summary of page,table attribution to LE-5B-3 implied
ENG-JP-LE-5B-3,isp_vac,449,s,REPORTED,SRC-MHI-LE5B,search-result summary of page,
ENG-JP-LE-5B-3,mass,285,kg,REPORTED,SRC-MHI-LE5B,search-result summary of page,
ENG-JP-LE-5B-3,length,2765,mm,REPORTED,SRC-MHI-LE5B,search-result summary of page,
ENG-JP-LE-7,of,6.0,-,REPORTED,SRC-MEXT-SAC-1997,LE-7A/LE-7 comparison table,LE-7 column
ENG-JP-LE-7,tp_lh2_rpm,42200,rpm,REPORTED,SRC-MEXT-SAC-1997,comparison table,LE-7 column
ENG-JP-LE-7,tp_lh2_rpm,42200,rpm,SECONDARY_CLAIM,SRC-WIKI-LE7,LE-7 spec block,independent agreement with MEXT
ENG-JP-LE-7,tp_lox_rpm,18100,rpm,REPORTED,SRC-MEXT-SAC-1997,comparison table,LE-7 column
ENG-JP-LE-7,tp_lox_rpm,18100,rpm,SECONDARY_CLAIM,SRC-WIKI-LE7,LE-7 spec block,
ENG-JP-LE-7,preburner_gas_t,840,K,REPORTED,SRC-MEXT-SAC-1997,comparison table,LE-7 column
ENG-JP-LE-7,pc,12.7,MPa,SECONDARY_CLAIM,SRC-WIKI-LE7,LE-7 heading,
ENG-JP-LE-7,thrust_vac,1078,kN,SECONDARY_CLAIM,SRC-WIKI-LE7,search-result summary of page,"[merge: status REPORTED -> SECONDARY_CLAIM, source tier D]"
ENG-JP-LE-7,thrust_sl,843.5,kN,SECONDARY_CLAIM,SRC-WIKI-LE7,search-result summary of page,"[merge: status REPORTED -> SECONDARY_CLAIM, source tier D]"
ENG-JP-LE-7,thrust_sl,86,tf,REPORTED,SRC-JAXA-H2,search-result summary of page,'86 tons' per JAXA H-II page
ENG-JP-LE-7,isp_vac,446,s,SECONDARY_CLAIM,SRC-WIKI-LE7,search-result summary of page,"[merge: status REPORTED -> SECONDARY_CLAIM, source tier D]"
ENG-JP-LE-7,of,5.9,-,SECONDARY_CLAIM,SRC-WIKI-LE7,search-result summary of page,"[merge: status REPORTED -> SECONDARY_CLAIM, source tier D]"
ENG-JP-LE-7,mass,1714,kg,SECONDARY_CLAIM,SRC-WIKI-LE7,search-result summary of page,"dry [merge: status REPORTED -> SECONDARY_CLAIM, source tier D]"
ENG-JP-LE-7,length,3.4,m,SECONDARY_CLAIM,SRC-WIKI-LE7,search-result summary of page,"[merge: status REPORTED -> SECONDARY_CLAIM, source tier D]"
ENG-JP-LE-7A,of,5.9,-,REPORTED,SRC-MEXT-SAC-1997,"LE-7A/LE-7 comparison table, row 混合比",OP-1 engine vs chamber convention not stated; LE-7 column gives 6.0
ENG-JP-LE-7A,of,5.9,-,SECONDARY_CLAIM,SRC-WIKI-LE7,LE-7A spec table (5.90),OP-1
ENG-JP-LE-7A,isp_vac,441,s,REPORTED,SRC-MEXT-SAC-1997,"comparison table, 比推力",OP-1 design value 1997; nozzle not stated
ENG-JP-LE-7A,thrust_vac,1.10 (unit illegible in OCR: '1.10 Ionf'),unknown (OCR),REPORTED,SRC-MEXT-SAC-1997,"comparison table, 推力（真空中）",OP-1 Unit garbled; plausibly ~110 tonf but NOT converted. Do not use as a number without reading the PDF.
ENG-JP-LE-7A,throttle,throttling capability yes; no mixture-ratio control (推力可変機能あり（混合比制御なし）),-,REPORTED,SRC-MEXT-SAC-1997,comparison table,
ENG-JP-LE-7A,throttle,100% or 72 +/- 5%,%,SECONDARY_CLAIM,SRC-AIAA-VG-H2A,round-1 search snippet,OP-5
ENG-JP-LE-7A,thrust_vac,1074,kN,SECONDARY_CLAIM,SRC-WIKI-LE7,"round-1: spec list, short nozzle",OP-2
ENG-JP-LE-7A,isp_vac,429,s,SECONDARY_CLAIM,SRC-WIKI-LE7,round-1: short nozzle,OP-2
ENG-JP-LE-7A,thrust_vac,1098,kN,SECONDARY_CLAIM,SRC-WIKI-LE7,round-1: long nozzle,OP-3
ENG-JP-LE-7A,isp_vac,442,s,SECONDARY_CLAIM,SRC-WIKI-LE7,round-1: long nozzle,OP-3
ENG-JP-LE-7A,thrust_vac,112,ton (tf),REPORTED,SRC-MHI-LE7A,round-1: product page,nozzle version not stated
ENG-JP-LE-7A,isp_vac,440,s,REPORTED,SRC-MHI-LE7A,round-1: product page,nozzle version not stated
ENG-JP-LE-7A,thrust_sl,843,kN,SECONDARY_CLAIM,SRC-AIAA-VG-H2A,round-1 snippet,OP-4 short nozzle
ENG-JP-LE-7A,pc,121,bar,SECONDARY_CLAIM,SRC-AIAA-VG-H2A,round-1 snippet (1750 psi),abs/gauge and station not stated
ENG-JP-LE-7A,pc,12.0,MPa,SECONDARY_CLAIM,SRC-WIKI-LE7,round-1 infobox,No Tier A LE-7A pc found in round 2; the 12.7 MPa figure in mirrors belongs to LE-7
ENG-JP-LE-7A,tp_lh2_rpm,41200,rpm,REPORTED,SRC-MEXT-SAC-1997,"comparison table, 液水ターボポンプ回転数","OP-1 LE-7 column: 42,200 rpm"
ENG-JP-LE-7A,tp_lox_rpm,18050,rpm,REPORTED,SRC-MEXT-SAC-1997,"comparison table, 液酸ターボポンプ回転数 (OCR '回転紋')","OP-1 LE-7 column: 18,100 rpm"
ENG-JP-LE-7A,preburner_gas_t,740,K,REPORTED,SRC-MEXT-SAC-1997,"comparison table, プリバーナガス温度",OP-1 LE-7 column 840 K. Agrees qualitatively with round-1 Wikipedia note that LE-7A runs a reduced preburner temperature.
ENG-JP-LE-7A,throttle,100% or 72±5%,%,SECONDARY_CLAIM,SRC-AIAA-VG-H2A,search-result summary of page,"[merge: status REPORTED -> SECONDARY_CLAIM, source tier D]"
ENG-JP-LE-8,thrust,100 kN class (10 t class),kN,SECONDARY_CLAIM,SRC-WEBLIO-LE8,search summary,
ENG-JP-LE-9,of,5.9,-,SECONDARY_CLAIM,SRC-WIKI-LE9,infobox,OP-1 convention not stated
ENG-JP-LE-9,thrust_vac,1471,kN,SECONDARY_CLAIM,SRC-WIKI-LE9,infobox,OP-1
ENG-JP-LE-9,thrust_vac,150,ton (tf),REPORTED,SRC-MHI-LE9,round-1 product page,OP-1
ENG-JP-LE-9,thrust_vac,150,t,REPORTED,SRC-JAXA-PRESS-LE9-2017,search summary,OP-1 attribution of the summary sentence to this PDF uncertain; 2- or 3-engine vehicle configs
ENG-JP-LE-9,thrust_vac,"~1500 kN level, just under 1.4x LE-7A",kN,REPORTED,SRC-IHI-GIHO-LE9-TP,introduction (as summarised),OP-1
ENG-JP-LE-9,pc,10.0,MPa,SECONDARY_CLAIM,SRC-WIKI-LE9,infobox,"OP-1 abs/gauge, station not stated"
ENG-JP-LE-9,pc,12.4,MPa,SECONDARY_CLAIM,SRC-WIKI-LE9,older mirror ('In Development'),OP-1 superseded development target
ENG-JP-LE-9,isp_vac,425,s,REPORTED,SRC-MHI-LE9,round-1 product page,OP-1
ENG-JP-LE-9,isp_vac,426,s,SECONDARY_CLAIM,SRC-WIKI-LE9,infobox,OP-1
ENG-JP-LE-9,area_ratio,37,-,SECONDARY_CLAIM,SRC-WIKI-LE9,round-1 infobox,
ENG-JP-LE-9,mass,2400,kg,SECONDARY_CLAIM,SRC-WIKI-LE9,round-1 infobox (2.4 t),
ENG-JP-LE-9,tp_lh2_rpm,41600,rpm,SECONDARY_CLAIM,SRC-IHIFAN-LE9,search summary,Tier E site states LH2 TP explicitly; consistent with IHI value
ENG-JP-INTERSTELLAR-TECHNOLOGIES-MOMO-ENGINE,thrust,12.0,kN,SECONDARY_CLAIM,SRC-SLN-MOMO,search summary,MOMO v0
ENG-JP-MB-60,thrust_vac,60000,lbf,REPORTED,SRC-BOEING-2000-MB60,press release,first derivative
ENG-JP-MB-60,thrust_vac,266.7,kN,SECONDARY_CLAIM,SRC-WIKI-MARC60,search summary,
ENG-KP-NODONG-ENGINE,thrust,26000,kgf,SECONDARY_CLAIM,SRC-GS-ND-A-SPECS,search summary,analyst estimate
ENG-KP-NODONG-ENGINE,thrust,"31,702 (effective) / 32,263 (actual), 'up rated'",kgf,SECONDARY_CLAIM,SRC-GS-ND-A-SPECS,search summary,"analyst estimate, uprated"
ENG-KP-HWASONG-14-MAIN-ENGINE,thrust,48,tons,SECONDARY_CLAIM,SRC-CSIS-HS14,search summary,CSIS
ENG-KP-HWASONG-15-FIRST-STAGE-ENGINE,thrust,788,kN,SECONDARY_CLAIM,SRC-WIKI-HS15,search summary,'1 Paektusan (potentially RD-250)'
ENG-KR-KRE-007,thrust_vac,68.7,kN,SECONDARY_CLAIM,SRC-WIKI-NURI,search summary,
ENG-KR-KRE-007,isp_vac,325,s,SECONDARY_CLAIM,SRC-WIKI-NURI,search summary,
ENG-KR-KRE-007,burn_time,750 s qualification firing (2019); flight burn ~500-521 s,s,SECONDARY_CLAIM,SRC-WIKI-NURI,search summary,
ENG-KR-KRE-075,of,2.45,-,SECONDARY_CLAIM,SRC-WIKI-KRE075,search summary,convention not stated
ENG-KR-KRE-075,pc,7.0,MPa,SECONDARY_CLAIM,SRC-WIKI-KRE075,infobox,"OP-1 1,020 psi"
ENG-KR-KRE-075,pc,60,bar,SECONDARY_CLAIM,SRC-FRWIKI-KRE075,infobox,OP-1
ENG-KR-KRE-075,pc,60,bar,REPORTED,SRC-KSCI-KARI-2009-KRE75,search summary,OP-4 design-stage combustion chamber
ENG-KR-KRE-075,thrust_vac,74.8,ton,REPORTED,SRC-KSCI-KARI-2009-KRE75,search summary,OP-4 design stage
ENG-KR-KRE-075,isp_vac,306.9,s,REPORTED,SRC-KSCI-KARI-2009-KRE75,search summary,OP-4 design stage
ENG-KR-KRE-075,thrust_vac,735.5,kN,SECONDARY_CLAIM,SRC-WIKI-KRE075,search summary,OP-1
ENG-KR-KRE-075,thrust_vac,788,kN,SECONDARY_CLAIM,SRC-WIKI-KRE075,search summary,OP-3
ENG-KR-KRE-075,thrust_vac,75.8,tonf,SECONDARY_CLAIM,SRC-NAMU-KRE075,'KARI presentation material' quoted in Korean summary,OP-1 summary says 'sea-level type' vacuum thrust
ENG-KR-KRE-075,thrust_vac,81.1,tonf,SECONDARY_CLAIM,SRC-NAMU-KRE075,'KARI presentation material' quoted,OP-3
ENG-KR-KRE-075,isp_vac,298.6,s,SECONDARY_CLAIM,SRC-WIKI-KRE075,search summary,OP-1
ENG-KR-KRE-075,isp_vac,315.4,s,SECONDARY_CLAIM,SRC-WIKI-KRE075,search summary,OP-3
ENG-KR-KRE-075,isp_sl,261.7,s,SECONDARY_CLAIM,SRC-WIKI-KRE075,search summary,OP-2
ENG-KR-KRE-075,burn_time,127,s,SECONDARY_CLAIM,SRC-WIKI-KRE075,search summary,OP-1 stage 1
ENG-KR-KRE-075,burn_time,148,s,SECONDARY_CLAIM,SRC-WIKI-KRE075,search summary,OP-3 stage 2
ENG-KR-KRE-075-2ND-STAGE,thrust_vac,788,kN,SECONDARY_CLAIM,SRC-WIKI-KRE075,search summary,
ENG-KR-KRE-075-2ND-STAGE,isp_vac,315.4,s,SECONDARY_CLAIM,SRC-WIKI-KRE075,search summary,
ENG-KR-KRE-075-2ND-STAGE,burn_time,148,s,SECONDARY_CLAIM,SRC-WIKI-KRE075,search summary,
ENG-KR-KRE-075-2ND-STAGE,thrust_vac,81.1,tonf,SECONDARY_CLAIM,SRC-NAMU-KRE075,search summary,'KARI material' quoted
ENG-KR-KSR-III-ENGINE,thrust,13,ton,SECONDARY_CLAIM,SRC-WIKI-KSR3,search summary,'13-ton thrust'
ENG-KR-KSR-III-ENGINE,pc,200,psia,REPORTED,SRC-KSCI-KSR3-SUBSCALE,abstract,"SUBSCALE model design value, not flight engine"
ENG-RU-11D428A,ignitions_rated,500000,-,SECONDARY_CLAIM,SRC-WIKI-11D428,search summary,rating stated for the line; which sub-variant not pinned
ENG-RU-11D428A,burn_time_total_max,2000,s,SECONDARY_CLAIM,SRC-WIKI-11D428,search summary,
ENG-RU-S5-142,thrust_vac,25,N,SECONDARY_CLAIM,SRC-WIKI-S5142,search summary,5.6 lbf
ENG-RU-S5-142,pc,0.8,MPa,SECONDARY_CLAIM,SRC-WIKI-S5142,search summary,
ENG-RU-S5-142,isp_vac,285,s,SECONDARY_CLAIM,SRC-WIKI-S5142,search summary,
ENG-RU-S5-80,thrust_vac,2.95,kN,SECONDARY_CLAIM,SRC-WIKI-S580,search summary,660 lbf
ENG-RU-S5-80,pc,0.88,MPa,SECONDARY_CLAIM,SRC-WIKI-S580,search summary,
ENG-RU-S5-80,area_ratio,153.8,:1,SECONDARY_CLAIM,SRC-WIKI-S580,search summary,
ENG-RU-S5-80,isp_vac,302,s,SECONDARY_CLAIM,SRC-WIKI-S580,search summary,
ENG-RU-S5-80,starts,30,-,SECONDARY_CLAIM,SRC-WIKI-S580,search summary,
ENG-RU-S5-80,burn_time_total,890,s,SECONDARY_CLAIM,SRC-WIKI-S580,search summary,
ENG-RU-S5-80,of,1.85,-,SECONDARY_CLAIM,SRC-WIKI-S580,search summary,
ENG-SU-RD-107A,thrust_vac,1020,kN,SECONDARY_CLAIM,SRC-WIKI-RD107,article infobox/spec table (per search summary),seen in WebSearch result summary of this page (page not fetched: WebFetch DNS failure this session); re-verify against page
ENG-SU-RD-107A,thrust_sl,839,kN,SECONDARY_CLAIM,SRC-WIKI-RD107,article infobox/spec table (per search summary),seen in WebSearch result summary of this page (page not fetched: WebFetch DNS failure this session); re-verify against page
ENG-SU-RD-107A,isp_vac,320.2,s,SECONDARY_CLAIM,SRC-WIKI-RD107,article infobox/spec table (per search summary),seen in WebSearch result summary of this page (page not fetched: WebFetch DNS failure this session); re-verify against page
ENG-SU-RD-107A,isp_sl,263.3,s,SECONDARY_CLAIM,SRC-WIKI-RD107,article infobox/spec table (per search summary),seen in WebSearch result summary of this page (page not fetched: WebFetch DNS failure this session); re-verify against page
ENG-SU-RD-107A,thrust_sl,838.5,kN,SECONDARY_CLAIM,SRC-WIKI-SOYUZFG,search summary (URL-level),R2: WebSearch result summary only; re-verify.
ENG-SU-RD-107A,thrust_vac,1021.3,kN,SECONDARY_CLAIM,SRC-WIKI-SOYUZFG,search summary (URL-level),R2: WebSearch result summary only; re-verify.
ENG-SU-RD-107A,thrust_vac,1019.93,kN,SECONDARY_CLAIM,SRC-WIKI-SOYUZ-CSG,search summary (URL-level),R2: WebSearch result summary only; re-verify.
ENG-SU-RD-107A,thrust_sl,85.6,tf,SECONDARY_CLAIM,SRC-WWW1-RD107A,search summary (URL-level),R2: WebSearch result summary only; re-verify.
ENG-SU-RD-108A,thrust_vac,922,kN,SECONDARY_CLAIM,SRC-WIKI-RD107,article infobox/spec table (per search summary),seen in WebSearch result summary of this page (page not fetched: WebFetch DNS failure this session); re-verify against page
ENG-SU-RD-108A,thrust_sl,792,kN,SECONDARY_CLAIM,SRC-WIKI-RD107,article infobox/spec table (per search summary),seen in WebSearch result summary of this page (page not fetched: WebFetch DNS failure this session); re-verify against page
ENG-SU-RD-108A,isp_vac,320.6,s,SECONDARY_CLAIM,SRC-WIKI-RD107,article infobox/spec table (per search summary),seen in WebSearch result summary of this page (page not fetched: WebFetch DNS failure this session); re-verify against page
ENG-SU-RD-108A,isp_sl,257.7,s,SECONDARY_CLAIM,SRC-WIKI-RD107,article infobox/spec table (per search summary),seen in WebSearch result summary of this page (page not fetched: WebFetch DNS failure this session); re-verify against page
ENG-SU-RD-108A,thrust_sl,792.41,kN,SECONDARY_CLAIM,SRC-WIKI-SOYUZFG,search summary (URL-level),R2: WebSearch result summary only; re-verify.
ENG-SU-RD-108A,thrust_vac,921.86,kN,SECONDARY_CLAIM,SRC-WIKI-SOYUZFG,search summary (URL-level),R2: WebSearch result summary only; re-verify.
ENG-SU-RD-108A,isp_sl,257.7,s,SECONDARY_CLAIM,SRC-WIKI-SOYUZFG,search summary (URL-level),R2: WebSearch result summary only; re-verify.
ENG-SU-RD-108A,isp_vac,320.6,s,SECONDARY_CLAIM,SRC-WIKI-SOYUZFG,search summary (URL-level),R2: WebSearch result summary only; re-verify.
ENG-SU-RD-108A,thrust_sl,80.8,tf,SECONDARY_CLAIM,SRC-WWW1-RD107A,search summary (URL-level),R2: WebSearch result summary only; re-verify.
ENG-RU-RD-151,thrust,170,t (reduced thrust; SL/vac not stated),SECONDARY_CLAIM,SRC-WIKI-RD191,article infobox/spec table (per search summary),fire-tested 30 July 2009; seen in WebSearch result summary of this page (page not fetched: WebFetch DNS failure this session); re-verify against page
ENG-RU-KVD-1,thrust_vac,69.6,kN,SECONDARY_CLAIM,SRC-WIKI-KVD1,search summary (URL-level),R2: WebSearch result summary only; re-verify.
ENG-RU-KVD-1,thrust_vac,7.5,t (text),SECONDARY_CLAIM,SRC-WIKI-KVD1,search summary (URL-level),R2: WebSearch result summary only; re-verify.
ENG-RU-KVD-1,isp_vac,462,s,SECONDARY_CLAIM,SRC-WIKI-KVD1,search summary (URL-level),R2: WebSearch result summary only; re-verify.
ENG-RU-KVD-1,pc,5.6,MPa,SECONDARY_CLAIM,SRC-WIKI-KVD1,search summary (URL-level),R2: WebSearch result summary only; re-verify.
ENG-RU-KVD-1,of,6,-,SECONDARY_CLAIM,SRC-WIKI-KVD1,search summary (URL-level),R2: WebSearch result summary only; re-verify.
ENG-RU-KVD-1,burn_time,800,s (600 s single burn),SECONDARY_CLAIM,SRC-WIKI-KVD1,search summary (URL-level),R2: WebSearch result summary only; re-verify.
ENG-RU-KVD-1,mass_dry,282,kg,SECONDARY_CLAIM,SRC-WIKI-KVD1,search summary (URL-level),R2: WebSearch result summary only; re-verify.
ENG-RU-KVD-1,length,2.14,m,SECONDARY_CLAIM,SRC-WIKI-KVD1,search summary (URL-level),R2: WebSearch result summary only; re-verify.
ENG-RU-KVD-1,diameter,1.58,m,SECONDARY_CLAIM,SRC-WIKI-KVD1,search summary (URL-level),R2: WebSearch result summary only; re-verify.
ENG-SE-HPGP-1N,thrust_range,0.25-1,N,SECONDARY_CLAIM,SRC-SATNOW-HPGP1N,search summary,
ENG-SE-HPGP-1N,isp_vac,204-231,s,SECONDARY_CLAIM,SRC-SATNOW-HPGP1N,search summary,
ENG-SE-HPGP-1N,mass,0.38,kg,SECONDARY_CLAIM,SRC-SATNOW-HPGP1N,search summary,
ENG-SE-HPGP-1N,inlet_pressure,4.5-22,bar,SECONDARY_CLAIM,SRC-SATNOW-HPGP1N,search summary,
ENG-SE-HPGP-1N,isp_vac,205-235,s,SECONDARY_CLAIM,SRC-NDIA-ECAPS-2009,search summary,"attribution between NDIA slides and other datasheet not pinned; 0.27-1 N, 0.34 kg"
ENG-SE-HPGP-22N,thrust_range,5.5-22,N,SECONDARY_CLAIM,SRC-SATCAT-HPGP22N,search summary,
ENG-SE-HPGP-22N,isp_vac,243-255,s,SECONDARY_CLAIM,SRC-SATCAT-HPGP22N,search summary,
ENG-SE-HPGP-22N,mass,1.1,kg,SECONDARY_CLAIM,SRC-SATCAT-HPGP22N,search summary,
ENG-SE-HPGP-22N,throughput_qualified,150,kg,REPORTED,SRC-NTRS-20210022261,search summary,EQM-2 qualification life testing up to ~150 kg; EQM-1 off-nominal at ~53 kg
ENG-SE-HPGP-5N,thrust_range,1-5.5,N,SECONDARY_CLAIM,SRC-SATSEARCH-HPGP5N,search summary,
ENG-SE-HPGP-5N,isp_vac,239-253,s,SECONDARY_CLAIM,SRC-SATSEARCH-HPGP5N,search summary,
ENG-RU-S5-92,thrust_vac,19.61,kN (high mode),SECONDARY_CLAIM,SRC-WIKI-S592,search summary (URL-level),R2: WebSearch result summary only; re-verify.
ENG-RU-S5-92,isp_vac,327,s (high mode),SECONDARY_CLAIM,SRC-WIKI-S592,search summary (URL-level),R2: WebSearch result summary only; re-verify.
ENG-RU-S5-92,thrust_vac,13.73,kN (low mode),SECONDARY_CLAIM,SRC-WIKI-S592,search summary (URL-level),R2: WebSearch result summary only; re-verify.
ENG-RU-S5-92,isp_vac,316,s (low mode),SECONDARY_CLAIM,SRC-WIKI-S592,search summary (URL-level),R2: WebSearch result summary only; re-verify.
ENG-RU-S5-92,mass_dry,75,kg,SECONDARY_CLAIM,SRC-WIKI-S592,search summary (URL-level),R2: WebSearch result summary only; re-verify.
ENG-RU-S5-92,starts,20,max,REPORTED,SRC-STARSEM-ST07,search summary (URL-level),Starsem sheet; ST07 vs ST08 unresolved R2: WebSearch result summary only; re-verify.
ENG-RU-S5-92,starts,50,max,SECONDARY_CLAIM,SRC-WIKI-S592,search summary (URL-level),R2: WebSearch result summary only; re-verify.
ENG-RU-S5-92,thrust_vac,"1,400 and 2,000",kg,SECONDARY_CLAIM,SRC-RSW-FREGAT,search summary (URL-level),R2: WebSearch result summary only; re-verify.
ENG-RU-S5-92,isp_vac,323 and 329,s,SECONDARY_CLAIM,SRC-RSW-FREGAT,search summary (URL-level),R2: WebSearch result summary only; re-verify.
ENG-RU-S5-98M,thrust_vac,19.62,kN,SECONDARY_CLAIM,SRC-WIKI-S598M,search summary (URL-level),R2: WebSearch result summary only; re-verify.
ENG-RU-S5-98M,isp_vac,328.6,s,SECONDARY_CLAIM,SRC-WIKI-S598M,search summary (URL-level),R2: WebSearch result summary only; re-verify.
ENG-RU-S5-98M,burn_time,3200,s,SECONDARY_CLAIM,SRC-WIKI-S598M,search summary (URL-level),R2: WebSearch result summary only; re-verify.
ENG-RU-S5-98M,restarts,7,-,SECONDARY_CLAIM,SRC-WIKI-S598M,search summary (URL-level),R2: WebSearch result summary only; re-verify.
ENG-RU-S5-98M,mass_dry,95,kg,SECONDARY_CLAIM,SRC-WIKI-S598M,search summary (URL-level),R2: WebSearch result summary only; re-verify.
ENG-SU-S5-35,thrust_vac,4.03,kN (about),SECONDARY_CLAIM,SRC-WIKI-KTDU35,search summary (URL-level),R2: WebSearch result summary only; re-verify.
ENG-SU-S5-35,isp_vac,270,s,SECONDARY_CLAIM,SRC-WIKI-KTDU35,search summary (URL-level),R2: WebSearch result summary only; re-verify.
ENG-SU-S5-60,thrust_vac,4.09,kN (about),SECONDARY_CLAIM,SRC-WIKI-KTDU35,search summary (URL-level),R2: WebSearch result summary only; re-verify.
ENG-SU-S5-60,isp_vac,278,s,SECONDARY_CLAIM,SRC-WIKI-KTDU35,search summary (URL-level),R2: WebSearch result summary only; re-verify.
ENG-RU-S5-35,thrust_vac,4.03,kN,SECONDARY_CLAIM,SRC-WIKI-KTDU35,search summary,910 lbf
ENG-RU-S5-35,isp_vac,270,s,SECONDARY_CLAIM,SRC-WIKI-KTDU35,search summary,
ENG-RU-S5-60,thrust_vac,4.09,kN,SECONDARY_CLAIM,SRC-WIKI-KTDU35,search summary,920 lbf
ENG-RU-S5-60,isp_vac,278,s,SECONDARY_CLAIM,SRC-WIKI-KTDU35,search summary,
ENG-RU-11D426,thrust_vac,3.09,kN,SECONDARY_CLAIM,SRC-WIKI-S580,search summary,
ENG-RU-11D426,isp_vac,292,s,SECONDARY_CLAIM,SRC-WIKI-S580,search summary,
ENG-SU-NK-15,thrust_vac,1544,kN,SECONDARY_CLAIM,SRC-WIKI-NK15,article infobox/spec table (per search summary),version A of page; seen in WebSearch result summary of this page (page not fetched: WebFetch DNS failure this session); re-verify against page
ENG-SU-NK-15,isp_vac,318,s,SECONDARY_CLAIM,SRC-WIKI-NK15,article infobox/spec table (per search summary),version A; seen in WebSearch result summary of this page (page not fetched: WebFetch DNS failure this session); re-verify against page
ENG-SU-NK-15,pc,7.85,MPa,SECONDARY_CLAIM,SRC-WIKI-NK15,article infobox/spec table (per search summary),version A; seen in WebSearch result summary of this page (page not fetched: WebFetch DNS failure this session); re-verify against page
ENG-SU-NK-15,isp_sl,297,s,SECONDARY_CLAIM,SRC-WIKI-NK15,article infobox/spec table (per search summary),seen in WebSearch result summary of this page (page not fetched: WebFetch DNS failure this session); re-verify against page
ENG-SU-NK-15,thrust_vac,1753,kN,SECONDARY_CLAIM,SRC-WIKI-NK15,article infobox/spec table (per search summary),version B (mirror) - likely NK-33 data mis-pasted; seen in WebSearch result summary of this page (page not fetched: WebFetch DNS failure this session); re-verify against page
ENG-SU-NK-15,pc,14.5,MPa,SECONDARY_CLAIM,SRC-WIKI-NK15,article infobox/spec table (per search summary),version B; seen in WebSearch result summary of this page (page not fetched: WebFetch DNS failure this session); re-verify against page
ENG-SU-NK-33,thrust_sl,1510,kN,SECONDARY_CLAIM,SRC-WIKI-NK33,article infobox/spec table (per search summary),seen in WebSearch result summary of this page (page not fetched: WebFetch DNS failure this session); re-verify against page
ENG-SU-NK-33,thrust_vac,1680,kN,SECONDARY_CLAIM,SRC-WIKI-NK33,article infobox/spec table (per search summary),seen in WebSearch result summary of this page (page not fetched: WebFetch DNS failure this session); re-verify against page
ENG-SU-NK-33,isp_sl,297,s,SECONDARY_CLAIM,SRC-WIKI-NK33,article infobox/spec table (per search summary),seen in WebSearch result summary of this page (page not fetched: WebFetch DNS failure this session); re-verify against page
ENG-SU-NK-33,isp_vac,331,s,SECONDARY_CLAIM,SRC-WIKI-NK33,article infobox/spec table (per search summary),seen in WebSearch result summary of this page (page not fetched: WebFetch DNS failure this session); re-verify against page
ENG-SU-NK-33,pc,14.83,MPa,SECONDARY_CLAIM,SRC-WIKI-NK33,article infobox/spec table (per search summary),seen in WebSearch result summary of this page (page not fetched: WebFetch DNS failure this session); re-verify against page
ENG-SU-NK-33,throttle,50-105,%,SECONDARY_CLAIM,SRC-WIKI-NK33,article infobox/spec table (per search summary),seen in WebSearch result summary of this page (page not fetched: WebFetch DNS failure this session); re-verify against page
ENG-SU-NK-33,thrust_to_weight,137,-,SECONDARY_CLAIM,SRC-WIKI-NK33,article infobox/spec table (per search summary),seen in WebSearch result summary of this page (page not fetched: WebFetch DNS failure this session); re-verify against page
ENG-SU-NK-33,mass_dry,1240,kg,SECONDARY_CLAIM,SRC-WIKI-NK33,article infobox/spec table (per search summary),seen in WebSearch result summary of this page (page not fetched: WebFetch DNS failure this session); re-verify against page
ENG-SU-NK-33,length,3.7,m,SECONDARY_CLAIM,SRC-WIKI-NK33,article infobox/spec table (per search summary),seen in WebSearch result summary of this page (page not fetched: WebFetch DNS failure this session); re-verify against page
ENG-SU-NK-33,diameter,2,m,SECONDARY_CLAIM,SRC-WIKI-NK33,article infobox/spec table (per search summary),seen in WebSearch result summary of this page (page not fetched: WebFetch DNS failure this session); re-verify against page
ENG-SU-NK-33,thrust_sl,1.51,MN,SECONDARY_CLAIM,SRC-NAKEDSCI-NK33,article infobox/spec table (per search summary),Tier E; seen in WebSearch result summary of this page (page not fetched: WebFetch DNS failure this session); re-verify against page
ENG-SU-NK-33,pc,2109,"psi (main chamber, 100% throttle)",REPORTED,SRC-NAS-DEPS-068011,search summary (URL-level),Aerojet slides; abs/gauge not stated; may describe AJ26 not raw NK-33 R2: WebSearch result summary only; re-verify.
ENG-SU-NK-33,thrust_vac,377,klbf,REPORTED,SRC-NAS-DEPS-068011,search summary (URL-level),R2: WebSearch result summary only; re-verify.
ENG-SU-NK-33,thrust_sl,338,klbf,REPORTED,SRC-NAS-DEPS-068011,search summary (URL-level),R2: WebSearch result summary only; re-verify.
ENG-SU-NK-33,isp_vac,331,s,REPORTED,SRC-NAS-DEPS-068011,search summary (URL-level),R2: WebSearch result summary only; re-verify.
ENG-SU-NK-33,isp_sl,297,s,REPORTED,SRC-NAS-DEPS-068011,search summary (URL-level),R2: WebSearch result summary only; re-verify.
ENG-SU-NK-33,of,2.6,- (main chamber),REPORTED,SRC-NAS-DEPS-068011,search summary (URL-level),R2: WebSearch result summary only; re-verify.
ENG-SU-NK-33,pc,2109,psia,SECONDARY_CLAIM,SRC-PURDUE-AJ26,search summary (URL-level),R2: WebSearch result summary only; re-verify.
ENG-SU-NK-43,thrust_to_weight,~120,-,SECONDARY_CLAIM,SRC-WIKI-NK43,article infobox/spec table (per search summary),seen in WebSearch result summary of this page (page not fetched: WebFetch DNS failure this session); re-verify against page
ENG-SU-NK-9,thrust_vac,441,kN,SECONDARY_CLAIM,SRC-WIKI-NK9,article infobox/spec table (per search summary),seen in WebSearch result summary of this page (page not fetched: WebFetch DNS failure this session); re-verify against page
ENG-SU-NK-9,isp_vac,327,s,SECONDARY_CLAIM,SRC-WIKI-NK9,article infobox/spec table (per search summary),seen in WebSearch result summary of this page (page not fetched: WebFetch DNS failure this session); re-verify against page
ENG-SU-11D33,thrust_vac,63.74,kN (S1.5400 original),SECONDARY_CLAIM,SRC-WIKI-S15400,search summary (URL-level),R2: WebSearch result summary only; re-verify.
ENG-SU-11D33,isp_vac,338.5,s (original),SECONDARY_CLAIM,SRC-WIKI-S15400,search summary (URL-level),R2: WebSearch result summary only; re-verify.
ENG-SU-11D33,pc,5.4,MPa,SECONDARY_CLAIM,SRC-WIKI-S15400,search summary (URL-level),R2: WebSearch result summary only; re-verify.
ENG-SU-11D33,burn_time,207,s (max),SECONDARY_CLAIM,SRC-WIKI-S15400,search summary (URL-level),R2: WebSearch result summary only; re-verify.
ENG-SU-11D33,mass_dry,153,kg,SECONDARY_CLAIM,SRC-WIKI-S15400,search summary (URL-level),R2: WebSearch result summary only; re-verify.
ENG-SU-11D33,gimbal,3,"deg, two axes",SECONDARY_CLAIM,SRC-WIKI-S15400,search summary (URL-level),R2: WebSearch result summary only; re-verify.
ENG-SU-11D33M,thrust_vac,66.69,kN,SECONDARY_CLAIM,SRC-WIKI-S15400,search summary (URL-level),R2: WebSearch result summary only; re-verify.
ENG-SU-11D33M,isp_vac,340,s,SECONDARY_CLAIM,SRC-WIKI-S15400,search summary (URL-level),R2: WebSearch result summary only; re-verify.
ENG-SU-RD-0105,thrust_vac,49.4,kN,SECONDARY_CLAIM,SRC-WIKI-RD0109,article infobox/spec table (per search summary),page mixes RD-0105/RD-0109 data; seen in WebSearch result summary of this page (page not fetched: WebFetch DNS failure this session); re-verify against page
ENG-SU-RD-0105,isp_vac,316,s,SECONDARY_CLAIM,SRC-WIKI-RD0109,article infobox/spec table (per search summary),seen in WebSearch result summary of this page (page not fetched: WebFetch DNS failure this session); re-verify against page
ENG-SU-RD-0105,pc,4.5,MPa,SECONDARY_CLAIM,SRC-WIKI-RD0109,article infobox/spec table (per search summary),seen in WebSearch result summary of this page (page not fetched: WebFetch DNS failure this session); re-verify against page
ENG-SU-RD-0105,burn_time,454,s,SECONDARY_CLAIM,SRC-WIKI-RD0109,article infobox/spec table (per search summary),seen in WebSearch result summary of this page (page not fetched: WebFetch DNS failure this session); re-verify against page
ENG-SU-RD-0109,thrust_vac,54.5,kN,SECONDARY_CLAIM,SRC-WIKI-RD0109,article infobox/spec table (per search summary),seen in WebSearch result summary of this page (page not fetched: WebFetch DNS failure this session); re-verify against page
ENG-SU-RD-0109,isp_vac,323.5,s,SECONDARY_CLAIM,SRC-WIKI-RD0109,article infobox/spec table (per search summary),seen in WebSearch result summary of this page (page not fetched: WebFetch DNS failure this session); re-verify against page
ENG-SU-RD-0109,burn_time,430,s,SECONDARY_CLAIM,SRC-WIKI-RD0109,article infobox/spec table (per search summary),seen in WebSearch result summary of this page (page not fetched: WebFetch DNS failure this session); re-verify against page
ENG-SU-RD-0109,pc,5,MPa,SECONDARY_CLAIM,SRC-WIKI-RD0109,article infobox/spec table (per search summary),seen in WebSearch result summary of this page (page not fetched: WebFetch DNS failure this session); re-verify against page
ENG-RU-RD-0110R,thrust_vac,265.1,kN,SECONDARY_CLAIM,SRC-WIKI-RD0110R,article infobox/spec table (per search summary),seen in WebSearch result summary of this page (page not fetched: WebFetch DNS failure this session); re-verify against page
ENG-RU-RD-0110R,thrust_sl,230.5,kN,SECONDARY_CLAIM,SRC-WIKI-RD0110R,article infobox/spec table (per search summary),seen in WebSearch result summary of this page (page not fetched: WebFetch DNS failure this session); re-verify against page
ENG-RU-RD-0110R,pc,6.6,MPa,SECONDARY_CLAIM,SRC-WIKI-RD0110R,article infobox/spec table (per search summary),seen in WebSearch result summary of this page (page not fetched: WebFetch DNS failure this session); re-verify against page
ENG-RU-RD-0110R,isp,~298,s (condition unclear in summary),SECONDARY_CLAIM,SRC-WIKI-RD0110R,article infobox/spec table (per search summary),seen in WebSearch result summary of this page (page not fetched: WebFetch DNS failure this session); re-verify against page
ENG-SU-RD-0110,thrust_vac,298.03,kN,SECONDARY_CLAIM,SRC-WIKI-RD0110,article infobox/spec table (per search summary),seen in WebSearch result summary of this page (page not fetched: WebFetch DNS failure this session); re-verify against page
ENG-SU-RD-0110,pc,6.8,MPa,SECONDARY_CLAIM,SRC-WIKI-RD0110,article infobox/spec table (per search summary),seen in WebSearch result summary of this page (page not fetched: WebFetch DNS failure this session); re-verify against page
ENG-SU-RD-0110,isp_vac,325,s,SECONDARY_CLAIM,SRC-WIKI-RD0110,article infobox/spec table (per search summary),seen in WebSearch result summary of this page (page not fetched: WebFetch DNS failure this session); re-verify against page
ENG-SU-RD-0110,mass_dry,408.5,kg,SECONDARY_CLAIM,SRC-WIKI-RD0110,article infobox/spec table (per search summary),seen in WebSearch result summary of this page (page not fetched: WebFetch DNS failure this session); re-verify against page
ENG-SU-RD-0110,length,1575,mm,SECONDARY_CLAIM,SRC-WIKI-RD0110,article infobox/spec table (per search summary),seen in WebSearch result summary of this page (page not fetched: WebFetch DNS failure this session); re-verify against page
ENG-SU-RD-0110,diameter,2240,mm,SECONDARY_CLAIM,SRC-WIKI-RD0110,article infobox/spec table (per search summary),seen in WebSearch result summary of this page (page not fetched: WebFetch DNS failure this session); re-verify against page
ENG-SU-RD-0110,burn_time,250,s,SECONDARY_CLAIM,SRC-WIKI-RD0110,article infobox/spec table (per search summary),seen in WebSearch result summary of this page (page not fetched: WebFetch DNS failure this session); re-verify against page
ENG-SU-RD-0110,thrust_vac,298,kN,SECONDARY_CLAIM,SRC-RSW-RD0110,article infobox/spec table (per search summary),seen in WebSearch result summary of this page (page not fetched: WebFetch DNS failure this session); re-verify against page
ENG-SU-RD-0110,isp_vac,3195,m/s,SECONDARY_CLAIM,SRC-RSW-RD0110,article infobox/spec table (per search summary),seen in WebSearch result summary of this page (page not fetched: WebFetch DNS failure this session); re-verify against page
ENG-SU-RD-0110,burn_time,230 or 240,s,SECONDARY_CLAIM,SRC-RSW-RD0110,article infobox/spec table (per search summary),seen in WebSearch result summary of this page (page not fetched: WebFetch DNS failure this session); re-verify against page
ENG-SU-RD-0110,pc,7,MPa,SECONDARY_CLAIM,SRC-RSW-RD0110,article infobox/spec table (per search summary),seen in WebSearch result summary of this page (page not fetched: WebFetch DNS failure this session); re-verify against page
ENG-SU-RD-0120,pc,21.9,MPa,SECONDARY_CLAIM,SRC-WIKI-RD0120,article infobox/spec table (per search summary),operational variant at 106% rated power; seen in WebSearch result summary of this page (page not fetched: WebFetch DNS failure this session); re-verify against page
ENG-SU-RD-0120,thrust_vac,1961,kN,SECONDARY_CLAIM,SRC-WIKI-RD0120,article infobox/spec table (per search summary),106%; seen in WebSearch result summary of this page (page not fetched: WebFetch DNS failure this session); re-verify against page
ENG-SU-RD-0120,thrust_sl,1526,kN,SECONDARY_CLAIM,SRC-WIKI-RD0120,article infobox/spec table (per search summary),106%; seen in WebSearch result summary of this page (page not fetched: WebFetch DNS failure this session); re-verify against page
ENG-SU-RD-0120,isp_vac,455,s,SECONDARY_CLAIM,SRC-WIKI-RD0120,article infobox/spec table (per search summary),seen in WebSearch result summary of this page (page not fetched: WebFetch DNS failure this session); re-verify against page
ENG-SU-RD-0120,isp_sl,354,s,SECONDARY_CLAIM,SRC-WIKI-RD0120,article infobox/spec table (per search summary),seen in WebSearch result summary of this page (page not fetched: WebFetch DNS failure this session); re-verify against page
ENG-SU-RD-0120,of,6.0,-,SECONDARY_CLAIM,SRC-WIKI-RD0120,article infobox/spec table (per search summary),seen in WebSearch result summary of this page (page not fetched: WebFetch DNS failure this session); re-verify against page
ENG-SU-RD-0120,burn_time,500,s,SECONDARY_CLAIM,SRC-WIKI-RD0120,article infobox/spec table (per search summary),seen in WebSearch result summary of this page (page not fetched: WebFetch DNS failure this session); re-verify against page
ENG-SU-RD-0120,gimbal,7,deg (+/-),SECONDARY_CLAIM,SRC-WIKI-RD0120,article infobox/spec table (per search summary),seen in WebSearch result summary of this page (page not fetched: WebFetch DNS failure this session); re-verify against page
ENG-SU-RD-0120,length,4550,mm,SECONDARY_CLAIM,SRC-WIKI-RD0120,article infobox/spec table (per search summary),seen in WebSearch result summary of this page (page not fetched: WebFetch DNS failure this session); re-verify against page
ENG-SU-RD-0120,diameter,2420,mm,SECONDARY_CLAIM,SRC-WIKI-RD0120,article infobox/spec table (per search summary),seen in WebSearch result summary of this page (page not fetched: WebFetch DNS failure this session); re-verify against page
ENG-SU-RD-0120,mass_dry,3450,kg,SECONDARY_CLAIM,SRC-WIKI-RD0120,article infobox/spec table (per search summary),seen in WebSearch result summary of this page (page not fetched: WebFetch DNS failure this session); re-verify against page
ENG-SU-RD-0120,gimbal,11,"deg, two perpendicular axes",SECONDARY_CLAIM,SRC-RSW-RD0120,article infobox/spec table (per search summary),seen in WebSearch result summary of this page (page not fetched: WebFetch DNS failure this session); re-verify against page
ENG-SU-RD-0120,thrust_sl,147.6,tf,SECONDARY_CLAIM,SRC-BURAN-ENERGIA-CARAC,article infobox/spec table (per search summary),seen in WebSearch result summary of this page (page not fetched: WebFetch DNS failure this session); re-verify against page
ENG-SU-RD-0120,thrust_vac,190,tf,SECONDARY_CLAIM,SRC-BURAN-ENERGIA-CARAC,article infobox/spec table (per search summary),seen in WebSearch result summary of this page (page not fetched: WebFetch DNS failure this session); re-verify against page
ENG-SU-RD-0120,pc,210,kgf/cm2 (100% power),REPORTED,SRC-JAXA-61856043,search summary (URL-level),JAXA doc summarising CADB data from an AIAA paper; = 20.6 MPa DERIVED R2: WebSearch result summary only; re-verify.
ENG-SU-RD-0120,of,6,- (100% power),REPORTED,SRC-JAXA-61856043,search summary (URL-level),R2: WebSearch result summary only; re-verify.
ENG-SU-RD-0120,preburner_pressure,398,kgf/cm2 (100% power),REPORTED,SRC-JAXA-61856043,search summary (URL-level),R2: WebSearch result summary only; re-verify.
ENG-SU-RD-0120,preburner_mr,0.8,- (fuel-rich),REPORTED,SRC-JAXA-61856043,search summary (URL-level),R2: WebSearch result summary only; re-verify.
ENG-SU-RD-0120,thrust_vac,190,t (100%); 200 t at 106%,REPORTED,SRC-JAXA-61856043,search summary (URL-level),R2: WebSearch result summary only; re-verify.
ENG-RU-RD-0124,thrust_vac,294.3,kN,SECONDARY_CLAIM,SRC-WIKI-RD0124,article infobox/spec table (per search summary),seen in WebSearch result summary of this page (page not fetched: WebFetch DNS failure this session); re-verify against page
ENG-RU-RD-0124,pc,15.7,MPa,SECONDARY_CLAIM,SRC-WIKI-RD0124,article infobox/spec table (per search summary),seen in WebSearch result summary of this page (page not fetched: WebFetch DNS failure this session); re-verify against page
ENG-RU-RD-0124,isp_vac,359,s,SECONDARY_CLAIM,SRC-WIKI-RD0124,article infobox/spec table (per search summary),seen in WebSearch result summary of this page (page not fetched: WebFetch DNS failure this session); re-verify against page
ENG-RU-RD-0124,thrust_vac,~30,tf,SECONDARY_CLAIM,SRC-WWW1-RD0124,article infobox/spec table (per search summary),seen in WebSearch result summary of this page (page not fetched: WebFetch DNS failure this session); re-verify against page
ENG-RU-RD-0124,isp_vac,359,s,SECONDARY_CLAIM,SRC-WWW1-RD0124,article infobox/spec table (per search summary),attributed to Roscosmos; seen in WebSearch result summary of this page (page not fetched: WebFetch DNS failure this session); re-verify against page
ENG-RU-RD-0124,pc,9.5,MPa (throttled mode),SECONDARY_CLAIM,SRC-WIKI-RD0124,search summary (URL-level),"reduced-Pc mode, Isp 347 s; keep separate from 15.7 MPa nominal R2: WebSearch result summary only; re-verify."
ENG-RU-RD-0124,isp_vac,347,s (throttled mode),SECONDARY_CLAIM,SRC-WIKI-RD0124,search summary (URL-level),R2: WebSearch result summary only; re-verify.
ENG-RU-RD-0124A,burn_time,424,s,SECONDARY_CLAIM,SRC-WIKI-RD0124,article infobox/spec table (per search summary),seen in WebSearch result summary of this page (page not fetched: WebFetch DNS failure this session); re-verify against page
ENG-RU-RD-0124A,mass_dry,548,kg,SECONDARY_CLAIM,SRC-WIKI-RD0124,article infobox/spec table (per search summary),24 kg lighter than base model; seen in WebSearch result summary of this page (page not fetched: WebFetch DNS failure this session); re-verify against page
ENG-RU-RD-0124MS,thrust_vac,60,t,SECONDARY_CLAIM,SRC-SPACEREF-RD0124MS,article infobox/spec table (per search summary),seen in WebSearch result summary of this page (page not fetched: WebFetch DNS failure this session); re-verify against page
ENG-RU-RD-0124MS,thrust_vac,588.6,kN,SECONDARY_CLAIM,SRC-WIKI-SOYUZ5,article infobox/spec table (per search summary),seen in WebSearch result summary of this page (page not fetched: WebFetch DNS failure this session); re-verify against page
ENG-RU-RD-0124MS,isp_vac,359,s,SECONDARY_CLAIM,SRC-WIKI-SOYUZ5,article infobox/spec table (per search summary),seen in WebSearch result summary of this page (page not fetched: WebFetch DNS failure this session); re-verify against page
ENG-RU-RD-0124MS,isp_vac,361,s,SECONDARY_CLAIM,SRC-WWW1-RD0124,article infobox/spec table (per search summary),Tier E; also 'RD-124MV' 361 s in SRC-FRONTIER-SOYUZ5; seen in WebSearch result summary of this page (page not fetched: WebFetch DNS failure this session); re-verify against page
ENG-SU-RD-0210,thrust_vac,582,kN,SECONDARY_CLAIM,SRC-WIKI-RD0210,article infobox/spec table (per search summary),seen in WebSearch result summary of this page (page not fetched: WebFetch DNS failure this session); re-verify against page
ENG-SU-RD-0210,thrust_vac,593.6,kN,SECONDARY_CLAIM,SRC-RSW-RD0210,article infobox/spec table (per search summary),source attribution between Wiki/RSW not explicit in summary; seen in WebSearch result summary of this page (page not fetched: WebFetch DNS failure this session); re-verify against page
ENG-SU-RD-0210,of,2.6,-,SECONDARY_CLAIM,SRC-WIKI-RD0210,article infobox/spec table (per search summary),seen in WebSearch result summary of this page (page not fetched: WebFetch DNS failure this session); re-verify against page
ENG-SU-RD-0210,isp_vac,326.5,s,SECONDARY_CLAIM,SRC-WIKI-RD0210,article infobox/spec table (per search summary),seen in WebSearch result summary of this page (page not fetched: WebFetch DNS failure this session); re-verify against page
ENG-SU-RD-0210,pc,14.7,MPa,SECONDARY_CLAIM,SRC-WIKI-RD0210,article infobox/spec table (per search summary),seen in WebSearch result summary of this page (page not fetched: WebFetch DNS failure this session); re-verify against page
ENG-SU-RD-0210,pc,15,MPa,SECONDARY_CLAIM,SRC-RSW-RD0210,article infobox/spec table (per search summary),attribution uncertain; seen in WebSearch result summary of this page (page not fetched: WebFetch DNS failure this session); re-verify against page
ENG-SU-RD-0210,length,2327,mm,SECONDARY_CLAIM,SRC-WIKI-RD0210,article infobox/spec table (per search summary),seen in WebSearch result summary of this page (page not fetched: WebFetch DNS failure this session); re-verify against page
ENG-SU-RD-0210,diameter,1470,mm,SECONDARY_CLAIM,SRC-WIKI-RD0210,article infobox/spec table (per search summary),seen in WebSearch result summary of this page (page not fetched: WebFetch DNS failure this session); re-verify against page
ENG-SU-RD-0210,mass_dry,566,kg,SECONDARY_CLAIM,SRC-WIKI-RD0210,article infobox/spec table (per search summary),seen in WebSearch result summary of this page (page not fetched: WebFetch DNS failure this session); re-verify against page
ENG-SU-RD-0210,gimbal,3.25,deg,SECONDARY_CLAIM,SRC-RSW-RD0210,article infobox/spec table (per search summary),seen in WebSearch result summary of this page (page not fetched: WebFetch DNS failure this session); re-verify against page
ENG-SU-RD-0213,thrust_vac,583,kN,SECONDARY_CLAIM,SRC-RSW-RD0212,article infobox/spec table (per search summary),seen in WebSearch result summary of this page (page not fetched: WebFetch DNS failure this session); re-verify against page
ENG-SU-RD-0214,thrust_vac,31,kN,SECONDARY_CLAIM,SRC-RSW-RD0212,article infobox/spec table (per search summary),seen in WebSearch result summary of this page (page not fetched: WebFetch DNS failure this session); re-verify against page
ENG-SU-RD-0232,burn_time,121,s (stage 1),SECONDARY_CLAIM,SRC-SF101-ROKOT,search summary (URL-level),R2: WebSearch result summary only; re-verify.
ENG-SU-RD-0233,thrust_sl,470,kN (per engine),SECONDARY_CLAIM,SRC-SF101-ROKOT,search summary (URL-level),R2: WebSearch result summary only; re-verify.
ENG-SU-RD-0233,thrust_vac,520,kN (per engine),SECONDARY_CLAIM,SRC-SF101-ROKOT,search summary (URL-level),R2: WebSearch result summary only; re-verify.
ENG-SU-RD-100,thrust_sl,26,t (units as printed: 'traction on the ground'),SECONDARY_CLAIM,SRC-KPI-GLUSHKO,article infobox/spec table (per search summary),KPI gives 26/37/44 for RD-100/101/103M; seen in WebSearch result summary of this page (page not fetched: WebFetch DNS failure this session); re-verify against page
ENG-SU-RD-100,thrust_sl,33,t,SECONDARY_CLAIM,SRC-HISTORYRISE-GLUSHKO,article infobox/spec table (per search summary),Tier E; conflicts with KPI 26 t (see CF); seen in WebSearch result summary of this page (page not fetched: WebFetch DNS failure this session); re-verify against page
ENG-SU-RD-101,thrust_sl,37210,kgf,SECONDARY_CLAIM,SRC-FAS-R2,R-2 spec table,seen in WebSearch result summary of this page (page not fetched: WebFetch DNS failure this session); re-verify against page
ENG-SU-RD-101,thrust_vac,41208,kgf,SECONDARY_CLAIM,SRC-FAS-R2,R-2 spec table,seen in WebSearch result summary of this page (page not fetched: WebFetch DNS failure this session); re-verify against page
ENG-SU-RD-101,isp_vac,237,s,SECONDARY_CLAIM,SRC-FAS-R2,article infobox/spec table (per search summary),seen in WebSearch result summary of this page (page not fetched: WebFetch DNS failure this session); re-verify against page
ENG-SU-RD-101,isp_sl,214,s,SECONDARY_CLAIM,SRC-FAS-R2,article infobox/spec table (per search summary),seen in WebSearch result summary of this page (page not fetched: WebFetch DNS failure this session); re-verify against page
ENG-SU-RD-101,burn_time,85,s,SECONDARY_CLAIM,SRC-FAS-R2,article infobox/spec table (per search summary),seen in WebSearch result summary of this page (page not fetched: WebFetch DNS failure this session); re-verify against page
ENG-SU-RD-101,thrust_sl,37,t (as printed),SECONDARY_CLAIM,SRC-KPI-GLUSHKO,article infobox/spec table (per search summary),seen in WebSearch result summary of this page (page not fetched: WebFetch DNS failure this session); re-verify against page
ENG-SU-RD-101,thrust,35,"t (340 kN), SL/vac not stated",SECONDARY_CLAIM,SRC-PLANETARY-GLUSHKO,article infobox/spec table (per search summary),seen in WebSearch result summary of this page (page not fetched: WebFetch DNS failure this session); re-verify against page
ENG-SU-RD-103,thrust,44,"t (430 kN), SL/vac not stated",SECONDARY_CLAIM,SRC-PLANETARY-GLUSHKO,article infobox/spec table (per search summary),seen in WebSearch result summary of this page (page not fetched: WebFetch DNS failure this session); re-verify against page
ENG-SU-RD-103M,thrust_sl,44,t (as printed),SECONDARY_CLAIM,SRC-KPI-GLUSHKO,article infobox/spec table (per search summary),seen in WebSearch result summary of this page (page not fetched: WebFetch DNS failure this session); re-verify against page
ENG-SU-RD-107,thrust_vac,1000,kN,SECONDARY_CLAIM,SRC-WIKI-RD107,variant table (mirror),seen in WebSearch result summary of this page (page not fetched: WebFetch DNS failure this session); re-verify against page
ENG-SU-RD-107,thrust_sl,810,kN,SECONDARY_CLAIM,SRC-WIKI-RD107,variant table (mirror),seen in WebSearch result summary of this page (page not fetched: WebFetch DNS failure this session); re-verify against page
ENG-SU-RD-107,isp_vac,313,s,SECONDARY_CLAIM,SRC-WIKI-RD107,article infobox/spec table (per search summary),seen in WebSearch result summary of this page (page not fetched: WebFetch DNS failure this session); re-verify against page
ENG-SU-RD-107,isp_sl,256,s,SECONDARY_CLAIM,SRC-WIKI-RD107,article infobox/spec table (per search summary),seen in WebSearch result summary of this page (page not fetched: WebFetch DNS failure this session); re-verify against page
ENG-SU-RD-108,thrust,912,"kN (max, SL/vac not stated)",SECONDARY_CLAIM,SRC-WIKI-SPUTNIK-LV,core stage data,seen in WebSearch result summary of this page (page not fetched: WebFetch DNS failure this session); re-verify against page
ENG-SU-RD-108,isp,308,s (condition not stated),SECONDARY_CLAIM,SRC-WIKI-SPUTNIK-LV,article infobox/spec table (per search summary),seen in WebSearch result summary of this page (page not fetched: WebFetch DNS failure this session); re-verify against page
ENG-SU-RD-117,thrust_sl,838.5,kN,SECONDARY_CLAIM,SRC-SF101-SOYUZU,Soyuz-U boosters section,seen in WebSearch result summary of this page (page not fetched: WebFetch DNS failure this session); re-verify against page
ENG-RU-RD-171M,thrust_sl,740,tf,REPORTED,SRC-GLAVKOSMOS-RD171M,"spec table 'Thrust, earth / void, tf'",seen in WebSearch result summary of this page (page not fetched: WebFetch DNS failure this session); re-verify against page
ENG-RU-RD-171M,thrust_vac,806,tf,REPORTED,SRC-GLAVKOSMOS-RD171M,spec table,seen in WebSearch result summary of this page (page not fetched: WebFetch DNS failure this session); re-verify against page
ENG-RU-RD-171M,isp_sl,309,s,REPORTED,SRC-GLAVKOSMOS-RD171M,article infobox/spec table (per search summary),seen in WebSearch result summary of this page (page not fetched: WebFetch DNS failure this session); re-verify against page
ENG-RU-RD-171M,isp_vac,337,s,REPORTED,SRC-GLAVKOSMOS-RD171M,article infobox/spec table (per search summary),seen in WebSearch result summary of this page (page not fetched: WebFetch DNS failure this session); re-verify against page
ENG-RU-RD-171M,pc,250,kgf/cm2,REPORTED,SRC-GLAVKOSMOS-RD171M,article infobox/spec table (per search summary),seen in WebSearch result summary of this page (page not fetched: WebFetch DNS failure this session); re-verify against page
ENG-RU-RD-171M,mass_dry,9300,kg,REPORTED,SRC-GLAVKOSMOS-RD171M,article infobox/spec table (per search summary),seen in WebSearch result summary of this page (page not fetched: WebFetch DNS failure this session); re-verify against page
ENG-RU-RD-171M,mass_wet,10300,kg (filled),REPORTED,SRC-GLAVKOSMOS-RD171M,article infobox/spec table (per search summary),seen in WebSearch result summary of this page (page not fetched: WebFetch DNS failure this session); re-verify against page
ENG-RU-RD-171M,length,4150,mm,REPORTED,SRC-GLAVKOSMOS-RD171M,article infobox/spec table (per search summary),seen in WebSearch result summary of this page (page not fetched: WebFetch DNS failure this session); re-verify against page
ENG-RU-RD-171M,diameter,3565,mm,REPORTED,SRC-GLAVKOSMOS-RD171M,article infobox/spec table (per search summary),seen in WebSearch result summary of this page (page not fetched: WebFetch DNS failure this session); re-verify against page
ENG-RU-RD-171M,throttle,105-49,%,REPORTED,SRC-GLAVKOSMOS-RD171M,article infobox/spec table (per search summary),seen in WebSearch result summary of this page (page not fetched: WebFetch DNS failure this session); re-verify against page
ENG-RU-RD-171M,gimbal,6,deg,REPORTED,SRC-GLAVKOSMOS-RD171M,article infobox/spec table (per search summary),seen in WebSearch result summary of this page (page not fetched: WebFetch DNS failure this session); re-verify against page
ENG-RU-RD-171M,thrust_vac,7.8,MN,REPORTED,SRC-IAC13-20083,abstract,seen in WebSearch result summary of this page (page not fetched: WebFetch DNS failure this session); re-verify against page
ENG-RU-RD-171M,isp_vac,3273.2,m/s,REPORTED,SRC-IAC13-20083,abstract,seen in WebSearch result summary of this page (page not fetched: WebFetch DNS failure this session); re-verify against page
ENG-RU-RD-171M,pc,25.9,MPa (maximum reached by production engine),REPORTED,SRC-IAC13-20083,abstract,seen in WebSearch result summary of this page (page not fetched: WebFetch DNS failure this session); re-verify against page
ENG-RU-RD-171MV,thrust_vac,7887,kN,SECONDARY_CLAIM,SRC-WIKI-RD170,article infobox/spec table (per search summary),family spec on RD-170 page; variant applicability unclear; seen in WebSearch result summary of this page (page not fetched: WebFetch DNS failure this session); re-verify against page
ENG-RU-RD-171MV,isp_vac,338,s,SECONDARY_CLAIM,SRC-WIKI-RD170,article infobox/spec table (per search summary),seen in WebSearch result summary of this page (page not fetched: WebFetch DNS failure this session); re-verify against page
ENG-RU-RD-171MV,isp_sl,309,s,SECONDARY_CLAIM,SRC-WIKI-RD170,article infobox/spec table (per search summary),seen in WebSearch result summary of this page (page not fetched: WebFetch DNS failure this session); re-verify against page
ENG-RU-RD-171MV,thrust_sl,7257,kN (Soyuz-5 first stage max thrust),SECONDARY_CLAIM,SRC-WIKI-SOYUZ5,article infobox/spec table (per search summary),stage figure = single engine; seen in WebSearch result summary of this page (page not fetched: WebFetch DNS failure this session); re-verify against page
ENG-RU-RD-171MV,burn_time,179,s (stage 1),SECONDARY_CLAIM,SRC-WIKI-SOYUZ5,article infobox/spec table (per search summary),seen in WebSearch result summary of this page (page not fetched: WebFetch DNS failure this session); re-verify against page
ENG-RU-RD-171MV,thrust_sl,~750,t,SECONDARY_CLAIM,SRC-FRONTIER-SOYUZ5,article infobox/spec table (per search summary),Tier E; seen in WebSearch result summary of this page (page not fetched: WebFetch DNS failure this session); re-verify against page
ENG-RU-RD-171MV,thrust_vac,~800,t,SECONDARY_CLAIM,SRC-FRONTIER-SOYUZ5,article infobox/spec table (per search summary),Tier E; seen in WebSearch result summary of this page (page not fetched: WebFetch DNS failure this session); re-verify against page
ENG-RU-RD-180,pc,261.7,kgf/cm2,SECONDARY_CLAIM,SRC-PNP-RD180,article infobox/spec table (per search summary),"quoted by Energomash chief designer Levochkin; = 256.6 bar per article; seen in WebSearch result summary of this page (page not fetched: WebFetch DNS failure this session); re-verify against page [merge: status REPORTED -> SECONDARY_CLAIM, source tier D]"
ENG-RU-RD-180,pc,266.7,bar,SECONDARY_CLAIM,SRC-KOD-RD180,article infobox/spec table (per search summary),Tier E; described as 'published Energomash data'; seen in WebSearch result summary of this page (page not fetched: WebFetch DNS failure this session); re-verify against page
ENG-RU-RD-180,pc_certification_margin,>280,atm (10% margin),SECONDARY_CLAIM,SRC-PNP-RD180,article infobox/spec table (per search summary),"seen in WebSearch result summary of this page (page not fetched: WebFetch DNS failure this session); re-verify against page [merge: status REPORTED -> SECONDARY_CLAIM, source tier D]"
ENG-RU-RD-180,thrust_sl,860200,lb,SECONDARY_CLAIM,SRC-SFN-RD180-2000,search excerpt,"[merge: status REPORTED -> SECONDARY_CLAIM, source tier D]"
ENG-RU-RD-180,thrust_vac,933400,lb,SECONDARY_CLAIM,SRC-SFN-RD180-2000,search excerpt,"[merge: status REPORTED -> SECONDARY_CLAIM, source tier D]"
ENG-RU-RD-180,isp_sl,311.3,s,SECONDARY_CLAIM,SRC-SFN-RD180-2000,search excerpt,"[merge: status REPORTED -> SECONDARY_CLAIM, source tier D]"
ENG-RU-RD-180,isp_vac,337.8,s,SECONDARY_CLAIM,SRC-SFN-RD180-2000,search excerpt,"[merge: status REPORTED -> SECONDARY_CLAIM, source tier D]"
ENG-RU-RD-180,pc,3722,psia,SECONDARY_CLAIM,SRC-SFN-RD180-2000,search excerpt,"conflicts CF-1 [merge: status REPORTED -> SECONDARY_CLAIM, source tier D]"
ENG-RU-RD-180,throttle,47-100,%,SECONDARY_CLAIM,SRC-SFN-RD180-2002,search excerpt,"[merge: status REPORTED -> SECONDARY_CLAIM, source tier D]"
ENG-RU-RD-180,mass,5480,kg (dry),REPORTED,SRC-GLAVKOSMOS-RD180,search excerpt,
ENG-RU-RD-181,thrust_sl,196,tf,REPORTED,SRC-GLAVKOSMOS-RD181,article infobox/spec table (per search summary),seen in WebSearch result summary of this page (page not fetched: WebFetch DNS failure this session); re-verify against page
ENG-RU-RD-181,thrust_vac,212,tf,REPORTED,SRC-GLAVKOSMOS-RD181,article infobox/spec table (per search summary),seen in WebSearch result summary of this page (page not fetched: WebFetch DNS failure this session); re-verify against page
ENG-RU-RD-181,isp_sl,311,s,REPORTED,SRC-GLAVKOSMOS-RD181,article infobox/spec table (per search summary),seen in WebSearch result summary of this page (page not fetched: WebFetch DNS failure this session); re-verify against page
ENG-RU-RD-181,isp_vac,339,s,REPORTED,SRC-GLAVKOSMOS-RD181,article infobox/spec table (per search summary),seen in WebSearch result summary of this page (page not fetched: WebFetch DNS failure this session); re-verify against page
ENG-RU-RD-181,throttle,105-30,%,REPORTED,SRC-GLAVKOSMOS-RD181,article infobox/spec table (per search summary),seen in WebSearch result summary of this page (page not fetched: WebFetch DNS failure this session); re-verify against page
ENG-RU-RD-191,thrust_sl,196.0,tf,SECONDARY_CLAIM,SRC-RUWIKI-RD191,article infobox/spec table (per search summary),seen in WebSearch result summary of this page (page not fetched: WebFetch DNS failure this session); re-verify against page
ENG-RU-RD-191,thrust_vac,212.6,tf,SECONDARY_CLAIM,SRC-RUWIKI-RD191,article infobox/spec table (per search summary),seen in WebSearch result summary of this page (page not fetched: WebFetch DNS failure this session); re-verify against page
ENG-RU-RD-191,pc,262.6,kgf/cm2,SECONDARY_CLAIM,SRC-RUWIKI-RD191,article infobox/spec table (per search summary),= 254.2 atm per article; seen in WebSearch result summary of this page (page not fetched: WebFetch DNS failure this session); re-verify against page
ENG-RU-RD-191,isp_vac,337.4,s,SECONDARY_CLAIM,SRC-RUWIKI-RD191,article infobox/spec table (per search summary),seen in WebSearch result summary of this page (page not fetched: WebFetch DNS failure this session); re-verify against page
ENG-RU-RD-191,length,3780,mm,SECONDARY_CLAIM,SRC-RUWIKI-RD191,article infobox/spec table (per search summary),seen in WebSearch result summary of this page (page not fetched: WebFetch DNS failure this session); re-verify against page
ENG-RU-RD-191,diameter,2100,mm,SECONDARY_CLAIM,SRC-RUWIKI-RD191,article infobox/spec table (per search summary),seen in WebSearch result summary of this page (page not fetched: WebFetch DNS failure this session); re-verify against page
ENG-RU-RD-191,thrust_sl,1920,kN,SECONDARY_CLAIM,SRC-WIKI-RD191,article infobox/spec table (per search summary),seen in WebSearch result summary of this page (page not fetched: WebFetch DNS failure this session); re-verify against page
ENG-RU-RD-191,thrust_vac,2090,kN,SECONDARY_CLAIM,SRC-WIKI-RD191,article infobox/spec table (per search summary),seen in WebSearch result summary of this page (page not fetched: WebFetch DNS failure this session); re-verify against page
ENG-RU-RD-191,isp_sl,310.7,s,SECONDARY_CLAIM,SRC-WIKI-RD191,article infobox/spec table (per search summary),seen in WebSearch result summary of this page (page not fetched: WebFetch DNS failure this session); re-verify against page
ENG-RU-RD-191,isp_vac,337,s,SECONDARY_CLAIM,SRC-WIKI-RD191,article infobox/spec table (per search summary),seen in WebSearch result summary of this page (page not fetched: WebFetch DNS failure this session); re-verify against page
ENG-RU-RD-191,isp_sl,311.2,s,SECONDARY_CLAIM,SRC-RSW-RD191,article infobox/spec table (per search summary),seen in WebSearch result summary of this page (page not fetched: WebFetch DNS failure this session); re-verify against page
ENG-RU-RD-191,isp_vac,337.5,s,SECONDARY_CLAIM,SRC-RSW-RD191,article infobox/spec table (per search summary),seen in WebSearch result summary of this page (page not fetched: WebFetch DNS failure this session); re-verify against page
ENG-SU-RD-170,thrust_vac,7900,kN,SECONDARY_CLAIM,SRC-WIKI-RD170,article infobox/spec table (per search summary),seen in WebSearch result summary of this page (page not fetched: WebFetch DNS failure this session); re-verify against page
ENG-SU-RD-170,thrust_sl,7250,kN,SECONDARY_CLAIM,SRC-WIKI-RD170,article infobox/spec table (per search summary),seen in WebSearch result summary of this page (page not fetched: WebFetch DNS failure this session); re-verify against page
ENG-SU-RD-170,throttle,100-40,%,SECONDARY_CLAIM,SRC-WIKI-RD170,article infobox/spec table (per search summary),seen in WebSearch result summary of this page (page not fetched: WebFetch DNS failure this session); re-verify against page
ENG-SU-RD-170,of,2.63,-,SECONDARY_CLAIM,SRC-WIKI-RD170,article infobox/spec table (per search summary),seen in WebSearch result summary of this page (page not fetched: WebFetch DNS failure this session); re-verify against page
ENG-SU-RD-170,area_ratio,36.87,-,SECONDARY_CLAIM,SRC-WIKI-RD170,article infobox/spec table (per search summary),seen in WebSearch result summary of this page (page not fetched: WebFetch DNS failure this session); re-verify against page
ENG-SU-RD-170,mass_dry,9750,kg,SECONDARY_CLAIM,SRC-WIKI-RD170,article infobox/spec table (per search summary),seen in WebSearch result summary of this page (page not fetched: WebFetch DNS failure this session); re-verify against page
ENG-SU-RD-170,thrust_sl,740,metric tons (t),REPORTED,SRC-NTRS-19910018906,search summary (URL-level),slides: 'about 740 metric tons' R2: WebSearch result summary only; re-verify.
ENG-SU-RD-170,thrust_vac,806,metric tons (t),REPORTED,SRC-NTRS-19910018906,search summary (URL-level),R2: WebSearch result summary only; re-verify.
ENG-SU-RD-170,isp_sl,308,s,REPORTED,SRC-NTRS-19910018906,search summary (URL-level),R2: WebSearch result summary only; re-verify.
ENG-SU-RD-170,isp_vac,336,s,REPORTED,SRC-NTRS-19910018906,search summary (URL-level),R2: WebSearch result summary only; re-verify.
ENG-SU-RD-170,pc,250,kgf/cm2,REPORTED,SRC-NTRS-19910018906,search summary (URL-level),abs/gauge and station not stated; = 24.5 MPa DERIVED R2: WebSearch result summary only; re-verify.
ENG-SU-RD-170,of,2.58,-,REPORTED,SRC-NTRS-19910018906,search summary (URL-level),engine vs chamber convention not stated R2: WebSearch result summary only; re-verify.
ENG-SU-RD-170,preburners,2,count,REPORTED,SRC-NTRS-19910018906,search summary (URL-level),'1 turbopump assembly driven by 2 preburners which feed 4 thrust chamber assemblies' R2: WebSearch result summary only; re-verify.
ENG-SU-RD-170,turbopumps,1,"count (single shaft: fuel pump bottom, ox pump middle, turbine top)",REPORTED,SRC-NTRS-19910018906,search summary (URL-level),R2: WebSearch result summary only; re-verify.
ENG-SU-RD-170,turbine_power,170,MW,SECONDARY_CLAIM,SRC-WIKI-RD170,search summary (URL-level),single-shaft single-turbine TP R2: WebSearch result summary only; re-verify.
ENG-SU-RD-170,first_test_firing,1980-08-25,date,SECONDARY_CLAIM,SRC-RSW-RD170,search summary (URL-level),R2: WebSearch result summary only; re-verify.
ENG-SU-RD-170,design_reuse,10,firings (design goal),SECONDARY_CLAIM,SRC-RSW-RD170,search summary (URL-level),R2: WebSearch result summary only; re-verify.
ENG-SU-RD-170,pc,266.7,bar,SECONDARY_CLAIM,SRC-NAKEDSCI-RAPTOR,search excerpt,journalism quoting 'published Energomash data'; see CF-2
ENG-SU-RD-215,thrust_vac,887,kN,SECONDARY_CLAIM,SRC-WIKI-RD215,search summary (URL-level),R2: WebSearch result summary only; re-verify.
ENG-SU-RD-215,thrust_sl,740,kN,SECONDARY_CLAIM,SRC-WIKI-RD215,search summary (URL-level),R2: WebSearch result summary only; re-verify.
ENG-SU-RD-215,isp_vac,289,s,SECONDARY_CLAIM,SRC-WIKI-RD215,search summary (URL-level),R2: WebSearch result summary only; re-verify.
ENG-SU-RD-215,pc,7.355,MPa,SECONDARY_CLAIM,SRC-WIKI-RD215,search summary (URL-level),R2: WebSearch result summary only; re-verify.
ENG-RU-RD-275,pc,15.7,MPa,SECONDARY_CLAIM,SRC-WIKI-RD253,article infobox/spec table (per search summary),seen in WebSearch result summary of this page (page not fetched: WebFetch DNS failure this session); re-verify against page
ENG-RU-RD-275,isp_vac,316,s,SECONDARY_CLAIM,SRC-WIKI-RD253,article infobox/spec table (per search summary),seen in WebSearch result summary of this page (page not fetched: WebFetch DNS failure this session); re-verify against page
ENG-RU-RD-275,isp_sl,287,s,SECONDARY_CLAIM,SRC-WIKI-RD253,article infobox/spec table (per search summary),seen in WebSearch result summary of this page (page not fetched: WebFetch DNS failure this session); re-verify against page
ENG-RU-RD-275,thrust_vac,1750,kN,SECONDARY_CLAIM,SRC-WIKI-RD253,article infobox/spec table (per search summary),seen in WebSearch result summary of this page (page not fetched: WebFetch DNS failure this session); re-verify against page
ENG-RU-RD-275,thrust_sl,1590,kN,SECONDARY_CLAIM,SRC-WIKI-RD253,article infobox/spec table (per search summary),seen in WebSearch result summary of this page (page not fetched: WebFetch DNS failure this session); re-verify against page
ENG-RU-RD-275,thrust_sl,162,t,SECONDARY_CLAIM,SRC-RSW-RD253,article infobox/spec table (per search summary),seen in WebSearch result summary of this page (page not fetched: WebFetch DNS failure this session); re-verify against page
ENG-RU-RD-275,thrust_vac,178,t,SECONDARY_CLAIM,SRC-RSW-RD253,article infobox/spec table (per search summary),seen in WebSearch result summary of this page (page not fetched: WebFetch DNS failure this session); re-verify against page
ENG-RU-RD-275M,pc,16.5,MPa,SECONDARY_CLAIM,SRC-WIKI-RD253,article infobox/spec table (per search summary),seen in WebSearch result summary of this page (page not fetched: WebFetch DNS failure this session); re-verify against page
ENG-RU-RD-275M,isp_vac,315.8,s,SECONDARY_CLAIM,SRC-WIKI-RD253,article infobox/spec table (per search summary),seen in WebSearch result summary of this page (page not fetched: WebFetch DNS failure this session); re-verify against page
ENG-RU-RD-275M,isp_sl,288,s,SECONDARY_CLAIM,SRC-WIKI-RD253,article infobox/spec table (per search summary),seen in WebSearch result summary of this page (page not fetched: WebFetch DNS failure this session); re-verify against page
ENG-RU-RD-275M,thrust_vac,1832,kN,SECONDARY_CLAIM,SRC-WIKI-RD253,article infobox/spec table (per search summary),seen in WebSearch result summary of this page (page not fetched: WebFetch DNS failure this session); re-verify against page
ENG-RU-RD-275M,thrust_sl,1671,kN,SECONDARY_CLAIM,SRC-WIKI-RD253,article infobox/spec table (per search summary),seen in WebSearch result summary of this page (page not fetched: WebFetch DNS failure this session); re-verify against page
ENG-SU-RD-253,pc,14.7,MPa,SECONDARY_CLAIM,SRC-WIKI-RD253,article infobox/spec table (per search summary),seen in WebSearch result summary of this page (page not fetched: WebFetch DNS failure this session); re-verify against page
ENG-SU-RD-253,isp_vac,316,s,SECONDARY_CLAIM,SRC-WIKI-RD253,article infobox/spec table (per search summary),seen in WebSearch result summary of this page (page not fetched: WebFetch DNS failure this session); re-verify against page
ENG-SU-RD-253,isp_sl,285,s,SECONDARY_CLAIM,SRC-WIKI-RD253,article infobox/spec table (per search summary),seen in WebSearch result summary of this page (page not fetched: WebFetch DNS failure this session); re-verify against page
ENG-SU-RD-253,thrust_vac,1630,kN,SECONDARY_CLAIM,SRC-WIKI-RD253,article infobox/spec table (per search summary),seen in WebSearch result summary of this page (page not fetched: WebFetch DNS failure this session); re-verify against page
ENG-SU-RD-253,thrust_sl,1470,kN,SECONDARY_CLAIM,SRC-WIKI-RD253,article infobox/spec table (per search summary),seen in WebSearch result summary of this page (page not fetched: WebFetch DNS failure this session); re-verify against page
ENG-SU-RD-253,of,2.67,-,SECONDARY_CLAIM,SRC-WIKI-RD253,article infobox/spec table (per search summary),seen in WebSearch result summary of this page (page not fetched: WebFetch DNS failure this session); re-verify against page
ENG-SU-RD-253,area_ratio,26.2,-,SECONDARY_CLAIM,SRC-WIKI-RD253,article infobox/spec table (per search summary),seen in WebSearch result summary of this page (page not fetched: WebFetch DNS failure this session); re-verify against page
ENG-SU-RD-253,thrust_sl,150,t,SECONDARY_CLAIM,SRC-RSW-RD253,article infobox/spec table (per search summary),seen in WebSearch result summary of this page (page not fetched: WebFetch DNS failure this session); re-verify against page
ENG-SU-RD-253,thrust_vac,166,t,SECONDARY_CLAIM,SRC-RSW-RD253,article infobox/spec table (per search summary),seen in WebSearch result summary of this page (page not fetched: WebFetch DNS failure this session); re-verify against page
ENG-SU-RD-253,isp_sl,285,s,SECONDARY_CLAIM,SRC-RSW-RD253,article infobox/spec table (per search summary),seen in WebSearch result summary of this page (page not fetched: WebFetch DNS failure this session); re-verify against page
ENG-SU-RD-253,isp_vac,316,s,SECONDARY_CLAIM,SRC-RSW-RD253,article infobox/spec table (per search summary),seen in WebSearch result summary of this page (page not fetched: WebFetch DNS failure this session); re-verify against page
ENG-SU-RD-250,thrust_vac,882,kN,SECONDARY_CLAIM,SRC-WIKI-RD250,search summary (URL-level),R2: WebSearch result summary only; re-verify.
ENG-SU-RD-250,thrust_sl,788,kN,SECONDARY_CLAIM,SRC-WIKI-RD250,search summary (URL-level),R2: WebSearch result summary only; re-verify.
ENG-SU-RD-250,isp_vac,301,s,SECONDARY_CLAIM,SRC-WIKI-RD250,search summary (URL-level),R2: WebSearch result summary only; re-verify.
ENG-SU-RD-263,pc,20.6,"MPa (2,990 psi)",SECONDARY_CLAIM,SRC-WIKI-RD263,search summary (URL-level),R2: WebSearch result summary only; re-verify.
ENG-SU-RD-263,thrust_vac,1128 or 1130,kN,SECONDARY_CLAIM,SRC-WIKI-RD263,search summary (URL-level),two figures in sources R2: WebSearch result summary only; re-verify.
ENG-SU-RD-268,pc,22.6,"MPa (3,280 psi)",SECONDARY_CLAIM,SRC-WIKI-RD263,search summary (URL-level),R2: WebSearch result summary only; re-verify.
ENG-SU-RD-268,thrust_vac,1240,kN,SECONDARY_CLAIM,SRC-WIKI-RD263,search summary (URL-level),R2: WebSearch result summary only; re-verify.
ENG-SU-RD-270,pc,26.1,MPa,SECONDARY_CLAIM,SRC-WIKI-RD270,article infobox/spec table (per search summary),seen in WebSearch result summary of this page (page not fetched: WebFetch DNS failure this session); re-verify against page
ENG-SU-RD-270,thrust_vac,6713,kN,SECONDARY_CLAIM,SRC-WIKI-RD270,article infobox/spec table (per search summary),seen in WebSearch result summary of this page (page not fetched: WebFetch DNS failure this session); re-verify against page
ENG-SU-RD-270,thrust_sl,6270,kN,SECONDARY_CLAIM,SRC-WIKI-RD270,article infobox/spec table (per search summary),seen in WebSearch result summary of this page (page not fetched: WebFetch DNS failure this session); re-verify against page
ENG-SU-RD-270,isp_vac,322,s,SECONDARY_CLAIM,SRC-WIKI-RD270,article infobox/spec table (per search summary),seen in WebSearch result summary of this page (page not fetched: WebFetch DNS failure this session); re-verify against page
ENG-SU-RD-270,isp_sl,301,s,SECONDARY_CLAIM,SRC-WIKI-RD270,article infobox/spec table (per search summary),seen in WebSearch result summary of this page (page not fetched: WebFetch DNS failure this session); re-verify against page
ENG-SU-RD-270,thrust_sl,640,t,SECONDARY_CLAIM,SRC-WIKI-RD270,article infobox/spec table (per search summary),'highest thrust single-chamber engine of USSR'; seen in WebSearch result summary of this page (page not fetched: WebFetch DNS failure this session); re-verify against page
ENG-SU-RD-270,of,2.67,- (variable ~+-7%),SECONDARY_CLAIM,SRC-WIKI-RD270,search summary (URL-level),R2: WebSearch result summary only; re-verify.
ENG-SU-RD-270,pc,3790,psi (=26.1 MPa),SECONDARY_CLAIM,SRC-WIKI-RD270,search summary (URL-level),R2: WebSearch result summary only; re-verify.
ENG-RU-11D58MF,gg_pressure,170,kgf/cm2,REPORTED,SRC-SSAU-2587,search summary (URL-level),oxidizer-rich 'gas generator' (Russian term; preburner in closed cycle) driving TPA R2: WebSearch result summary only; re-verify.
ENG-SU-11D58M,thrust_vac,79.46,kN,SECONDARY_CLAIM,SRC-WIKI-RD58,search summary (URL-level),R2: WebSearch result summary only; re-verify.
ENG-SU-11D58M,isp_vac,353,s,SECONDARY_CLAIM,SRC-WIKI-RD58,search summary (URL-level),R2: WebSearch result summary only; re-verify.
ENG-SU-11D58M,burn_time,600,s (up to),SECONDARY_CLAIM,SRC-WIKI-RD58,search summary (URL-level),R2: WebSearch result summary only; re-verify.
ENG-SU-11D58M,thrust_vac,83.4,kN,SECONDARY_CLAIM,SRC-WIKI-RD58,search summary (URL-level),second Wiki table R2: WebSearch result summary only; re-verify.
ENG-SU-11D58M,pc,7.75-7.9,MPa (tables),SECONDARY_CLAIM,SRC-WIKI-RD58,search summary (URL-level),R2: WebSearch result summary only; re-verify.
ENG-SU-11D58M,thrust_vac,83.4,kN,SECONDARY_CLAIM,SRC-ASTRONAUTIX-RD58,search summary (URL-level),R2: WebSearch result summary only; re-verify.
ENG-SU-11D58M,isp_vac,349,s,SECONDARY_CLAIM,SRC-ASTRONAUTIX-RD58,search summary (URL-level),R2: WebSearch result summary only; re-verify.
ENG-SU-11D58M,pc,78,bar,SECONDARY_CLAIM,SRC-ASTRONAUTIX-RD58,search summary (URL-level),R2: WebSearch result summary only; re-verify.
ENG-SU-11D58M,mass_dry,300,kg,SECONDARY_CLAIM,SRC-ASTRONAUTIX-RD58,search summary (URL-level),R2: WebSearch result summary only; re-verify.
ENG-UA-RD-861,thrust_vac,78.71,kN,SECONDARY_CLAIM,SRC-WIKI-RD861,search summary (URL-level),R2: WebSearch result summary only; re-verify.
ENG-UA-RD-861,isp_vac,317,s,SECONDARY_CLAIM,SRC-WIKI-RD861,search summary (URL-level),R2: WebSearch result summary only; re-verify.
ENG-UA-RD-8,thrust_vac,78.45,kN,SECONDARY_CLAIM,SRC-WIKI-RD8,search summary (URL-level),R2: WebSearch result summary only; re-verify.
ENG-UA-RD-8,isp_vac,342,s,SECONDARY_CLAIM,SRC-WIKI-RD8,search summary (URL-level),R2: WebSearch result summary only; re-verify.
ENG-UA-RD-8,gimbal,33,"deg (+-, per chamber, one plane)",SECONDARY_CLAIM,SRC-WIKI-RD8,search summary (URL-level),R2: WebSearch result summary only; re-verify.
ENG-UA-RD-843,starts,8,in flight (up to),REPORTED,SRC-YUZHNOYE-LPRE-BROCHURE,search summary (URL-level),R2: WebSearch result summary only; re-verify.
ENG-UA-RD-861K,thrust_vac,7916,kgf,REPORTED,SRC-YUZHNOYE-RD861K,search summary (URL-level),R2: WebSearch result summary only; re-verify.
ENG-UA-RD-861K,isp_vac,330,kgf.s/kg,REPORTED,SRC-YUZHNOYE-RD861K,search summary (URL-level),R2: WebSearch result summary only; re-verify.
ENG-UA-RD-861K,of,2.41,-,REPORTED,SRC-YUZHNOYE-RD861K,search summary (URL-level),R2: WebSearch result summary only; re-verify.
ENG-UA-RD-861K,mass,207,kg (definition not stated),REPORTED,SRC-YUZHNOYE-RD861K,search summary (URL-level),R2: WebSearch result summary only; re-verify.
ENG-UA-RD-861K,gimbal,5,deg (+-),REPORTED,SRC-YUZHNOYE-RD861K,search summary (URL-level),R2: WebSearch result summary only; re-verify.
ENG-UA-RD-861K,burn_time,480,s (up to),REPORTED,SRC-YUZHNOYE-RD861K,search summary (URL-level),R2: WebSearch result summary only; re-verify.
ENG-UA-RD-870,burn_time,200,s (about),SECONDARY_CLAIM,SRC-RSW-RD870,search summary (URL-level),R2: WebSearch result summary only; re-verify.
ENG-UA-RD-864,thrust_vac,20.2 / 8.45,kN (high/low),SECONDARY_CLAIM,SRC-WIKI-RD864,search summary (URL-level),R2: WebSearch result summary only; re-verify.
ENG-UA-RD-864,isp_vac,309 / 298,s (high/low),SECONDARY_CLAIM,SRC-WIKI-RD864,search summary (URL-level),R2: WebSearch result summary only; re-verify.
ENG-UA-RD-864,burn_time,600,s (up to),SECONDARY_CLAIM,SRC-WIKI-RD864,search summary (URL-level),R2: WebSearch result summary only; re-verify.
ENG-UA-RD-864,starts,25,max,SECONDARY_CLAIM,SRC-WIKI-RD864,search summary (URL-level),R2: WebSearch result summary only; re-verify.
ENG-UA-RD-864,gimbal,55,deg (+-),SECONDARY_CLAIM,SRC-WIKI-RD864,search summary (URL-level),R2: WebSearch result summary only; re-verify.
ENG-US-E2,thrust_sl,12100,lbf,SECONDARY_CLAIM,SRC-WIKI-RS1,search summary,
ENG-US-E2,thrust_vac,13000,lbf,SECONDARY_CLAIM,SRC-WIKI-RS1,search summary,
ENG-US-E2,liftoff_thrust_vehicle,133000,lbf,SECONDARY_CLAIM,SRC-SFN-RS1-2023,search summary,"'more than 133,000 pounds' for 9 engines"
ENG-US-E2-VACUUM,thrust_vac,58,kN,SECONDARY_CLAIM,SRC-WIKI-RS1,search summary,"13,000 lbf (stage 2)"
ENG-US-AEON-1,thrust_sl,23000,lbf,SECONDARY_CLAIM,SRC-AIRPORTTECH-TERRAN1,search summary,"'up to 23,000 lbf per engine'"
ENG-US-AEON-1,thrust_sl,23000,lbf,SECONDARY_CLAIM,SRC-WIKI-AEONR,search summary,"with 25,400 lbf vac"
ENG-US-AEON-1,thrust_vac,25400,lbf,SECONDARY_CLAIM,SRC-WIKI-AEONR,search summary,
ENG-US-AEON-1,thrust_sl,15500,lbf,SECONDARY_CLAIM,SRC-SPACEBUCKET-AEON,search summary,"older Wikipedia-derived listing (19,500 lbf vac); see CF-R2-12"
ENG-US-AEON-1,liftoff_thrust_vehicle,207000,lbf,SECONDARY_CLAIM,SRC-SFN-TERRAN1-2023,search summary,"9 engines on Terran 1, 2023-03-22"
ENG-US-AEON-R,thrust_sl,258000,lbf,REPORTED,SRC-RELATIVITY-PR-2023-04-12,search summary,"13 engines, 3,354,000 lbf liftoff"
ENG-US-AEON-R,thrust_sl,269000,lbf,REPORTED,SRC-RELATIVITY-PR-2025-03-07,search summary,current (2025) figure; 9 engines with gimbal capability (engine count on stage per summary)
ENG-US-AEON-VAC,thrust_vac,28300,lbf,SECONDARY_CLAIM,SRC-SPACEBUCKET-AEON,search summary,fixed 165:1 nozzle per same listing
ENG-US-AEON-VAC,area_ratio,165,:1,SECONDARY_CLAIM,SRC-SPACEBUCKET-AEON,search summary,
ENG-US-AEON-VAC,thrust_vac,29800,lbf,SECONDARY_CLAIM,SRC-AIRPORTTECH-TERRAN1,search summary,
ENG-US-AEON-VAC-TERRAN-R,thrust_vac,279000,lbf,REPORTED,SRC-RELATIVITY-PR-2023-04-12,search summary,
ENG-US-AEON-VAC-TERRAN-R,thrust_vac,323000,lbf,REPORTED,SRC-RELATIVITY-PR-2025-03-07,search summary,'single vacuum-optimized engine'
ENG-US-AETHER,thrust_vac,740,lbf,SECONDARY_CLAIM,SRC-WIKI-ASTRA-ROCKET,search summary,"3,300 N"
ENG-US-A2200,thrust,500,lbf,SECONDARY_CLAIM,SRC-DEFENSEDAILY-AGILE,search summary,attribution among Agile news items not pinned
ENG-US-DS250,thrust,250,N,SECONDARY_CLAIM,SRC-METALAM-AGILE-NYX,search summary,
ENG-US-AJ10-137,thrust_vac,20000,lbf,SECONDARY_CLAIM,SRC-NTRS-20100027319,search summary,"value attributed by search summary to an NTRS record; commonly also quoted 20,500 lbf; seen only via WebSearch result summary (direct fetch blocked by egress proxy); verify against source"
ENG-US-AJ10-137,pc,100,psi (gauge/abs not stated),SECONDARY_CLAIM,SRC-NTRS-20100027319,search summary,seen only via WebSearch result summary (direct fetch blocked by egress proxy); verify against source
ENG-US-AJ10-137,isp_vac,314.5,s,SECONDARY_CLAIM,SRC-NTRS-20100027319,search summary,seen only via WebSearch result summary (direct fetch blocked by egress proxy); verify against source
ENG-US-AJ10-137,area_ratio,62.5,-,SECONDARY_CLAIM,SRC-NTRS-20100027319,search summary,seen only via WebSearch result summary (direct fetch blocked by egress proxy); verify against source
ENG-US-AJ10-190,thrust_vac,6000,lbf,SECONDARY_CLAIM,SRC-WIKI-OMS,search summary,seen only via WebSearch result summary (direct fetch blocked by egress proxy); verify against source
ENG-US-AJ10-190,thrust_vac,26.7,kN,SECONDARY_CLAIM,SRC-WIKI-OMS,search summary,seen only via WebSearch result summary (direct fetch blocked by egress proxy); verify against source
ENG-US-AJ10-190,isp_vac,316,s,SECONDARY_CLAIM,SRC-WIKI-OMS,search summary,seen only via WebSearch result summary (direct fetch blocked by egress proxy); verify against source
ENG-US-AJ10-190,pc,8.6,bar,SECONDARY_CLAIM,SRC-WIKI-OMS,search summary,~125 psia; seen only via WebSearch result summary (direct fetch blocked by egress proxy); verify against source
ENG-US-AJ10-190,of,1.65,-,SECONDARY_CLAIM,SRC-WIKI-OMS,search summary,seen only via WebSearch result summary (direct fetch blocked by egress proxy); verify against source
ENG-US-AJ10-190,area_ratio,55,-,SECONDARY_CLAIM,SRC-WIKI-OMS,search summary,seen only via WebSearch result summary (direct fetch blocked by egress proxy); verify against source
ENG-US-AJ10-190,mass,118,kg,SECONDARY_CLAIM,SRC-WIKI-OMS,search summary,260 lb dry; seen only via WebSearch result summary (direct fetch blocked by egress proxy); verify against source
ENG-US-AJ10-190,life,"100 missions / 1,000 starts / 15 h",-,SECONDARY_CLAIM,SRC-WIKI-OMS,search summary,seen only via WebSearch result summary (direct fetch blocked by egress proxy); verify against source
ENG-US-OMS-E-ORION-ESM,thrust_vac,25.7,kN,REPORTED,SRC-ESA-ESMPROP,search summary,seen only via WebSearch result summary (direct fetch blocked by egress proxy); verify against source
ENG-US-AR1,thrust_class,500000,lbf,REPORTED,SRC-AR-AR1-CDR-2015,search summary,"'500,000 lbf-class'"
ENG-US-ARROWAY,thrust_sl,200000,lbf,SECONDARY_CLAIM,SRC-SATTODAY-ARROWAY-2022,search summary,
ENG-US-BE-1,thrust_sl,2000,lbf,REPORTED,SRC-BLUE-ENGINES,search summary,9 kN
ENG-US-BE-2,thrust_sl,31000,lbf,REPORTED,SRC-BLUE-ENGINES,search summary,140 kN
ENG-US-BE-3PM,thrust_sl,110000,lbf,REPORTED,SRC-BLUE-ENGINES,search summary,
ENG-US-BE-3PM,throttle_min,20000,lbf,REPORTED,SRC-BLUE-ENGINES,search summary,
ENG-US-BE-3PM,thrust_rated,110000,lbf,REPORTED,SRC-BLUE-ENGINES-PAGE,search-result summary (no page locator),relayed via sibling log
ENG-US-BE-3PM,throttle_min_thrust,20000,lbf,REPORTED,SRC-BLUE-ENGINES-PAGE,search-result summary (no page locator),relayed via sibling log
ENG-US-BE-3U,thrust_vac,200000,lbf,REPORTED,SRC-BLUE-ENGINES,search summary,
ENG-US-BE-3U,throttle_min,100000,lbf,REPORTED,SRC-BLUE-ENGINES,search summary,
ENG-US-BE-3U,thrust_vac_total_2_engines,"320,000 -> 400,000",lbf,REPORTED,SRC-BLUE-NG-UPGRADE,search summary,"original design 320,000 lbf total (=160,000 each, DERIVED) rising to 400,000 total (=200,000 each)"
ENG-US-BE-3U,thrust_vac,173000,lbf,REPORTED,SRC-BLUE-NEWS-BE3U-MISC,search summary,earlier rating; release not pinned
ENG-US-BE-3U,thrust_vac,160000,lbf,REPORTED,SRC-BLUE-NEWS-BE3U-MISC,search summary,release not pinned
ENG-US-BE-3U,thrust_vac,200000,lbf,REPORTED,SRC-BLUE-ENGINES-PAGE,search-result summary (no page locator),relayed via sibling log
ENG-US-BE-3U,throttle_min_thrust,100000,lbf,REPORTED,SRC-BLUE-ENGINES-PAGE,search-result summary (no page locator),relayed via sibling log
ENG-US-BE-3U,thrust_vac,173000,lbf,REPORTED,SRC-BLUE-PRESS-BE3U-UPDATES,search-result summary (no page locator),earlier rating (CF-2); relayed via sibling log
ENG-US-BE-3U,thrust_vac,160000,lbf,REPORTED,SRC-BLUE-PRESS-BE3U-UPDATES,search-result summary (no page locator),"'160,000 lbf each' in another release (CF-2); relayed via sibling log"
ENG-US-BE-4,thrust_sl,"640,000 lbf (2,846 kN)",lbf,REPORTED,SRC-BLUE-ENGINES,search summary,
ENG-US-BE-4,throttle_min,"220,000 lbf (978 kN)",lbf,REPORTED,SRC-BLUE-ENGINES,search summary,
ENG-US-BE-4,thrust_sl,550000,lbf,REPORTED,SRC-BLUE-ULA-PARTNERSHIP,search summary,development-period rating; release not pinned
ENG-US-BE-4,engines_per_vehicle,"7 (New Glenn), 2 (Vulcan)",-,REPORTED,SRC-BLUE-ENGINES,search summary,
ENG-US-BE-4,thrust_sl,640000,lbf,REPORTED,SRC-BLUE-ENGINES-PAGE,search-result summary (no page locator),"also 2,846 kN; SL vs vac not explicit in relay; relayed via sibling log"
ENG-US-BE-4,thrust_sl,2846,kN,REPORTED,SRC-BLUE-ENGINES-PAGE,search-result summary (no page locator),relayed via sibling log
ENG-US-BE-4,throttle_min_thrust,220000,lbf,REPORTED,SRC-BLUE-ENGINES-PAGE,search-result summary (no page locator),"'throttle to 220,000 lbf (978 kN)'; relayed via sibling log"
ENG-US-BE-4,throttle_min_thrust,978,kN,REPORTED,SRC-BLUE-ENGINES-PAGE,search-result summary (no page locator),relayed via sibling log
ENG-US-BE-4,thrust_sl,550000,lbf,REPORTED,SRC-BLUE-PRESS-BE4-EARLY,search-result summary (no page locator),earlier press-release rating; see CF-1; relayed via sibling log
ENG-US-BE-7,thrust_vac,10000,lbf,REPORTED,SRC-BLUE-ENGINES,search summary,
ENG-US-BE-7,throttle_min,2000,lbf,REPORTED,SRC-BLUE-ENGINES,search summary,
ENG-US-XF30L20000,thrust,20000,lbf,SECONDARY_CLAIM,SRC-FAS-CORPORAL,search excerpt,value seen in search-result excerpt only; document not fetched; condition unstated
ENG-US-XF30L20000,burn_time,63,s,SECONDARY_CLAIM,SRC-FAS-CORPORAL,search excerpt,value seen in search-result excerpt only; document not fetched
ENG-US-DELPHIN,thrust_sl,6500,lbf,SECONDARY_CLAIM,SRC-SFN-ASTRA-2021-08,search summary,"'about 6,500 pounds of thrust at sea level'"
ENG-US-DELPHIN,thrust,28,kN,SECONDARY_CLAIM,SRC-SKYROCKET-ASTRA-R3,search summary,
ENG-US-DELPHIN,stage_thrust,32500,lbf,SECONDARY_CLAIM,SRC-WIKI-ASTRA-ROCKET,search summary,"5 Delphin, 145 kN"
ENG-US-DELPHIN,thrust_sl,6300,lbf,SECONDARY_CLAIM,SRC-ASTRA-R31-PRESSKIT,Rocket 3.1 press kit (via search summary),"per engine; Rocket 3.2 table gives 6,500 lbf (CF-6)"
ENG-US-DRACO,thrust_vac,400,N,SECONDARY_CLAIM,SRC-WIKI-DRACO,search summary,90 lbf
ENG-US-DRACO,isp_vac,300,s,SECONDARY_CLAIM,SRC-WIKI-DRACO,search summary,
ENG-US-DRACO,thrust_vac,400,N,SECONDARY_CLAIM,SRC-UC-OLLI-DRAGON,search summary,each Draco 400 N; OLLI handout (Tier E) agrees
ENG-US-SUPERDRACO,thrust_sl,16000,lbf,REPORTED,SRC-SPACEX-SUPERDRACO-QUAL-2014,search summary,"SpaceX 2014 qualification release (as reproduced by NSS); restartable, deep-throttle capable"
ENG-US-SUPERDRACO,thrust_sl,71,kN,SECONDARY_CLAIM,SRC-WIKI-SUPERDRACO,search summary,"Wikipedia gives 71 kN (16,000 lbf) SL; same infobox also lists 32,000 lbf for a dual-engine cluster"
ENG-US-SUPERDRACO,pc,6.9,MPa,SECONDARY_CLAIM,SRC-WIKI-SUPERDRACO,search summary,"1,000 psi; gauge/absolute not stated"
ENG-US-SUPERDRACO,isp_sl,235,s,SECONDARY_CLAIM,SRC-WIKI-SUPERDRACO,search summary,disputed on talk page (~240 s derived from 68.17 kN / ~31 kg/s); see CF-R2-1
ENG-US-F-1,thrust_sl,1500000,lbf,SECONDARY_CLAIM,SRC-WIKIARCHIVES-MSFC-F1,search summary only (doc not opened); page NOT_AUDITED,"OP-1500K; Carried from round 1 (NASA caption). [merge: status REPORTED -> SECONDARY_CLAIM, source tier D]"
ENG-US-F-1,thrust_sl,1.5 million,lb,SECONDARY_CLAIM,SRC-NASM-F1,search summary only (doc not opened); page NOT_AUDITED,OP-1500K;
ENG-US-F-1,thrust_sl,1522000,lbf,SECONDARY_CLAIM,SRC-WIKIARCHIVES-MSFC-F1,search summary only (doc not opened); page NOT_AUDITED,"OP-1522K; Carried from round 1. [merge: status REPORTED -> SECONDARY_CLAIM, source tier D]"
ENG-US-F-1,thrust_sl,1522000,lb,SECONDARY_CLAIM,SRC-ENGINEHISTORY-RPE0812,search summary only (doc not opened); page NOT_AUDITED,OP-1522K; 'calibrated to develop a sea-level-rated thrust'.
ENG-US-F-1,thrust_vac,1746000,lbf,SECONDARY_CLAIM,SRC-WIKI-F1,search summary only (doc not opened); page NOT_AUDITED,"OP-1522K; 7,770 kN; rating association inferred."
ENG-US-F-1,pc,"70 bar (1,015 psi)",bar,SECONDARY_CLAIM,SRC-WIKI-F1,search summary only (doc not opened); page NOT_AUDITED,
ENG-US-F-1,pc,982,psi,SECONDARY_CLAIM,SRC-PURDUE-F1,search summary only (doc not opened); page NOT_AUDITED,
ENG-US-F-1,of,2.27,O/F,SECONDARY_CLAIM,SRC-WIKI-F1,search summary only (doc not opened); page NOT_AUDITED,"'69% LOX, 31% RP-1'."
ENG-US-F-1,of,2.2674,O/F,SECONDARY_CLAIM,SRC-WIKIDERIV-F1,search summary only (doc not opened); page NOT_AUDITED,
ENG-US-F-1,isp_sl,265,s,SECONDARY_CLAIM,SRC-PURDUE-F1,search summary only (doc not opened); page NOT_AUDITED,Round 1.
ENG-US-F-1,isp,264.72,s,SECONDARY_CLAIM,SRC-WIKIDERIV-F1,search summary only (doc not opened); page NOT_AUDITED,Condition not stated.
ENG-US-F-1,area_ratio,16,:1,SECONDARY_CLAIM,SRC-ENGINEHISTORY-RPE0812,search summary only (doc not opened); page NOT_AUDITED,"Also Purdue, Wikipedia."
ENG-US-F-1,mass,18500,lb,SECONDARY_CLAIM,SRC-ENGINEHISTORY-RPE0812,search summary only (doc not opened); page NOT_AUDITED,'approximately'; source attribution partly inferred.
ENG-US-F-1,mass,18616,lb,SECONDARY_CLAIM,SRC-PURDUE-F1,search summary only (doc not opened); page NOT_AUDITED,
ENG-US-F-1,thrust_sl,1522000,lbf,SECONDARY_CLAIM,SRC-WIKI-F1,search excerpt,"value seen in search-result excerpt only; document not fetched; 6,770 kN spec table; narrative uses 1,500,000"
ENG-US-F-1A,thrust,1800000,lbf,SECONDARY_CLAIM,SRC-WIKI-F1,search excerpt,value seen in search-result excerpt only; document not fetched; ~8 MN in tests
ENG-US-F-1A,thrust_sl,9.1,MN,SECONDARY_CLAIM,SRC-WIKI2007-F1,search excerpt,value seen in search-result excerpt only; document not fetched; 2007 mirror; claims F-1A lighter than F-1
ENG-US-FRONTIER-DSE,thrust,150,lbf,SECONDARY_CLAIM,SRC-SPACENEWS-79146,search summary,five 150 lbf engines on Peregrine
ENG-US-FRONTIER-DSE,thrust,667,N,SECONDARY_CLAIM,SRC-AIRPORTTECH-PEREGRINE,search summary,matches 150 lbf
ENG-US-GEMINI-OAMS-100-LBF-THRUSTER,thrust_vac,100,lbf,SECONDARY_CLAIM,SRC-NASM-OAMS,search summary,seen only via WebSearch result summary (direct fetch blocked by egress proxy); verify against source
ENG-US-SE-6,thrust_vac,25,lbf,SECONDARY_CLAIM,SRC-NASM-GEMRCS,search summary,seen only via WebSearch result summary (direct fetch blocked by egress proxy); verify against source
ENG-US-GODDARD-1926-LIQUID-ROCKET-MOTOR,burn_time,2.5,s,SECONDARY_CLAIM,SRC-APS-GODDARD,search excerpt,"value seen in search-result excerpt only; document not fetched; flight duration ~2.5 s, 41 ft altitude, 184 ft range; attribution among Goddard results inferred"
ENG-US-GODDARD-P-SERIES-PUMP-FED-ENGINE,other,P14 static test lifted 760 lb for 40 s,lb,SECONDARY_CLAIM,SRC-CLARK-GODDARD,search excerpt,"value seen in search-result excerpt only; document not fetched; lift observation, not a thrust rating"
ENG-US-GR-1,thrust_class,1,N,REPORTED,SRC-NTRS-20170001286,search summary,'1-N class'
ENG-US-GR-22,thrust_class,22,N,REPORTED,SRC-NTRS-20140016838,search summary,'22N thruster'; NTRS-2017 calls it 20-N class
ENG-US-H-1,thrust_sl,188000,lb,REPORTED,SRC-NTRS-19650013470,search summary only (doc not opened); page NOT_AUDITED,OP-188K; 'nominal sea-level thrust rating'.
ENG-US-H-1,thrust_sl,188000,lb,SECONDARY_CLAIM,SRC-NASM-H1,search summary only (doc not opened); page NOT_AUDITED,OP-188K; Displayed engine 'may be the second variation'.
ENG-US-H-1,thrust_sl,200000,lbf,SECONDARY_CLAIM,SRC-WIKI-H1,search summary only (doc not opened); page NOT_AUDITED,OP-200K; Infobox; summary says adopted on Saturn IB.
ENG-US-H-1,thrust_sl,205000,lbf,SECONDARY_CLAIM,SRC-WIKI-H1,search summary only (doc not opened); page NOT_AUDITED,OP-205K; Text value.
ENG-US-H-1,thrust_sl,205000,lb,SECONDARY_CLAIM,SRC-PURDUE-H1,search summary only (doc not opened); page NOT_AUDITED,OP-205K; Round 1.
ENG-US-H-1,pc,700,psia,SECONDARY_CLAIM,SRC-PURDUE-H1,search summary only (doc not opened); page NOT_AUDITED,Rating not stated.
ENG-US-H-1,pc,700,psi,SECONDARY_CLAIM,SRC-WIKI-H1,search summary only (doc not opened); page NOT_AUDITED,
ENG-US-H-1,of,2.23,O/F,SECONDARY_CLAIM,SRC-PURDUE-H1,search summary only (doc not opened); page NOT_AUDITED,
ENG-US-H-1,isp_vac,289,s,SECONDARY_CLAIM,SRC-WIKI-H1,search summary only (doc not opened); page NOT_AUDITED,
ENG-US-H-1,isp_sl,255,s,SECONDARY_CLAIM,SRC-WIKI-H1,search summary only (doc not opened); page NOT_AUDITED,
ENG-US-H-1,isp_sl,263,s,SECONDARY_CLAIM,SRC-PURDUE-H1,search summary only (doc not opened); page NOT_AUDITED,
ENG-US-H-1,burn_time,155,s,SECONDARY_CLAIM,SRC-WIKI-H1,search summary only (doc not opened); page NOT_AUDITED,
ENG-US-H-1,area_ratio,8,:1,SECONDARY_CLAIM,SRC-PURDUE-H1,search summary only (doc not opened); page NOT_AUDITED,
ENG-US-H-1,mass,2200,lb,SECONDARY_CLAIM,SRC-WIKI-H1,search summary only (doc not opened); page NOT_AUDITED,
ENG-US-H-1,mass,2009,lb,SECONDARY_CLAIM,SRC-PURDUE-H1,search summary only (doc not opened); page NOT_AUDITED,
ENG-US-H-1-165K,thrust,165000,lbf,SECONDARY_CLAIM,SRC-GLOBALSEC-SATURNIB,search excerpt,"value seen in search-result excerpt only; document not fetched; '165,000 pounds on Saturn I'; attribution among H-1 results inferred"
ENG-US-H-1-188K,thrust_sl,188000,lb,REPORTED,SRC-NTRS-19650013470,search summary only (doc not opened); page NOT_AUDITED,OP-188K; 'nominal sea-level thrust rating'.
ENG-US-H-1-188K,thrust_sl,188000,lb,SECONDARY_CLAIM,SRC-NASM-H1,search summary only (doc not opened); page NOT_AUDITED,OP-188K; Displayed engine 'may be the second variation'.
ENG-US-H-1-188K,thrust,188000,lbf,SECONDARY_CLAIM,SRC-NASA-ALSJ-CSM02,search excerpt,"value seen in search-result excerpt only; document not fetched; printed '188,00' (typo); attribution to this URL likely, not certain"
ENG-US-H-1-200K,thrust_sl,200000,lbf,SECONDARY_CLAIM,SRC-WIKI-H1,search summary only (doc not opened); page NOT_AUDITED,OP-200K; Infobox; summary says adopted on Saturn IB.
ENG-US-H-1-200K,thrust,200000,lbf,SECONDARY_CLAIM,SRC-GLOBALSEC-SATURNIB,search excerpt,"value seen in search-result excerpt only; document not fetched; 890,000 N"
ENG-US-H-1-205K,thrust_sl,205000,lbf,SECONDARY_CLAIM,SRC-WIKI-H1,search summary only (doc not opened); page NOT_AUDITED,OP-205K; Text value.
ENG-US-H-1-205K,thrust_sl,205000,lb,SECONDARY_CLAIM,SRC-PURDUE-H1,search summary only (doc not opened); page NOT_AUDITED,OP-205K; Round 1.
ENG-US-H-1-205K,thrust,205000,lbf,SECONDARY_CLAIM,SRC-GLOBALSEC-SATURNIB,search excerpt,"value seen in search-result excerpt only; document not fetched; 912,000 N"
ENG-US-H-1-205K,thrust,205000,lbf,SECONDARY_CLAIM,SRC-PURDUE-H1,search excerpt,value seen in search-result excerpt only; document not fetched
ENG-US-DRAPER,thrust,4000,lbf,SECONDARY_CLAIM,SRC-TECTONIC-DRAPER,search summary,
ENG-US-HADLEY,thrust,5000,lbf,SECONDARY_CLAIM,SRC-PAYLOAD-URSA-TACFI,search summary,
ENG-US-HADLEY-VACUUM,thrust_vac,6500,lbf,SECONDARY_CLAIM,SRC-SPACENEWS-152328,search summary,
ENG-US-IPD,thrust_class,250000,lbf,SECONDARY_CLAIM,SRC-NTRS-IPD-WPB,abstract (via search summary),'250K lbf thrust ... demonstrator'; SL/vac not stated in summary
ENG-US-IPD,test_count,"21 of 26 tests, 300 s, 100% power",-,SECONDARY_CLAIM,SRC-SFN-IPD-2006,article text (via search summary),
ENG-US-IPD,thrust_class,250,klbf,SECONDARY_CLAIM,SRC-SFN-IPD-2006,search-result summary (no page locator),'250 klbf' class; SL/vac not stated; relayed via sibling log
ENG-US-J-2,of,5.5,O/F,REPORTED,SRC-NTRS-20100027318,search summary only (doc not opened); page NOT_AUDITED,OP-MR5.5; '5.5:1 at that chamber pressure'; engine MR.
ENG-US-J-2,of,4.5,O/F,REPORTED,SRC-NTRS-20100027318,search summary only (doc not opened); page NOT_AUDITED,OP-MR4.5; 'capability of operating at a mixture ratio 4.5:1'. Thrust at 4.5 not found.
ENG-US-J-2,thrust_vac,230000,lb,REPORTED,SRC-NTRS-20100027318,search summary only (doc not opened); page NOT_AUDITED,"OP-MR5.5; 'up to 230,000 pounds of thrust'; rating/flight not specified."
ENG-US-J-2,thrust_vac,230000,lbf,REPORTED,SRC-NTRS-20120016414,search summary only (doc not opened); page NOT_AUDITED,OP-MR5.5; J-2X requirements table heritage column.
ENG-US-J-2,thrust_vac,225000,lb,SECONDARY_CLAIM,SRC-DTIC-AEDC-J2-SET,search summary only (doc not opened); page NOT_AUDITED,"OP-MR5.5; 'a rating of 225,000 lb at a mixture ratio of 5.5' (which AEDC report not named)."
ENG-US-J-2,thrust_vac,"up to 225,000 lb at high altitude",lb,SECONDARY_CLAIM,SRC-NASA-ALSJ-CSM02,search summary only (doc not opened); page NOT_AUDITED,'A NASA overview'; attribution to ALSJ CSM02 inferred.
ENG-US-J-2,thrust_vac,232250,lbf,SECONDARY_CLAIM,SRC-WIKI-J2,search summary only (doc not opened); page NOT_AUDITED,"SA-208/SA-504 configuration; 1,033.1 kN."
ENG-US-J-2,thrust,"200,000-230,000",lb,SECONDARY_CLAIM,SRC-NASM-J2,search summary only (doc not opened); page NOT_AUDITED,Range over ratings.
ENG-US-J-2,isp_vac,425,s,REPORTED,SRC-NTRS-20120016414,search summary only (doc not opened); page NOT_AUDITED,
ENG-US-J-2,isp_vac,425,s,SECONDARY_CLAIM,SRC-PURDUE-J2,search summary only (doc not opened); page NOT_AUDITED,
ENG-US-J-2,isp_vac,421,s,SECONDARY_CLAIM,SRC-WIKI-J2,search summary only (doc not opened); page NOT_AUDITED,SA-208/SA-504.
ENG-US-J-2,pc,a little over 700,psia,REPORTED,SRC-NTRS-20100027318,search summary only (doc not opened); page NOT_AUDITED,OP-MR5.5;
ENG-US-J-2,pc,763,psi,SECONDARY_CLAIM,SRC-WIKI-J2,search summary only (doc not opened); page NOT_AUDITED,"5,260 kPa; abs/gauge not stated."
ENG-US-J-2,area_ratio,27.5,:1,REPORTED,SRC-NTRS-20100027318,search summary only (doc not opened); page NOT_AUDITED,
ENG-US-J-2,area_ratio,27.5,:1,SECONDARY_CLAIM,SRC-WIKI-J2,search summary only (doc not opened); page NOT_AUDITED,
ENG-US-J-2,area_ratio,28,:1,SECONDARY_CLAIM,SRC-PURDUE-J2,search summary only (doc not opened); page NOT_AUDITED,rounded
ENG-US-J-2,mass,3942,lb,SECONDARY_CLAIM,SRC-WIKI-J2,search summary only (doc not opened); page NOT_AUDITED,"1,788.1 kg; SA-208/SA-504."
ENG-US-J-2,mass,3480,lb,SECONDARY_CLAIM,SRC-PURDUE-J2,search summary only (doc not opened); page NOT_AUDITED,
ENG-US-J-2,thrust_vac,230000,lbf,REPORTED,SRC-NTRS-20100027318,search excerpt,"value seen in search-result excerpt only; document not fetched; 'up to 230,000 pounds of thrust'; open-cycle gas generator"
ENG-US-J-2,thrust_vac,232250,lbf,SECONDARY_CLAIM,SRC-NEWSPACE-J2,search excerpt,"value seen in search-result excerpt only; document not fetched; 1,033.1 kN; Isp 421 s"
ENG-US-J-2,thrust,230000,lbf,SECONDARY_CLAIM,SRC-NASM-J2,search excerpt,value seen in search-result excerpt only; document not fetched; NASM museum engine
ENG-US-J-2S,thrust_vac,265000,lbf,REPORTED,SRC-NTRS-20120016414,search summary only (doc not opened); page NOT_AUDITED,"OP-MAIN; Round 1, comparison table; ID attribution inferred."
ENG-US-J-2S,thrust_vac,265000,lbf,SECONDARY_CLAIM,SRC-WIKI2007-J2,search summary only (doc not opened); page NOT_AUDITED,OP-MAIN;
ENG-US-J-2S,isp_vac,436,s,REPORTED,SRC-NTRS-20120016414,search summary only (doc not opened); page NOT_AUDITED,OP-MAIN;
ENG-US-J-2S,isp_vac,436,s,SECONDARY_CLAIM,SRC-WIKI2007-J2,search summary only (doc not opened); page NOT_AUDITED,OP-MAIN;
ENG-US-J-2S,of,5.5,O/F,SECONDARY_CLAIM,SRC-WIKI2007-J2,search summary only (doc not opened); page NOT_AUDITED,OP-MAIN;
ENG-US-J-2S,mass,3235,lb,SECONDARY_CLAIM,SRC-WIKI2007-J2,search summary only (doc not opened); page NOT_AUDITED,"Round 1; 3,800 lb with accessories."
ENG-US-J-2S,thrust,4000,lbf,REPORTED,SRC-DTIC-AEDC-J2S-SET,search summary only (doc not opened); page NOT_AUDITED,"OP-IDLE-LOW; Round 1 (AD0867628), approximate."
ENG-US-J-2S,thrust,50000,lbf,REPORTED,SRC-DTIC-AEDC-J2S-SET,search summary only (doc not opened); page NOT_AUDITED,"OP-IDLE-HIGH; Round 1, approximate."
ENG-US-J-2S,of,5.5,,SECONDARY_CLAIM,SRC-WIKI2007-J2,search excerpt,value seen in search-result excerpt only; document not fetched
ENG-US-J-2S,throttle,"idle modes ~4,000 lbf (low) and ~50,000 lbf (high)",lbf,REPORTED,SRC-DTIC-AD0867628,search excerpt,value seen in search-result excerpt only; document not fetched
ENG-US-J-2X,thrust_vac,294000,lbf,REPORTED,SRC-NTRS-20080036837,search excerpt,value seen in search-result excerpt only; document not fetched; design; 'minimum vacuum specific impulse of 448 seconds'; may be in 20090009149 instead
ENG-US-J-2X,isp_vac,448,s,REPORTED,SRC-NTRS-20080036837,search excerpt,value seen in search-result excerpt only; document not fetched; minimum; see above
ENG-US-J-2X,of,5.5,,REPORTED,SRC-NTRS-20080036837,search excerpt,value seen in search-result excerpt only; document not fetched; primary mode; secondary mode MR 4.5 ~82% thrust
ENG-US-J-2X,pc,1338,psia,SECONDARY_CLAIM,SRC-TFAWS-08-1013,search excerpt,value seen in search-result excerpt only; document not fetched; test-facility paper
ENG-US-J-2X,thrust_vac,294000,lbf,REPORTED,SRC-NTRS-20120016414,search excerpt,value seen in search-result excerpt only; document not fetched; comparison table
ENG-US-KESTREL,thrust_vac,31,kN,SECONDARY_CLAIM,SRC-WIKI-KESTREL,search summary,"'about 31 kN' in summary table; vac vs SL not stated in summary, Kestrel is an upper-stage engine"
ENG-US-KESTREL,burn_time,378,s,SECONDARY_CLAIM,SRC-WIKI-KESTREL,search summary,
ENG-US-E-2,thrust,22000,lbf,SECONDARY_CLAIM,SRC-SPACENEWS-128063,search summary,"full thrust at NASA Stennis; 22,046 lbf (10 tf) per another report"
ENG-US-E-2,of,2.62,-,SECONDARY_CLAIM,SRC-CONTROL-E2-TEST,search summary,
ENG-US-E-2,pc,100,bar,SECONDARY_CLAIM,SRC-CONTROL-E2-TEST,search summary,
ENG-US-E-2,isp_sl,288,s,SECONDARY_CLAIM,SRC-CONTROL-E2-TEST,search summary,'Launcher says'
ENG-US-E-2,isp_vac,326,s,SECONDARY_CLAIM,SRC-CONTROL-E2-TEST,search summary,'Launcher says'
ENG-US-LIGHTNING,thrust_vac,"70.1 kN (15,759 lbf)",kN,REPORTED,SRC-FIREFLY-ALPHA-PAGE,search summary,
ENG-US-LIGHTNING,isp_vac,322,s,REPORTED,SRC-FIREFLY-ALPHA-PAGE,search summary,
ENG-US-LIGHTNING,thrust_vac_max,73.0 kN (16.4 klbf),kN,REPORTED,SRC-FIREFLY-PUG-5.2,search summary,
ENG-US-RS-2200,thrust_vac,495000,lbf,SECONDARY_CLAIM,SRC-WIKI-RS2200,search excerpt,"value seen in search-result excerpt only; document not fetched; 2,201 kN"
ENG-US-RS-2200,pc,155,bar,SECONDARY_CLAIM,SRC-WIKI-RS2200,search excerpt,value seen in search-result excerpt only; document not fetched
ENG-US-XRS-2200,thrust_vac,266000,lbf,SECONDARY_CLAIM,SRC-WIKI-XRS2200,search excerpt,"value seen in search-result excerpt only; document not fetched; 1,184 kN"
ENG-US-XRS-2200,thrust_sl,204000,lbf,SECONDARY_CLAIM,SRC-WIKI-XRS2200,search excerpt,value seen in search-result excerpt only; document not fetched; 909 kN
ENG-US-XRS-2200,pc,58,bar,SECONDARY_CLAIM,SRC-WIKI-XRS2200,search excerpt,value seen in search-result excerpt only; document not fetched
ENG-US-XRS-2200,area_ratio,58,,SECONDARY_CLAIM,SRC-WIKI-XRS2200,search excerpt,value seen in search-result excerpt only; document not fetched
ENG-US-XRS-2200,thrust_vac,261200,lbf,SECONDARY_CLAIM,SRC-PURDUE-XRS2200,search excerpt,value seen in search-result excerpt only; document not fetched
ENG-US-XRS-2200,thrust_sl,206200,lbf,SECONDARY_CLAIM,SRC-PURDUE-XRS2200,search excerpt,value seen in search-result excerpt only; document not fetched
ENG-US-XRS-2200,of,5.5,,SECONDARY_CLAIM,SRC-PURDUE-XRS2200,search excerpt,value seen in search-result excerpt only; document not fetched
ENG-US-XRS-2200,pc,854,psia,SECONDARY_CLAIM,SRC-PURDUE-XRS2200,search excerpt,value seen in search-result excerpt only; document not fetched
ENG-US-XRS-2200,thrust_sl,"200,000+",lbf,REPORTED,SRC-NTRS-19980174934,search excerpt,value seen in search-result excerpt only; document not fetched
ENG-US-LMDE,throttle,"~1,050 to 10,125",lbf,SECONDARY_CLAIM,SRC-ENCPUB-LMDE,search summary,65%-92.5% thrust band avoided (nozzle erosion); seen only via WebSearch result summary (direct fetch blocked by egress proxy); verify against source
ENG-US-LMDE,throttle_ratio,~10:1,-,SECONDARY_CLAIM,SRC-ENCPUB-LMDE,search summary,seen only via WebSearch result summary (direct fetch blocked by egress proxy); verify against source
ENG-US-LMDE,throttle_capability,deep throttling capability (highlighted as distinctive feature),,REPORTED,SRC-NASA-TND7143,NTRS abstract via search summary,"No ratio given in the snippet; the orchestrator's 10:1 is unverified; from search summary, document not opened"
ENG-US-LR101,thrust_sl,1017,lbf,SECONDARY_CLAIM,SRC-WIKI-LR101,search excerpt,value seen in search-result excerpt only; document not fetched; tank-fed configuration
ENG-US-LR101,thrust_sl,1060,lbf,SECONDARY_CLAIM,SRC-WIKI-LR101,search excerpt,value seen in search-result excerpt only; document not fetched; pressure-fed configuration
ENG-US-LR101,thrust,830,lbf,REPORTED,SRC-DTIC-AD0423340,search excerpt,"value seen in search-result excerpt only; document not fetched; earlier tank-fed version, later down-rated to 525 lb"
ENG-US-LR105-NA-5,thrust,58876,lbf,SECONDARY_CLAIM,SRC-ENGINEHISTORY-RPE05,search excerpt,value seen in search-result excerpt only; document not fetched; sustainer value in Atlas D and E/F columns; probably sea-level (not stated)
ENG-US-LR105-NA-7,thrust_vac,86866,lbf,SECONDARY_CLAIM,SRC-ASTRONAUTIX-LR105-7,search excerpt,value seen in search-result excerpt only; document not fetched; 386 kN
ENG-US-LR105-NA-7,isp_vac,316,s,SECONDARY_CLAIM,SRC-ASTRONAUTIX-LR105-7,search excerpt,value seen in search-result excerpt only; document not fetched
ENG-US-LR105-NA-7,isp_sl,220,s,SECONDARY_CLAIM,SRC-ASTRONAUTIX-LR105-7,search excerpt,value seen in search-result excerpt only; document not fetched
ENG-US-LR105-NA-7,burn_time,266,s,SECONDARY_CLAIM,SRC-ASTRONAUTIX-LR105-7,search excerpt,value seen in search-result excerpt only; document not fetched
ENG-US-LR79-NA-9,thrust,150000,lbf,SECONDARY_CLAIM,SRC-THISDAY-LR79NA9,search excerpt,value seen in search-result excerpt only; document not fetched; 667.23 kN
ENG-US-LR79-NA-9,thrust,"150,000-170,000",lbf,SECONDARY_CLAIM,SRC-FLICKR-MB3,search excerpt,value seen in search-result excerpt only; document not fetched
ENG-US-S-3D,thrust_sl,134908,lbf,SECONDARY_CLAIM,SRC-WIKI-S3D,search excerpt,value seen in search-result excerpt only; document not fetched; 600.1 kN
ENG-US-S-3D,thrust,150000,lbf,SECONDARY_CLAIM,SRC-WIKI-PGM19,search excerpt,value seen in search-result excerpt only; document not fetched; Army final model
ENG-US-LR87-AJ-11,pc,59.1,bar,SECONDARY_CLAIM,SRC-ASTRONAUTIX-LR87,search excerpt,value seen in search-result excerpt only; document not fetched; fuel regenerative cooling + ablative skirt
ENG-US-LR87-AJ-3,pc,40.0,bar,SECONDARY_CLAIM,SRC-ASTRONAUTIX-LR87,search excerpt,value seen in search-result excerpt only; document not fetched
ENG-US-LR87-AJ-5,of,1.93,O/F,SECONDARY_CLAIM,SRC-WIKI-LR87,search summary only (doc not opened); page NOT_AUDITED,
ENG-US-LR87-AJ-5,thrust_sl,430000,lb,SECONDARY_CLAIM,SRC-TMS-TITAN2,search summary only (doc not opened); page NOT_AUDITED,OP-1; Stage I total (both chambers).
ENG-US-LR87-AJ-5,pc,5.4,MPa,SECONDARY_CLAIM,SRC-WIKI-LR87,search summary only (doc not opened); page NOT_AUDITED,OP-1;
ENG-US-LR87-AJ-5,pc,54.0 bar (53.3 atm),bar,SECONDARY_CLAIM,SRC-ASTRONAUTIX-LR87,search summary only (doc not opened); page NOT_AUDITED,OP-1; Round 1.
ENG-US-LR87-AJ-5,isp_vac,297,s,SECONDARY_CLAIM,SRC-WIKI-LR87,search summary only (doc not opened); page NOT_AUDITED,
ENG-US-LR87-AJ-5,isp_sl,259,s,SECONDARY_CLAIM,SRC-WIKI-LR87,search summary only (doc not opened); page NOT_AUDITED,
ENG-US-LR87-AJ-5,area_ratio,8,:1,SECONDARY_CLAIM,SRC-WIKI-LR87,search summary only (doc not opened); page NOT_AUDITED,
ENG-US-LR87-AJ-5,pc,54.0,bar,SECONDARY_CLAIM,SRC-ASTRONAUTIX-LR87,search excerpt,value seen in search-result excerpt only; document not fetched; also given as 53.3 atm
ENG-US-LR87-AJ-7,pc,47.0,bar,SECONDARY_CLAIM,SRC-ASTRONAUTIX-LR87,search excerpt,value seen in search-result excerpt only; document not fetched; lower than LR87-5 value - suspicious (CF-19)
ENG-US-LR89-NA-5,thrust_sl,163211,lbf,SECONDARY_CLAIM,SRC-ENGINEHISTORY-RPE05,search excerpt,value seen in search-result excerpt only; document not fetched; listed as MA-5 booster LR89-5 per excerpt
ENG-US-LR89-NA-7,thrust_vac,213118,lbf,SECONDARY_CLAIM,SRC-ASTRONAUTIX-LR89-7,search excerpt,value seen in search-result excerpt only; document not fetched; 948 kN
ENG-US-LR89-NA-7,isp_vac,294,s,SECONDARY_CLAIM,SRC-ASTRONAUTIX-LR89-7,search excerpt,value seen in search-result excerpt only; document not fetched
ENG-US-LR89-NA-7,isp_sl,259,s,SECONDARY_CLAIM,SRC-ASTRONAUTIX-LR89-7,search excerpt,value seen in search-result excerpt only; document not fetched
ENG-US-LR89-NA-7,burn_time,174,s,SECONDARY_CLAIM,SRC-ASTRONAUTIX-LR89-7,search excerpt,value seen in search-result excerpt only; document not fetched
ENG-US-LR89-NA-7,thrust,1896,kN,SECONDARY_CLAIM,SRC-WIKI-MA5,search excerpt,"value seen in search-result excerpt only; document not fetched; two-engine booster pair total, 426,240 lbf, 294 s"
ENG-US-LR89-NA-7,thrust,1901.6,kN,SECONDARY_CLAIM,SRC-WIKI-ATLASG,search excerpt,value seen in search-result excerpt only; document not fetched; booster pair total
ENG-US-LR91-AJ-11,thrust_vac,105000,lbf,SECONDARY_CLAIM,SRC-WIKI-LR91,search excerpt,value seen in search-result excerpt only; document not fetched; 467 kN
ENG-US-LR91-AJ-11,isp_vac,316,s,SECONDARY_CLAIM,SRC-WIKI-LR91,search excerpt,value seen in search-result excerpt only; document not fetched
ENG-US-LR91-AJ-11,area_ratio,49.2,,SECONDARY_CLAIM,SRC-WIKI-LR91,search excerpt,value seen in search-result excerpt only; document not fetched
ENG-US-LR91-AJ-11,pc,860,psi,SECONDARY_CLAIM,SRC-WIKI-LR91,search excerpt,value seen in search-result excerpt only; document not fetched
ENG-US-LR91-AJ-11,burn_time,247,s,SECONDARY_CLAIM,SRC-WIKI-LR91,search excerpt,value seen in search-result excerpt only; document not fetched
ENG-US-LR91-AJ-11,of,1.86,,SECONDARY_CLAIM,SRC-WIKI-LR91,search excerpt,value seen in search-result excerpt only; document not fetched
ENG-US-LR91-AJ-11,of,1.78,,SECONDARY_CLAIM,SRC-PURDUE-LR91AJ11,search excerpt,value seen in search-result excerpt only; document not fetched
ENG-US-LR91-AJ-3,thrust,80000,lbf,SECONDARY_CLAIM,SRC-HMDB-LR91AJ3,search excerpt,value seen in search-result excerpt only; document not fetched; condition unstated; 156 s burn
ENG-US-M-1,thrust,1500000,lbf,REPORTED,SRC-NASA-GRC-1966-C-03899,search excerpt,value seen in search-result excerpt only; document not fetched; '1.5-million pound thrust'
ENG-US-M-1,thrust,1500000,lbf,SECONDARY_CLAIM,SRC-WIKI-M1,search excerpt,value seen in search-result excerpt only; document not fetched
ENG-US-M-1,isp_vac,428,s,SECONDARY_CLAIM,SRC-WIKI-M1,search excerpt,value seen in search-result excerpt only; document not fetched
ENG-US-BROADSWORD,thrust_sl,25000,lbf,REPORTED,SRC-MASTEN-ENGINES,search summary,full-throttle sea-level rating
ENG-US-BROADSWORD,thrust_vac,25000,lbf,SECONDARY_CLAIM,SRC-SATNOW-BROADSWORD,search summary,labelled vacuum - conflict CF-R2-16
ENG-US-BROADSWORD,burn_time,10,s,REPORTED,SRC-AFRL-BROADSWORD-2019,search summary,"steady state, test series ended 2019-12-10 at AFRL Edwards"
ENG-US-CYCLOPS,thrust,1150,lbf,SECONDARY_CLAIM,SRC-WIKI-MASTEN,search summary,5.1 kN
ENG-US-MACHETE,thrust,225,lbf,SECONDARY_CLAIM,SRC-MECO-MXP351-2017,search summary,
ENG-US-MACHETE,thrust,1000,lbf,SECONDARY_CLAIM,SRC-MECO-MXP351-2017,search summary,larger version in manufacture Mar 2017 for XL-1T
ENG-US-SCIMITAR,thrust,1200,lbf,REPORTED,SRC-MASTEN-ENGINES,search summary,main engine of Xodiac
ENG-US-MERLIN-1A,thrust_sl,340,kN,SECONDARY_CLAIM,SRC-WIKI-MERLIN,search summary,"lbf conversion given as 76,000 or 77,000 lbf in different copies"
ENG-US-MERLIN-1A,cooling,ablative CFRP nozzle/chamber,-,SECONDARY_CLAIM,SRC-WIKI-MERLIN,search summary,
ENG-US-MERLIN-1B,thrust_sl,"380 kN (85,000 lbf)",kN/lbf,SECONDARY_CLAIM,SRC-WIKI-MERLIN,search summary,
ENG-US-MERLIN-1B,thrust_vac,"420 kN (95,000 lbf)",kN/lbf,SECONDARY_CLAIM,SRC-WIKI-MERLIN,search summary,
ENG-US-MERLIN-1C,thrust_sl,78000,lbf,REPORTED,SRC-SPACEX-PR-M1C-2007,press release text ('Falcon 1 configuration'),
ENG-US-MERLIN-1C,thrust_vac,90000,lbf,REPORTED,SRC-SPACEX-PR-M1C-2007,press release text,
ENG-US-MERLIN-1C,isp_vac,301,s,REPORTED,SRC-SPACEX-PR-M1C-2007,press release text,
ENG-US-MERLIN-1C,thrust_sl,350,kN,SECONDARY_CLAIM,SRC-WIKI-MERLIN,search summary,conflicts; see CF
ENG-US-MERLIN-1C,thrust_vac,400,kN,SECONDARY_CLAIM,SRC-WIKI-MERLIN,search summary,
ENG-US-MERLIN-1C,isp_vac,304,s,SECONDARY_CLAIM,SRC-WIKI-MERLIN,search summary,"matches PR Falcon 9 configuration value, not Falcon 1"
ENG-US-MERLIN-1C-FALCON-9-CONFIGURATION,thrust_sl,95000,lbf,REPORTED,SRC-SPACEX-PR-M1C-2007,press release ('Falcon 9 first-stage configuration'),
ENG-US-MERLIN-1C-FALCON-9-CONFIGURATION,thrust_vac,>108000,lbf,REPORTED,SRC-SPACEX-PR-M1C-2007,search summary,
ENG-US-MERLIN-1C-FALCON-9-CONFIGURATION,isp_vac,304,s,REPORTED,SRC-SPACEX-PR-M1C-2007,search summary,
ENG-US-MERLIN-1C-FALCON-9-CONFIGURATION,thrust_sl,43,tonne-force,SECONDARY_CLAIM,SRC-SLR-F9-SMA,search summary,'first Merlin 1C' 43 t SL / 49 t vac
ENG-US-MERLIN-1C-FALCON-9-CONFIGURATION,thrust_vac,49,tonne-force,SECONDARY_CLAIM,SRC-SLR-F9-SMA,search summary,
ENG-US-MERLIN-1C-FALCON-9-CONFIGURATION,thrust_sl,56.69,tonne-force,SECONDARY_CLAIM,SRC-SLR-F9-SMA,search summary,'upgraded Merlin 1C' projection; 63.45 t vac; unclear whether ever flown at this rating
ENG-US-MERLIN-1C-VACUUM,thrust_vac,"411 kN (92,500 lbf)",kN/lbf,SECONDARY_CLAIM,SRC-WIKI-MERLIN,search summary,
ENG-US-MERLIN-1C-VACUUM,isp_vac,342,s,SECONDARY_CLAIM,SRC-WIKI-MERLIN,search summary,"SpaceX 2009 PR claim, seen only via mirrors/SLR"
ENG-US-MERLIN-1C-VACUUM,thrust_vac,41.96,tonne-force,SECONDARY_CLAIM,SRC-SLR-F9-SMA,search summary,2009 six-minute test; 45.36 t propellant consumed
ENG-US-MERLIN-1C-VACUUM,nozzle_extension,"niobium alloy, ~2.7 m, radiatively cooled",-,SECONDARY_CLAIM,SRC-WIKI-MERLIN,search summary,
ENG-US-MERLIN-1D,thrust_sl,147000,lbf,SECONDARY_CLAIM,SRC-SFN-2015-FT,search summary,"'up from 147,000 pounds of sea level thrust per first stage engine on previous Falcon 9 flights'"
ENG-US-MERLIN-1D,thrust_sl,63.5,tonne-force,SECONDARY_CLAIM,SRC-SLR-F9-SMA,search summary,as originally announced; 70.31 t vac
ENG-US-MERLIN-1D,isp_vac,310,s,SECONDARY_CLAIM,SRC-SLR-F9-SMA,search summary,announced target
ENG-US-MERLIN-1D,area_ratio,16,-,SECONDARY_CLAIM,SRC-SLR-F9-SMA,search summary,
ENG-US-MERLIN-1D,pc,1410,psi,SECONDARY_CLAIM,SRC-SLR-F9-SMA,search summary,gauge/absolute not stated
ENG-US-MERLIN-1D,throttle,to 70%,% rated,SECONDARY_CLAIM,SRC-SLR-F9-SMA,search summary,
ENG-US-MERLIN-1D,thrust_to_weight_vac,>150,-,SECONDARY_CLAIM,SRC-SLR-F9-SMA,search summary,"Tom Mueller, JPC Aug 2011, test engine; Isp_vac >309 s"
ENG-US-MERLIN-1D,thrust_sl,66.68,tonne-force,SECONDARY_CLAIM,SRC-SLR-F9-SMA,search summary,'later updated engine data'; 73.03 t vac; Isp 282 SL / 311 vac
ENG-US-MERLIN-1D,thrust_sl,845,kN,REPORTED,SRC-SPACEX-FUG-2025,search-result summary (no page locator),"per engine; also given as 190,000 lbf; relayed via sibling log"
ENG-US-MERLIN-1D,thrust_sl,190000,lbf,REPORTED,SRC-SPACEX-FUG-2025,search-result summary (no page locator),per engine; relayed via sibling log
ENG-US-MERLIN-1D-BLOCK-5,thrust_sl,"845 kN (190,000 lbf)",kN/lbf,REPORTED,SRC-SPACEX-FUG-2025,"Falcon user guide, first-stage description (per summary)",
ENG-US-MERLIN-1D-BLOCK-5,thrust_sl,854,kN,SECONDARY_CLAIM,SRC-WEVOLVER-MERLIN,search summary,conflict; aggregator
ENG-US-MERLIN-1D-BLOCK-5,isp_sl,282,s,SECONDARY_CLAIM,SRC-WIKI-MERLIN,search summary,flagged [needs update]; not printed by SpaceX
ENG-US-MERLIN-1D-BLOCK-5,isp_vac,311,s,SECONDARY_CLAIM,SRC-WIKI-MERLIN,search summary,flagged [needs update]
ENG-US-MERLIN-1D-FULL-THRUST,thrust_sl,170000,lbf,SECONDARY_CLAIM,SRC-SFN-2015-FT,search summary,
ENG-US-MERLIN-1D-VACUUM,thrust_vac,"981 kN (220,500 lbf)",kN/lbf,REPORTED,SRC-SPACEX-FUG-2025,user guide second-stage description (per summary),
ENG-US-MERLIN-1D-VACUUM,burn_time,397,s,REPORTED,SRC-SPACEX-FUG-2025,search summary,stage burn time
ENG-US-MERLIN-1D-VACUUM,area_ratio,165,-,REPORTED,SRC-SPACEX-F9-PAGE,search summary,'fixed 165:1 expansion nozzle'
ENG-US-MERLIN-1D-VACUUM,thrust_vac,210000,lbf,SECONDARY_CLAIM,SRC-SFN-2015-FT,search summary,'maximum' rating reported c.2015
ENG-US-MERLIN-1D-VACUUM,thrust_vac,81.6,tonne-force,SECONDARY_CLAIM,SRC-SLR-F9-SMA,search summary,v1.1-era; table garbled in summary
ENG-US-MERLIN-1D-VACUUM,thrust_vac,95.3,tonne-force,SECONDARY_CLAIM,SRC-SLR-F9-SMA,search summary,'full thrust' variant; garbled
ENG-US-MERLIN-1D-VACUUM,isp_vac,348,s,SECONDARY_CLAIM,SRC-WEVOLVER-MERLIN,search summary,aggregator; no primary found
ENG-US-MERLIN-1D-VACUUM-SHORT-NOZZLE,thrust_vac,189000,lbf,SECONDARY_CLAIM,SRC-WIKI-MERLIN,search summary,"'about 189,000 lbf' per summary"
ENG-US-MIRANDA,thrust,230000,lbf,REPORTED,SRC-FIREFLY-MIRANDA-RR,search summary,SL/vac not stated
ENG-US-DST-11H,thrust_vac,22,N,REPORTED,SRC-MOOG-BIPROP-PAGE,search summary,
ENG-US-DST-11H,isp_vac_min,307,s,REPORTED,SRC-MOOG-BIPROP-PAGE,search summary,
ENG-US-DST-11H,of,0.85,-,REPORTED,SRC-MOOG-BIPROP-PAGE,search summary,
ENG-US-DST-11H,mass,0.77,kg,REPORTED,SRC-MOOG-BIPROP-PAGE,search summary,1.7 lbm
ENG-US-DST-12,thrust_vac,22,N,REPORTED,SRC-MOOG-BIPROP-PAGE,search summary,5 lbf nominal steady state
ENG-US-DST-12,feed_pressure,60-400,psia,REPORTED,SRC-MOOG-BIPROP-PAGE,search summary,
ENG-US-DST-12,area_ratio,300,:1,REPORTED,SRC-MOOG-BIPROP-PAGE,search summary,
ENG-US-DST-12,of,1.61,-,REPORTED,SRC-MOOG-BIPROP-PAGE,search summary,
ENG-US-DST-12,isp_vac_min,297,s,REPORTED,SRC-MOOG-BIPROP-PAGE,search summary,minimum
ENG-US-DST-12,mass,0.64,kg,REPORTED,SRC-MOOG-BIPROP-PAGE,search summary,1.4 lbm
ENG-US-DST-12,isp_vac,302,s,SECONDARY_CLAIM,SRC-SATNOW-DST12,search summary,likely nominal vs Moog minimum
ENG-US-DST-13,thrust_vac,22 / 27.5,N,REPORTED,SRC-MOOG-BIPROP-PAGE,search summary,two ratings 5 lbf / 6.2 lbf
ENG-US-DST-13,feed_pressure,80-400,psia,REPORTED,SRC-MOOG-BIPROP-PAGE,search summary,
ENG-US-DST-13,area_ratio,300,:1,REPORTED,SRC-MOOG-BIPROP-PAGE,search summary,
ENG-US-DST-13,of,1.65 / 1.62,-,REPORTED,SRC-MOOG-BIPROP-PAGE,search summary,
ENG-US-DST-13,isp_vac_min,297,s,REPORTED,SRC-MOOG-BIPROP-PAGE,search summary,
ENG-US-DST-13,mass,0.68,kg,REPORTED,SRC-MOOG-BIPROP-PAGE,search summary,1.5 lbm
ENG-US-MR-103J,thrust_range,~0.19-1.19,N,REPORTED,SRC-L3H-MONO-2025,search summary,seen only via WebSearch result summary (direct fetch blocked by egress proxy); verify against source
ENG-US-MR-103J,thrust_range_upper,1.13,N,REPORTED,SRC-L3H-MONO-2023,search summary,seen only via WebSearch result summary (direct fetch blocked by egress proxy); verify against source
ENG-US-MR-104G,thrust,160,lbf,REPORTED,SRC-AJRD-PR-MR104G,search summary,vac vs SL not stated; must operate in both; seen only via WebSearch result summary (direct fetch blocked by egress proxy); verify against source
ENG-US-MR-107N,thrust_vac,300,N,SECONDARY_CLAIM,SRC-AIRPORTTECH-PHX,search summary,seen only via WebSearch result summary (direct fetch blocked by egress proxy); verify against source
ENG-US-MR-107S,thrust_nominal,275,N,SECONDARY_CLAIM,SRC-SATCAT-MR107,search summary,from catalogue title; seen only via WebSearch result summary (direct fetch blocked by egress proxy); verify against source
ENG-US-MR-107T,thrust_nominal,110,N,SECONDARY_CLAIM,SRC-SATCAT-MR107,search summary,from catalogue title; seen only via WebSearch result summary (direct fetch blocked by egress proxy); verify against source
ENG-US-MR-107U,thrust_vac,68,lbf,SECONDARY_CLAIM,SRC-SPACEFDN-MSL,search summary,"seen only via WebSearch result summary (direct fetch blocked by egress proxy); verify against source [merge: status REPORTED -> SECONDARY_CLAIM, source tier D]"
ENG-US-MR-107V,thrust_nominal,300,N,SECONDARY_CLAIM,SRC-SATCAT-MR107,search summary,from catalogue title; seen only via WebSearch result summary (direct fetch blocked by egress proxy); verify against source
ENG-US-MR-111C,thrust_vac,1.0,lbf,SECONDARY_CLAIM,SRC-SPACEFDN-MSL,search summary,"seen only via WebSearch result summary (direct fetch blocked by egress proxy); verify against source [merge: status REPORTED -> SECONDARY_CLAIM, source tier D]"
ENG-US-MR-111G,thrust_range,1.8-4.9,N,REPORTED,SRC-L3H-MONO-2023,search summary,seen only via WebSearch result summary (direct fetch blocked by egress proxy); verify against source
ENG-US-MR-111G,thrust_range,0.9-5.7,N,REPORTED,SRC-L3H-MONO-2025,search summary,seen only via WebSearch result summary (direct fetch blocked by egress proxy); verify against source
ENG-US-MR-80,throttle,"276-2,667",N,SECONDARY_CLAIM,SRC-WIKI-VIKING-PROGRAM,search summary,62-600 lbf; seen only via WebSearch result summary (direct fetch blocked by egress proxy); verify against source
ENG-US-MR-80B,thrust_vac_max,800,lbf,SECONDARY_CLAIM,SRC-SPACEFDN-MSL,search summary,"seen only via WebSearch result summary (direct fetch blocked by egress proxy); verify against source [merge: status REPORTED -> SECONDARY_CLAIM, source tier D]"
ENG-US-MR-80B,throttle_ratio,>100:1,-,SECONDARY_CLAIM,SRC-SPACEFDN-MSL,search summary,"seen only via WebSearch result summary (direct fetch blocked by egress proxy); verify against source [merge: status REPORTED -> SECONDARY_CLAIM, source tier D]"
ENG-US-XLR71-NA-1,thrust_sl,119981,lbf,SECONDARY_CLAIM,SRC-ASTRONAUTIX-XLR71,search excerpt,value seen in search-result excerpt only; document not fetched; 533.70 kN
ENG-US-XLR83-NA-1,thrust,405000,lbf,SECONDARY_CLAIM,SRC-ENGINEHISTORY-RPE03,search excerpt,value seen in search-result excerpt only; document not fetched; three-chamber system total
ENG-US-NAA-75-110-A-6,thrust,91350,lbf,SECONDARY_CLAIM,SRC-WIKI-JUPITERA,search excerpt,value seen in search-result excerpt only; document not fetched; Jupiter-A max thrust; probably hydyne-fuelled rating
ENG-US-NAA-75-110-A-7,thrust_sl,78000,lbf,REPORTED,SRC-NASA-MSFC-MERCREDSTONE,search excerpt,"value seen in search-result excerpt only; document not fetched; final performance of A-1..A-7 series, 117 s"
ENG-US-NAA-75-110-A-7,thrust_sl,78000,lbf,SECONDARY_CLAIM,SRC-WIKI-PGM11,search excerpt,value seen in search-result excerpt only; document not fetched; 121 s burn
ENG-US-NAA-75-110-A-7,isp_sl,218,s,SECONDARY_CLAIM,SRC-ALTERNATEWARS-RKD,search excerpt,value seen in search-result excerpt only; document not fetched; table attribution inferred
ENG-US-NAA-75-110-A-7,thrust_vac,89000,lbf,SECONDARY_CLAIM,SRC-ALTERNATEWARS-RKD,search excerpt,value seen in search-result excerpt only; document not fetched
ENG-US-NAA-75-110-A-7,isp_vac,249,s,SECONDARY_CLAIM,SRC-ALTERNATEWARS-RKD,search excerpt,value seen in search-result excerpt only; document not fetched
ENG-US-NAA-75-110-A-7,pc,318,psia,SECONDARY_CLAIM,SRC-ALTERNATEWARS-RKD,search excerpt,value seen in search-result excerpt only; document not fetched
ENG-US-XLR43-NA-1,thrust,74861,lbf,SECONDARY_CLAIM,SRC-ASTRONAUTIX-XLR43,search excerpt,value seen in search-result excerpt only; document not fetched; 333.00 kN; condition unstated
ENG-US-XLR43-NA-1,thrust,310,kN,SECONDARY_CLAIM,SRC-ENGINEHISTORY-RPE03,search excerpt,"value seen in search-result excerpt only; document not fetched; first full-thrust firing late Oct 1950, <5 s"
ENG-US-NEWTONFOUR,thrust_vac,5000,lbf,SECONDARY_CLAIM,SRC-WIKI-LAUNCHERONE,search summary,~22 kN
ENG-US-NEWTONFOUR,thrust_vac,6000,lbf,SECONDARY_CLAIM,SRC-AVIATIONIST-L1-2020,search summary,"'about 6,000 lb'"
ENG-US-NEWTONTHREE,thrust_vac,73500,lbf,SECONDARY_CLAIM,SRC-WIKI-LAUNCHERONE,search summary,~327 kN
ENG-US-NEWTONTHREE,burn_time,180,s,SECONDARY_CLAIM,SRC-WIKI-LAUNCHERONE,search summary,approx
ENG-US-NEWTONTHREE,thrust,75000,lbf,SECONDARY_CLAIM,SRC-NSF-LAUNCHERONE-2020,search summary,
ENG-US-AJ26-60,stage_thrust_vac,1769,kN,SECONDARY_CLAIM,SRC-WIKI-K1,search summary,"K-1 stage 2 (1 x NK-43): 398,000 lbf vac; stage-level"
ENG-US-AJ26-60,isp_vac,348,s,SECONDARY_CLAIM,SRC-WIKI-K1,search summary,stage-level
ENG-US-R-1E,thrust_vac,24,lbf,REPORTED,SRC-NTRS-19910018886,search summary,often quoted 25 lbf; seen only via WebSearch result summary (direct fetch blocked by egress proxy); verify against source
ENG-US-R-1E,isp_vac,265,s,REPORTED,SRC-NTRS-19910018886,search summary,seen only via WebSearch result summary (direct fetch blocked by egress proxy); verify against source
ENG-US-R-1E,pc,110,psia,REPORTED,SRC-NTRS-19910018886,search summary,seen only via WebSearch result summary (direct fetch blocked by egress proxy); verify against source
ENG-US-R-1E,mass,9.4,lb,REPORTED,SRC-NTRS-19910018886,search summary,seen only via WebSearch result summary (direct fetch blocked by egress proxy); verify against source
ENG-US-R-1E,life,"~330,000 cycles",-,REPORTED,SRC-NTRS-19910018886,search summary,seen only via WebSearch result summary (direct fetch blocked by egress proxy); verify against source
ENG-US-R-40A,thrust_vac,870,lbf,REPORTED,SRC-NTRS-19910018886,search summary,OCR shows 970 in text; table 870; seen only via WebSearch result summary (direct fetch blocked by egress proxy); verify against source
ENG-US-R-40A,pc,152,psia,REPORTED,SRC-NTRS-19910018886,search summary,seen only via WebSearch result summary (direct fetch blocked by egress proxy); verify against source
ENG-US-R-40A,isp_vac,280,s,REPORTED,SRC-NTRS-19910018886,search summary,seen only via WebSearch result summary (direct fetch blocked by egress proxy); verify against source
ENG-US-R-40A,area_ratio,22,-,REPORTED,SRC-NTRS-19910018886,search summary,seen only via WebSearch result summary (direct fetch blocked by egress proxy); verify against source
ENG-US-R-40A,mass,16,lb,REPORTED,SRC-NTRS-19910018886,search summary,seen only via WebSearch result summary (direct fetch blocked by egress proxy); verify against source
ENG-US-R-40A,life,"100 missions; 12,800 s total firing",-,REPORTED,SRC-NTRS-19910018886,search summary,seen only via WebSearch result summary (direct fetch blocked by egress proxy); verify against source
ENG-US-R-40B,thrust_vac,4000,N,REPORTED,SRC-L3H-BIPROP-2024,search summary,~900 lbf; seen only via WebSearch result summary (direct fetch blocked by egress proxy); verify against source
ENG-US-R-40B,isp_vac,296,s,REPORTED,SRC-L3H-BIPROP-2024,search summary,seen only via WebSearch result summary (direct fetch blocked by egress proxy); verify against source
ENG-US-R-40B,mass,15.9,kg,REPORTED,SRC-L3H-BIPROP-2024,search summary,seen only via WebSearch result summary (direct fetch blocked by egress proxy); verify against source
ENG-US-R-40B,mass,10.5,kg,REPORTED,SRC-L3H-BIPROP-2023,search summary,seen only via WebSearch result summary (direct fetch blocked by egress proxy); verify against source
ENG-US-R-42,thrust_vac,890,N,REPORTED,SRC-L3H-BIPROP-2024,search summary,~200 lbf; seen only via WebSearch result summary (direct fetch blocked by egress proxy); verify against source
ENG-US-R-42,isp_vac,305,s,REPORTED,SRC-L3H-BIPROP-2024,search summary,seen only via WebSearch result summary (direct fetch blocked by egress proxy); verify against source
ENG-US-R-42,mass,6.58,kg,REPORTED,SRC-L3H-BIPROP-2024,search summary,seen only via WebSearch result summary (direct fetch blocked by egress proxy); verify against source
ENG-US-R-42,mass,4.53,kg,REPORTED,SRC-L3H-BIPROP-2023,search summary,seen only via WebSearch result summary (direct fetch blocked by egress proxy); verify against source
ENG-US-AMBR,isp_vac,333.5,s,REPORTED,SRC-NASA-AMBR-NF3,search summary,seen only via WebSearch result summary (direct fetch blocked by egress proxy); verify against source
ENG-US-AMBR,isp_vac_tested,333,s,REPORTED,SRC-NASA-AMBR-DISC,search summary,seen only via WebSearch result summary (direct fetch blocked by egress proxy); verify against source
ENG-US-R-4D,thrust_vac,100,lbf,SECONDARY_CLAIM,SRC-NASA-TND7151,search summary,100 lbf rating attributed in summaries; Wikipedia gives 110 lbf for later variants; seen only via WebSearch result summary (direct fetch blocked by egress proxy); verify against source
ENG-US-R-4D-11,thrust_vac,490,N,REPORTED,SRC-L3H-BIPROP-2024,search summary,110 lbf; seen only via WebSearch result summary (direct fetch blocked by egress proxy); verify against source
ENG-US-R-4D-11,isp_vac,311,s,REPORTED,SRC-L3H-BIPROP-2024,search summary,eps 164 version; approx per summary; seen only via WebSearch result summary (direct fetch blocked by egress proxy); verify against source
ENG-US-R-4D-11,isp_vac,315,s,REPORTED,SRC-L3H-BIPROP-2024,search summary,eps 300 version; approx; seen only via WebSearch result summary (direct fetch blocked by egress proxy); verify against source
ENG-US-R-4D-11,area_ratio,164 or 300,-,REPORTED,SRC-L3H-BIPROP-2024,search summary,seen only via WebSearch result summary (direct fetch blocked by egress proxy); verify against source
ENG-US-R-4D-11,mass,3.76,kg,REPORTED,SRC-L3H-BIPROP-2024,search summary,eps 164; seen only via WebSearch result summary (direct fetch blocked by egress proxy); verify against source
ENG-US-R-4D-11,mass,4.31,kg,REPORTED,SRC-L3H-BIPROP-2024,search summary,eps 300; seen only via WebSearch result summary (direct fetch blocked by egress proxy); verify against source
ENG-US-R-4D-11-ORION-ESM-AUXILIARY,thrust_vac,490,N,REPORTED,SRC-ESA-ESMPROP,search summary,seen only via WebSearch result summary (direct fetch blocked by egress proxy); verify against source
ENG-US-R-4D-15,isp_vac,322,s,REPORTED,SRC-IAC10-AJHIPAT,search summary,nominal; seen only via WebSearch result summary (direct fetch blocked by egress proxy); verify against source
ENG-US-R-4D-15,chamber_temp,1750-1875,degC,REPORTED,SRC-IAC10-AJHIPAT,search summary,Ir-lined Re chamber operating range; seen only via WebSearch result summary (direct fetch blocked by egress proxy); verify against source
ENG-US-R-4D-15DM,isp_vac,328,s,REPORTED,SRC-NASA-AMBR-NF3,search summary,seen only via WebSearch result summary (direct fetch blocked by egress proxy); verify against source
ENG-US-R-4D-15DM,thrust_vac,100,lbf,REPORTED,SRC-NASA-AMBR-NF3,search summary,seen only via WebSearch result summary (direct fetch blocked by egress proxy); verify against source
ENG-US-R-4D-CASSINI-MAIN-ENGINE,thrust_vac,445,N,REPORTED,SRC-NASA-CASSINI-ENGINE,search summary,NASA Cassini engine page
ENG-US-R-4D-CASSINI-MAIN-ENGINE,isp_vac,312,s,SECONDARY_CLAIM,SRC-WIKI-R4D,search summary,"generic R-4D infobox, not Cassini-specific"
ENG-US-RAPTOR-1,thrust_sl,"185 tf (1.81 MN; 408,000 lbf)",tf,SECONDARY_CLAIM,SRC-WIKI-RAPTOR,search summary,
ENG-US-RAPTOR-1,pc_design,250,bar,SECONDARY_CLAIM,SRC-WIKI-RAPTOR,search summary,'first version intended to operate at 250 bar'
ENG-US-RAPTOR-1,thrust_max_demonstrated,~225,t,SECONDARY_CLAIM,SRC-WIKI-RAPTOR,search summary,Musk 2020 post; min ~90 t
ENG-US-RAPTOR-1,pc_test_peak,330,bar,SECONDARY_CLAIM,SRC-WCCF-RAPTOR-330,search summary,Aug 2020 stress test; ~10 s above 320 bar
ENG-US-RAPTOR-2,thrust_sl,"230 tf (507,000 lbf)",tf,REPORTED,SRC-SPACEX-UPDATES,Raptor 3 update text: 'up from 230 tf',rating immediately preceding Raptor 3
ENG-US-RAPTOR-2,mass,1630,kg,REPORTED,SRC-SPACEX-UPDATES,search summary,"'reduced to 1,525 kg from 1,630 kg' - assumed to be the R2 SL mass"
ENG-US-RAPTOR-2,pc,300,bar,SECONDARY_CLAIM,SRC-TESLARATI-R2,search summary,Musk: routinely 300 bar; also EDA interview transcript
ENG-US-RAPTOR-2,pc_test_peak,321,bar,SECONDARY_CLAIM,SRC-TESLARATI-R2,search summary,first R2 static fire before failure
ENG-US-RAPTOR-2,thrust_sl,230,tf,REPORTED,SRC-SPACEX-UPDATES,search-result summary (no page locator),"'from 230 tf (507,000 lbf)' baseline in a Raptor 3 comparison; sibling flagged summary ambiguity; relayed via sibling log"
ENG-US-RAPTOR-2,thrust_sl,507000,lbf,REPORTED,SRC-SPACEX-UPDATES,search-result summary (no page locator),relayed via sibling log
ENG-US-RAPTOR-2,mass_dry,1630,kg,REPORTED,SRC-SPACEX-UPDATES,search-result summary (no page locator),"'SL mass 1,525 kg from 1,630 kg' -- 1,630 kg read as Raptor 2; dry vs wet not stated; relayed via sibling log"
ENG-US-RAPTOR-3,thrust_sl,"250 tf (551,000 lbf)",tf,REPORTED,SRC-SPACEX-UPDATES,search summary,
ENG-US-RAPTOR-3,thrust_sl,250 tf / 551 klbf,tf,REPORTED,SRC-SPACEX-STARSHIP-PAGE,search summary,variant not named on page
ENG-US-RAPTOR-3,mass,1525,kg,REPORTED,SRC-SPACEX-UPDATES,search summary,'Raptor sea-level engine mass'
ENG-US-RAPTOR-3,engines_per_booster,33,-,REPORTED,SRC-SPACEX-FLT12,search summary,
ENG-US-RAPTOR-3-VACUUM,thrust_vac,"275 tf (606,000 lbf)",tf,REPORTED,SRC-SPACEX-UPDATES,search summary,
ENG-US-RAPTOR-VACUUM,thrust_vac,"258 tf (568,000 lbf)",tf,REPORTED,SRC-SPACEX-UPDATES,Raptor 3 update: vacuum engines 'up from 258 tf',
ENG-US-REAVER,thrust_vac_stage,"801 kN (180,072 lbf)",kN,REPORTED,SRC-FIREFLY-ALPHA-PAGE,search summary,4 engines
ENG-US-REAVER,thrust_vac,200.25,kN,DERIVED,SRC-FIREFLY-ALPHA-PAGE,search summary,801/4
ENG-US-REAVER,isp_vac,295.6,s,REPORTED,SRC-FIREFLY-ALPHA-PAGE,search summary,
ENG-US-REAVER,thrust_stage_max,836.3 kN (188 klbf),kN,REPORTED,SRC-FIREFLY-PUG-5.2,search summary,
ENG-US-REAVER,isp_vac,296,s,REPORTED,SRC-FIREFLY-PUG-5.2,search summary,
ENG-US-REAVER,thrust,45000,lbf,REPORTED,SRC-FIREFLY-MIRANDA-RR,search summary,per-engine; SL/vac not stated
ENG-US-RIPLEY,thrust_sl,50000,lbf,SECONDARY_CLAIM,SRC-SATTODAY-ARROWAY-2022,search summary,
ENG-US-RL10A-1,pc,~300 then ~400,psi,SECONDARY_CLAIM,SRC-YARCHIVE-RL10,search excerpt,value seen in search-result excerpt only; document not fetched; Spencer: raised early in development via throat restriction
ENG-US-RL10A-3-3A,thrust_vac,16500,lbf,REPORTED,SRC-NTRS-19910018888,search excerpt,value seen in search-result excerpt only; document not fetched; 1990 P&W briefing
ENG-US-RL10A-3-3A,pc,475,psia,REPORTED,SRC-NTRS-19910018888,search excerpt,value seen in search-result excerpt only; document not fetched
ENG-US-RL10A-3-3A,area_ratio,61,,REPORTED,SRC-NTRS-19910018888,search excerpt,value seen in search-result excerpt only; document not fetched
ENG-US-RL10A-3-3A,of,5.0,,REPORTED,SRC-NTRS-19910018888,search excerpt,value seen in search-result excerpt only; document not fetched
ENG-US-RL10A-3-3A,isp_vac,444.4,s,REPORTED,SRC-NTRS-19910018888,search excerpt,value seen in search-result excerpt only; document not fetched
ENG-US-RL10A-3-3A,of,5.5,,SECONDARY_CLAIM,SRC-PURDUE-RL10,search excerpt,value seen in search-result excerpt only; document not fetched
ENG-US-RL10A-3-3A,isp_vac,442.4,s,SECONDARY_CLAIM,SRC-PURDUE-RL10,search excerpt,value seen in search-result excerpt only; document not fetched; table column dated 1981
ENG-US-RL10A-4,thrust_vac,20800,lbf,SECONDARY_CLAIM,SRC-NAP-11780,search excerpt,value seen in search-result excerpt only; document not fetched; NRC comparison table; Tier B
ENG-US-RL10A-4,pc,578,psia,SECONDARY_CLAIM,SRC-NAP-11780,search excerpt,value seen in search-result excerpt only; document not fetched
ENG-US-RL10A-4,area_ratio,84,,SECONDARY_CLAIM,SRC-NAP-11780,search excerpt,value seen in search-result excerpt only; document not fetched
ENG-US-RL10A-4,isp_vac,449,s,SECONDARY_CLAIM,SRC-NAP-11780,search excerpt,value seen in search-result excerpt only; document not fetched
ENG-US-RL10A-4-2,thrust_vac,22300,lbf,REPORTED,SRC-L3HARRIS-RL10-SPEC,search summary only (doc not opened); page NOT_AUDITED,OP-1; RL10A-4-2 column of model table.
ENG-US-RL10A-4-2,thrust_vac,99.1,kN,SECONDARY_CLAIM,SRC-WIKI-RL10,search summary only (doc not opened); page NOT_AUDITED,OP-1; Variant table (row truncated in summary).
ENG-US-RL10A-4-2,thrust_vac,10.115,tonnes (force),SECONDARY_CLAIM,SRC-NASA-SMA-SLR-DATASHEET,search summary only (doc not opened); page NOT_AUDITED,OP-1; Third-party datasheet.
ENG-US-RL10A-4-2,isp_vac,451.0,s,REPORTED,SRC-L3HARRIS-RL10-SPEC,search summary only (doc not opened); page NOT_AUDITED,OP-1;
ENG-US-RL10A-4-2,isp_vac,450.5,s,SECONDARY_CLAIM,SRC-AIAA-VEHGUIDE-ATLAS,search summary only (doc not opened); page NOT_AUDITED,OP-1;
ENG-US-RL10A-4-2,of,5.5,O/F,REPORTED,SRC-L3HARRIS-RL10-SPEC,search summary only (doc not opened); page NOT_AUDITED,OP-1; Engine O/F.
ENG-US-RL10A-4-2,of,5.5,O/F,SECONDARY_CLAIM,SRC-AIAA-VEHGUIDE-ATLAS,search summary only (doc not opened); page NOT_AUDITED,OP-1;
ENG-US-RL10A-4-2,pc,32.1 bar (465 psi),bar / psi,SECONDARY_CLAIM,SRC-AIAA-VEHGUIDE-ATLAS,search summary only (doc not opened); page NOT_AUDITED,OP-1; abs/gauge not stated. Same value printed for RL10B-2 on the AIAA Delta page (suspicious).
ENG-US-RL10A-4-2,area_ratio,85,:1,SECONDARY_CLAIM,SRC-AIAA-VEHGUIDE-ATLAS,search summary only (doc not opened); page NOT_AUDITED,
ENG-US-RL10A-4-2,area_ratio,"84:1 (A-4, A-4-1 rows); family infobox '84:1 or 280:1'",:1,SECONDARY_CLAIM,SRC-WIKI-RL10,search summary only (doc not opened); page NOT_AUDITED,A-4-2 row truncated - 84 not shown for A-4-2 itself.
ENG-US-RL10B-2,thrust_vac,24750,lb,REPORTED,SRC-ULA-DIV-INAUGURAL,search summary only (doc not opened); page NOT_AUDITED,OP-DEP; Delta IV inaugural-launch paper.
ENG-US-RL10B-2,thrust_vac,24750,lbf,REPORTED,SRC-ULA-DIV-GPSIIISV02,search summary only (doc not opened); page NOT_AUDITED,OP-DEP; Independent ULA booklet.
ENG-US-RL10B-2,thrust_vac,24740,lb,SECONDARY_CLAIM,SRC-SPACELINE-DIV,search summary only (doc not opened); page NOT_AUDITED,OP-DEP;
ENG-US-RL10B-2,thrust_vac,"110.1 kN (24,800 lbf)",kN,SECONDARY_CLAIM,SRC-WIKI-RL10,search summary only (doc not opened); page NOT_AUDITED,OP-DEP;
ENG-US-RL10B-2,isp_vac,465.5,s,SECONDARY_CLAIM,SRC-NAP-11780,search summary only (doc not opened); page NOT_AUDITED,"OP-DEP; NAP report text (Tier B, values SECONDARY because NAP is not the originator)."
ENG-US-RL10B-2,isp_vac,466.5,s,SECONDARY_CLAIM,SRC-NAP-11780,search summary only (doc not opened); page NOT_AUDITED,OP-DEP; NAP comparison table.
ENG-US-RL10B-2,isp_vac,465.5,s,SECONDARY_CLAIM,SRC-WIKI-RL10,search summary only (doc not opened); page NOT_AUDITED,OP-DEP;
ENG-US-RL10B-2,pc,633,psi,SECONDARY_CLAIM,SRC-NAP-11780,search summary only (doc not opened); page NOT_AUDITED,OP-DEP; NAP text 'nominally'.
ENG-US-RL10B-2,pc,644,psia,SECONDARY_CLAIM,SRC-NAP-11780,search summary only (doc not opened); page NOT_AUDITED,OP-DEP; NAP comparison table.
ENG-US-RL10B-2,pc,32.1 bar (465 psi),bar,SECONDARY_CLAIM,SRC-AIAA-VEHGUIDE-DELTA,search summary only (doc not opened); page NOT_AUDITED,OP-DEP; Identical to AIAA's RL10A-4-2 value - likely copy error.
ENG-US-RL10B-2,of,5.88,O/F,SECONDARY_CLAIM,SRC-WIKI-RL10,search summary only (doc not opened); page NOT_AUDITED,OP-DEP;
ENG-US-RL10B-2,area_ratio,285,:1,SECONDARY_CLAIM,SRC-AIAA-VEHGUIDE-DELTA,search summary only (doc not opened); page NOT_AUDITED,OP-DEP;
ENG-US-RL10B-2,area_ratio,285,:1,SECONDARY_CLAIM,SRC-NAP-11780,search summary only (doc not opened); page NOT_AUDITED,OP-DEP; Two independent secondary sources agree.
ENG-US-RL10B-2,mass,301 kg (664 lb),kg,SECONDARY_CLAIM,SRC-WIKI-RL10,search summary only (doc not opened); page NOT_AUDITED,
ENG-US-RL10B-2,mass,277,kg,SECONDARY_CLAIM,SRC-WIKI-RL10,search summary only (doc not opened); page NOT_AUDITED,Older Wikipedia revision (mirror).
ENG-US-RL10B-2,thrust_vac,24800,lbf,SECONDARY_CLAIM,SRC-WIKI-RL10,search excerpt,value seen in search-result excerpt only; document not fetched; 110.1 kN
ENG-US-RL10B-2,area_ratio,285,,SECONDARY_CLAIM,SRC-NAP-11780,search excerpt,value seen in search-result excerpt only; document not fetched
ENG-US-ROTON-ROTARY-ENGINE,spin_rate,720,rpm,SECONDARY_CLAIM,SRC-WIKI-ROTON,search summary,engine+base spin to centrifugally pump propellant to rim
ENG-US-ROTON-ROTARY-ENGINE,isp_vac,355,s,SECONDARY_CLAIM,SRC-WIKI-ROTARYROCKET,article (via search summary),"projected, not demonstrated"
ENG-US-AR22,test_series,10 x 100 s firings in 240 h,-,SECONDARY_CLAIM,SRC-SPACECOM-AR22-2018,search summary,completed 2018-07-06; as little as 17 h between some tests
ENG-US-RS-25E,thrust,521000,lbf,REPORTED,SRC-L3H-SLS-BROCHURE-2022,search summary,vac/SL not stated (likely vacuum)
ENG-US-RS-25E,power_level,111,%,REPORTED,SRC-L3H-SLS-BROCHURE-2022,search summary,
ENG-US-RS-25E,cost_reduction,>=30,%,REPORTED,SRC-L3H-SLS-BROCHURE-2022,search summary,vs previous RS-25
ENG-US-RS-25E,throttle,111% RPL max,%RPL,REPORTED,SRC-NTRS-20170008958,search excerpt,value seen in search-result excerpt only; document not fetched
ENG-US-RS-25E,thrust,522000,lbf,REPORTED,SRC-NASA-RS25-WEB,search excerpt,"value seen in search-result excerpt only; document not fetched; 'tested up to 111% ... approximately 522,000 lbf'"
ENG-US-SSME-BLOCK-II,of,6.03,O/F,REPORTED,SRC-L3HARRIS-RS25-SPEC,search summary only (doc not opened); page NOT_AUDITED,Engine O/F per sheet; SLS-supplied configuration; power level not stated.
ENG-US-SSME-BLOCK-II,of,6.0,O/F,REPORTED,SRC-L3HARRIS-RS25-WEB,search summary only (doc not opened); page NOT_AUDITED,Rounded web value.
ENG-US-SSME-BLOCK-II,thrust_vac,512300,lbf,REPORTED,SRC-L3HARRIS-RS25-SPEC,search summary only (doc not opened); page NOT_AUDITED,OP-109; In vacuum at 109% (SLS-supplied configuration).
ENG-US-SSME-BLOCK-II,thrust,512000,lbf,REPORTED,SRC-NASA-RS25-FS2015,search summary only (doc not opened); page NOT_AUDITED,OP-109; Carried from round 1; condition not shown in excerpt.
ENG-US-SSME-BLOCK-II,thrust,491000,lbf,REPORTED,SRC-NASA-RS25-WEB,search summary only (doc not opened); page NOT_AUDITED,OP-104.5; Carried from round 1; reference condition not stated (analyst [BG]: vacuum).
ENG-US-SSME-BLOCK-II,thrust_sl,390000,lb,REPORTED,SRC-NASA-SSME-NPL-DOC,search summary only (doc not opened); page NOT_AUDITED,"OP-104.5; '390,000 pounds nominal power level (NPL) or 104.5 percent RPL' at sea level; which NASA doc among co-listed hits is inferred."
ENG-US-SSME-BLOCK-II,pc,2747,psia,REPORTED,SRC-IBIBLIO-SSMEOVERVIEW,search summary only (doc not opened); page NOT_AUDITED,OP-RPL; 'approximately'; main combustion chamber; injector-face vs stagnation not stated.
ENG-US-SSME-BLOCK-II,pc,2870,psia,REPORTED,SRC-NASA-HOPSON-STS104-FRR-2001,search summary only (doc not opened); page NOT_AUDITED,"OP-104.5; Block II row of block-comparison table; also ~2,870 psia in SSME overview."
ENG-US-SSME-BLOCK-II,pc,2870,psia,REPORTED,SRC-IBIBLIO-SSMEOVERVIEW,search summary only (doc not opened); page NOT_AUDITED,"OP-104.5; 'approximately 2,870 psia' (independent second source)."
ENG-US-SSME-BLOCK-II,pc,2994,psia,REPORTED,SRC-L3HARRIS-RS25-SPEC,search summary only (doc not opened); page NOT_AUDITED,OP-109; Spec-sheet chamber pressure (SLS configuration).
ENG-US-SSME-BLOCK-II,pc,2994,psia,REPORTED,SRC-NASA-HOPSON-STS104-FRR-2001,search summary only (doc not opened); page NOT_AUDITED,OP-109; Table row labelled Block IIA at 109% (Block II 109% Pc not given in summary).
ENG-US-SSME-BLOCK-II,throttle,67-109,% RPL,REPORTED,SRC-L3HARRIS-RS25-SPEC,search summary only (doc not opened); page NOT_AUDITED,SLS-supplied configuration.
ENG-US-SSME-BLOCK-II,area_ratio,69,:1 (exit/throat),REPORTED,SRC-L3HARRIS-RS25-SPEC,search summary only (doc not opened); page NOT_AUDITED,Large-throat MCC configuration.
ENG-US-SSME-BLOCK-II,area_ratio,69.5,:1,REPORTED,SRC-NTRS-19860012108,search summary only (doc not opened); page NOT_AUDITED,Large Throat study: 77.5 -> 69.5 when throat enlarged (nozzle unmodified).
ENG-US-SSME-BLOCK-II,mass,7774,lb,REPORTED,SRC-L3HARRIS-RS25-SPEC,search summary only (doc not opened); page NOT_AUDITED,'Dry'; SLS-supplied configuration (may include SLS adaptations).
ENG-US-SSME-BLOCK-II,mass,7775,lb,REPORTED,SRC-L3HARRIS-RS25-WEB,search summary only (doc not opened); page NOT_AUDITED,
ENG-US-SSME-BLOCK-II,mass,7004,lb,SECONDARY_CLAIM,SRC-WIKI-RS25,search summary only (doc not opened); page NOT_AUDITED,Wikipedia RS-25D dry weight; definition differs from L3Harris (CF-RS-2).
ENG-US-SSME-BLOCK-II,throttle,109% RPL nominal on SLS (was STS emergency level),%RPL,REPORTED,SRC-NTRS-20180006338,search excerpt,value seen in search-result excerpt only; document not fetched
ENG-US-RS-27A,thrust_sl,200100,lbf,SECONDARY_CLAIM,SRC-WIKI-RS27,search excerpt,value seen in search-result excerpt only; document not fetched; ~890 kN
ENG-US-RS-27A,thrust_vac,237000,lbf,SECONDARY_CLAIM,SRC-WIKI-RS27,search excerpt,value seen in search-result excerpt only; document not fetched
ENG-US-RS-27A,isp_sl,255,s,SECONDARY_CLAIM,SRC-WIKI-RS27,search excerpt,value seen in search-result excerpt only; document not fetched
ENG-US-RS-27A,isp_vac,302,s,SECONDARY_CLAIM,SRC-WIKI-RS27,search excerpt,value seen in search-result excerpt only; document not fetched
ENG-US-RS-27A,area_ratio,12,,SECONDARY_CLAIM,SRC-PURDUE-RS27A,search excerpt,value seen in search-result excerpt only; document not fetched
ENG-US-RS-27A,thrust,1012,lbf,SECONDARY_CLAIM,SRC-PURDUE-RS27A,search excerpt,value seen in search-result excerpt only; document not fetched; each vernier
ENG-US-RS-56-OBA,thrust_sl,207000,lbf,SECONDARY_CLAIM,SRC-WIKI-RS56,search excerpt,value seen in search-result excerpt only; document not fetched; 920.8 kN
ENG-US-RS-56-OBA,isp_vac,299,s,SECONDARY_CLAIM,SRC-WIKI-RS56,search excerpt,value seen in search-result excerpt only; document not fetched
ENG-US-RS-56-OBA,burn_time,172,s,SECONDARY_CLAIM,SRC-WIKI-RS56,search excerpt,value seen in search-result excerpt only; document not fetched
ENG-US-RS-56-OBA,thrust,2093.3,kN,SECONDARY_CLAIM,SRC-WIKI-ATLASII,search excerpt,value seen in search-result excerpt only; document not fetched; booster pair total
ENG-US-RS-56-OBA,thrust,2100,kN,SECONDARY_CLAIM,SRC-WIKI-MA5A,search excerpt,value seen in search-result excerpt only; document not fetched; MA-5A max thrust
ENG-US-RS-56-OSA,thrust_sl,60500,lbf,SECONDARY_CLAIM,SRC-WIKI-RS56,search excerpt,value seen in search-result excerpt only; document not fetched; 269.0 kN
ENG-US-RS-56-OSA,isp_vac,316,s,SECONDARY_CLAIM,SRC-WIKI-RS56,search excerpt,value seen in search-result excerpt only; document not fetched
ENG-US-RS-56-OSA,burn_time,283,s,SECONDARY_CLAIM,SRC-WIKI-RS56,search excerpt,value seen in search-result excerpt only; document not fetched
ENG-US-RS-56-OSA,thrust,386,kN,SECONDARY_CLAIM,SRC-WIKI-ATLASII,search excerpt,"value seen in search-result excerpt only; document not fetched; 87,000 lbf, probably vacuum (CF-16)"
ENG-US-RS-68,thrust_vac,758000,lbf,SECONDARY_CLAIM,SRC-WIKI-RS68,search excerpt,"value seen in search-result excerpt only; document not fetched; 3,370 kN; attribution inferred"
ENG-US-RS-68,thrust_sl,663000,lbf,SECONDARY_CLAIM,SRC-WIKI-RS68,search excerpt,"value seen in search-result excerpt only; document not fetched; 2,950 kN; another source 660,000"
ENG-US-RS-68,isp_vac,410,s,SECONDARY_CLAIM,SRC-WIKI-RS68,search excerpt,value seen in search-result excerpt only; document not fetched
ENG-US-RS-68,pc,1488,psi,SECONDARY_CLAIM,SRC-WIKI-RS68,search excerpt,value seen in search-result excerpt only; document not fetched; 10.26 MPa; variant attribution unclear
ENG-US-RS-68A,thrust_sl,705000,lbf,REPORTED,SRC-L3H-RS68A-DS,search excerpt,value seen in search-result excerpt only; document not fetched
ENG-US-RS-68A,thrust_vac,800000,lbf,REPORTED,SRC-L3H-RS68A-DS,search excerpt,value seen in search-result excerpt only; document not fetched; full power
ENG-US-RS-68A,isp_vac,411,s,REPORTED,SRC-L3H-RS68A-DS,search excerpt,value seen in search-result excerpt only; document not fetched
ENG-US-RS-68A,isp_sl,362,s,REPORTED,SRC-L3H-RS68A-DS,search excerpt,value seen in search-result excerpt only; document not fetched
ENG-US-RS-68A,pc,1580,psia,REPORTED,SRC-L3H-RS68A-DS,search excerpt,value seen in search-result excerpt only; document not fetched; full power
ENG-US-RS-68A,isp_vac,411.9,s,SECONDARY_CLAIM,SRC-WIKI-RS68,search excerpt,value seen in search-result excerpt only; document not fetched
ENG-US-STARLINER-LAE,thrust,40000,lbf,REPORTED,SRC-AR-STARLINER-2016,search summary,"'40,000-pound thrust' class; SL/vac not stated"
ENG-US-STARLINER-LAE,thrust,176.6,kN,SECONDARY_CLAIM,SRC-WIKI-RS88,search summary,"39,700 lbf; SL/vac not stated"
ENG-US-STARLINER-OMAC,thrust,1500,lbf,REPORTED,SRC-AR-STARLINER-2016,search summary,"'1,500-pound thrust class'"
ENG-US-STARLINER-OMAC,thrust_vac,7000,N,SECONDARY_CLAIM,SRC-ARXIV-2107-06795,search summary,1600 lbf per concept study (not a Boeing spec)
ENG-US-STARLINER-OMAC,isp_vac,277,s,SECONDARY_CLAIM,SRC-ARXIV-2107-06795,search summary,steady state
ENG-US-STARLINER-RCS,thrust,100,lbf,REPORTED,SRC-AR-STARLINER-2016,search summary,'100-pound thrust class'
ENG-US-STARLINER-RCS,thrust_vac,375,N,SECONDARY_CLAIM,SRC-ARXIV-2107-06795,search summary,85 lbf ('CCtCap RCS')
ENG-US-STARLINER-RCS,isp_vac,286,s,SECONDARY_CLAIM,SRC-ARXIV-2107-06795,search summary,steady state
ENG-US-TR-312,isp_vac,325,s,SECONDARY_CLAIM,SRC-SPACEDAILY-TR312,search summary,"demonstrated, MMH/NTO; 'five to ten seconds above current technology'"
ENG-US-TR-312,thrust,110,lbf,SECONDARY_CLAIM,SRC-SPACEDAILY-TR312,search summary,nominal ~110 lbf
ENG-US-TR-312,test_duration_total,25000,s,SECONDARY_CLAIM,SRC-SPACEDAILY-TR312,search summary,hot-fire
ENG-US-TR-312,isp_vac,330,s,SECONDARY_CLAIM,SRC-SPACEDAILY-TR312,search summary,"planned, N2H4/NTO configuration"
ENG-US-TR-106,thrust,650000,lbf,SECONDARY_CLAIM,SRC-WIKI-TR106,search summary,2892 kN
ENG-US-TR-106,throttle_demonstrated,65,%,SECONDARY_CLAIM,SRC-WIKI-TR106,search summary,"Stennis 2000, also 100% rated thrust"
ENG-US-TR-107,thrust,1100000,lbf,SECONDARY_CLAIM,SRC-WIKI-TR107,search summary,"4,900 kN"
ENG-US-TR-107,pc,17.7,MPa,SECONDARY_CLAIM,SRC-WIKI-TR107,search summary,177 bar
ENG-US-TR-201,thrust,9900,lbf,SECONDARY_CLAIM,SRC-PURDUE-LIQUIDS,search summary,
ENG-US-TR-201,isp,303,s,SECONDARY_CLAIM,SRC-PURDUE-LIQUIDS,search summary,vac/SL not stated
ENG-US-TR-201,mass,300,lbm,SECONDARY_CLAIM,SRC-PURDUE-LIQUIDS,search summary,
ENG-US-TR-201,thrust_vac,9419,lbf,SECONDARY_CLAIM,SRC-WIKI-TR201,search excerpt,value seen in search-result excerpt only; document not fetched; 41.90 kN
ENG-US-TR-201,area_ratio,16,,SECONDARY_CLAIM,SRC-WIKI-TR201,search excerpt,value seen in search-result excerpt only; document not fetched; ablative to 16:1
ENG-US-LP-2,thrust,1000,lbf,SECONDARY_CLAIM,SRC-WIKI-VECTORR,search summary,"4,400 N; 433 s burn"
ENG-US-LP-2,thrust,3.5,kN,SECONDARY_CLAIM,SRC-SKYROCKET-VECTOR,search summary,"pressure-fed, second stage"
ENG-US-VORTEX-1500-LBF-HYPERGOLIC,thrust,1500,lbf,REPORTED,SRC-BW-SIERRA-VORTEX-1500-2023,search summary,
ENG-US-VR35K-A,thrust,35000,lbf,SECONDARY_CLAIM,SRC-SPACEBUCKET-DC-ENGINES,search summary,blog quoting company post; developed with AFRL
ENG-US-VR900,thrust_class,900,lbf,SECONDARY_CLAIM,SRC-SFN-IM1-2024,search summary,'900 lbf thrust class' - class label
ENG-US-VR900,thrust,4900,lbf,SECONDARY_CLAIM,SRC-NEWSPACETRACKER-IMPROP,search summary,Tier E aggregator; implausible vs class label; see CF-R2-5
ENG-US-VR900,throttle,10:1,ratio,SECONDARY_CLAIM,SRC-NEWSPACETRACKER-IMPROP,search summary,Tier E
ENG-US-VR900,burn_time,21,s,SECONDARY_CLAIM,SRC-WIKI-IM1,search summary,"IM-1 commissioning burn, full thrust, 2024-02-16"
ENG-US-38ALDW-1500,thrust,1500,lbf,SECONDARY_CLAIM,SRC-WIKI-WACCORPORAL,search excerpt,value seen in search-result excerpt only; document not fetched; 6.7 kN; condition unstated
ENG-US-38ALDW-1500,burn_time,47,s,SECONDARY_CLAIM,SRC-WIKI-WACCORPORAL,search excerpt,value seen in search-result excerpt only; document not fetched
ENG-US-X-405,thrust_vac,30300,lbf,SECONDARY_CLAIM,SRC-WIKI-X405,search excerpt,value seen in search-result excerpt only; document not fetched; 134.8 kN
ENG-US-X-405,thrust_sl,27800,lbf,SECONDARY_CLAIM,SRC-WIKI-X405,search excerpt,value seen in search-result excerpt only; document not fetched; 123.8 kN
ENG-US-5M15,thrust,7500,lbf,SECONDARY_CLAIM,SRC-ENGINEER-5M15,search summary,
ENG-US-XR-4A3,thrust,400,lbf,SECONDARY_CLAIM,SRC-WIKI-EZROCKET,search summary,"1.8 kN each, 2 per EZ-Rocket; regeneratively cooled"
ENG-US-XR-4A3,thrust_vehicle,800,lbf,SECONDARY_CLAIM,SRC-MOJAVE-EZROCKET,search summary,total of two engines
ENG-US-XR-5K18,thrust,2900,lbf,SECONDARY_CLAIM,SRC-WIKI-LYNX,search summary,13 kN; 4 per Lynx
ENG-US-XR-5K18,thrust,2500-2900,lbf,SECONDARY_CLAIM,SRC-SATNEWS-XCOR-2008,search summary,"first hot fire 2008-12-15, Mojave"
ENG-US-XLR10-RM-2,thrust_sl,20800,lbf,SECONDARY_CLAIM,SRC-WIKI-VIKING-SOUNDING-ROCKET,search excerpt,value seen in search-result excerpt only; document not fetched; attribution inferred
ENG-US-XLR10-RM-2,thrust_vac,24800,lbf,SECONDARY_CLAIM,SRC-WIKI-VIKING-SOUNDING-ROCKET,search excerpt,value seen in search-result excerpt only; document not fetched; attribution inferred
ENG-US-XLR10-RM-2,other,"turbopump 10,000 rpm; ~110 lb/s propellant",,SECONDARY_CLAIM,SRC-THISDAY-XLR10,search excerpt,value seen in search-result excerpt only; document not fetched; attribution inferred
ENG-US-XLR11,thrust,6000,lbf,SECONDARY_CLAIM,SRC-WIKI-XLR11,search excerpt,"value seen in search-result excerpt only; document not fetched; max, 4 chambers"
ENG-US-XLR11,thrust,5900,lbf,SECONDARY_CLAIM,SRC-NMUSAF-XLR11,search excerpt,"value seen in search-result excerpt only; document not fetched; 1,475 lbf per chamber"
ENG-US-XLR11,mass,210,lb,SECONDARY_CLAIM,SRC-WIKI-XLR11,search excerpt,value seen in search-result excerpt only; document not fetched; dry
ENG-US-XLR11,mass,345,lb,SECONDARY_CLAIM,SRC-NMUSAF-XLR11,search excerpt,value seen in search-result excerpt only; document not fetched; including turbopump
ENG-US-XLR129-P-1,thrust,250000,lbf,SECONDARY_CLAIM,SRC-WIKI-XLR129,search excerpt,"value seen in search-result excerpt only; document not fetched; initial design target; 350,000 lbf proposed for Shuttle"
ENG-US-XLR25-CW-1,thrust,"2,500-15,000",lbf,SECONDARY_CLAIM,SRC-THISDAY-XLR25,search excerpt,value seen in search-result excerpt only; document not fetched; throttleable range
ENG-US-XLR25-CW-1,thrust,range given,lbf,REPORTED,SRC-NASA-DFRC-FS079,search excerpt,"value seen in search-result excerpt only; document not fetched; NASA fact sheet gives the thrust range (numbers per summary match 2,500-15,000)"
ENG-US-BELL-8048,thrust,15500,lbf,SECONDARY_CLAIM,SRC-WIKI-BELL8000,search excerpt,value seen in search-result excerpt only; document not fetched; 68.9 kN; vac presumed
ENG-US-BELL-8048,burn_time,120,s,SECONDARY_CLAIM,SRC-WIKI-BELL8000,search excerpt,value seen in search-result excerpt only; document not fetched
ENG-US-BELL-8048,isp_vac,276,s,SECONDARY_CLAIM,SRC-WIKI-BELL8000,search excerpt,value seen in search-result excerpt only; document not fetched
ENG-US-BELL-8048,area_ratio,20,,SECONDARY_CLAIM,SRC-WIKI-BELL8000,search excerpt,value seen in search-result excerpt only; document not fetched
ENG-US-BELL-8081,thrust,16000,lbf,SECONDARY_CLAIM,SRC-WIKI-BELL8000,search excerpt,value seen in search-result excerpt only; document not fetched; 71 kN
ENG-US-BELL-8081,area_ratio,45,,SECONDARY_CLAIM,SRC-WIKI-BELL8000,search excerpt,value seen in search-result excerpt only; document not fetched
ENG-US-BELL-8081,isp_vac,293,s,SECONDARY_CLAIM,SRC-WIKI-BELL8000,search excerpt,value seen in search-result excerpt only; document not fetched
ENG-US-BELL-8081,thrust,15890,lbf,SECONDARY_CLAIM,SRC-ASTRONAUTIX-AGENAB,search excerpt,value seen in search-result excerpt only; document not fetched; 70.7 kN
ENG-US-BELL-8096,isp_vac,280,s,SECONDARY_CLAIM,SRC-WIKI-BELL8000,search excerpt,value seen in search-result excerpt only; document not fetched; after nozzle-extension change
ENG-US-BELL-8096,thrust,16006,lbf,SECONDARY_CLAIM,SRC-ASTRONAUTIX-AGENAB,search excerpt,"value seen in search-result excerpt only; document not fetched; 71.2 kN, 291 s - attribution inferred"
ENG-US-BELL-8247,thrust,16006,lbf,SECONDARY_CLAIM,SRC-ASTRONAUTIX-BELL8247,search excerpt,value seen in search-result excerpt only; document not fetched; 71.20 kN
ENG-US-BELL-8247,isp_vac,291,s,SECONDARY_CLAIM,SRC-ASTRONAUTIX-BELL8247,search excerpt,value seen in search-result excerpt only; document not fetched
ENG-US-BELL-8247,burn_time,240,s,SECONDARY_CLAIM,SRC-ASTRONAUTIX-BELL8247,search excerpt,value seen in search-result excerpt only; document not fetched
ENG-US-XLR99-RM-1,thrust_sl,50000,lbf,SECONDARY_CLAIM,SRC-NMUSAF-XLR99,search excerpt,value seen in search-result excerpt only; document not fetched
ENG-US-XLR99-RM-1,thrust,57000,lbf,SECONDARY_CLAIM,SRC-NMUSAF-XLR99,search excerpt,"value seen in search-result excerpt only; document not fetched; at 45,000 ft"
ENG-US-XLR99-RM-1,thrust,57850,lbf,SECONDARY_CLAIM,SRC-NMUSAF-XLR99,search excerpt,"value seen in search-result excerpt only; document not fetched; at 100,000 ft"
ENG-US-XLR99-RM-1,throttle,50-100,%,SECONDARY_CLAIM,SRC-WIKI-XLR99,search excerpt,value seen in search-result excerpt only; document not fetched
ENG-US-XLR99-RM-1,mass,915,lb,SECONDARY_CLAIM,SRC-NMUSAF-XLR99,search excerpt,value seen in search-result excerpt only; document not fetched
ENG-US-XLR99-RM-1,mass,910,lb,SECONDARY_CLAIM,SRC-WIKI-XLR99,search excerpt,value seen in search-result excerpt only; document not fetched; dry
ENG-US-ZENITH,thrust,100000,lbf,SECONDARY_CLAIM,SRC-SPACENEWS-442279,search summary,design; first firing reached 50% for 2 s at Moses Lake on June 5 (year not in summary)
ENG-US-AJ26-62,failure_location,"LOX turbopump, engine E15, Main Engine 1 position (Orb-3, 2014)",-,REPORTED,SRC-NASA-ORB3-IRT,search summary (URL-level),R2: WebSearch result summary only; re-verify.
ENG-US-AJ26-62,thrust_vac,1680,kN,SECONDARY_CLAIM,SRC-KOREASCI-AJ26,search summary,"Korean paper table; 1,510 kN SL"
ENG-US-AJ26-62,thrust_sl,1510,kN,SECONDARY_CLAIM,SRC-KOREASCI-AJ26,search summary,
ENG-US-AJ26-62,isp_vac,331,s,SECONDARY_CLAIM,SRC-KOREASCI-AJ26,search summary,
ENG-US-AJ26-62,isp_sl,297,s,SECONDARY_CLAIM,SRC-KOREASCI-AJ26,search summary,
ENG-US-AJ26-62,thrust_vac,1815,kN,SECONDARY_CLAIM,SRC-SPACEFLIGHT101-ANTARES,search summary,conflict CF-R2-18
ENG-US-AJ26-62,stage_thrust,3265,kN,SECONDARY_CLAIM,SRC-WIKI-ANTARES,search summary,"pair, Antares 100"
ENG-NZ-ARCHIMEDES,thrust_sl,"165,000 lbf (733 kN)",lbf,REPORTED,SRC-RL-ARCH-HOTFIRE-2024,search summary,attribution between release and Neutron page not pinned
ENG-NZ-ARCHIMEDES,thrust_stage,1450000,lbf,REPORTED,SRC-RL-ARCH-HOTFIRE-2024,search summary,9 engines
ENG-NZ-ARCHIMEDES,power_level_test,102,% rated,REPORTED,SRC-RL-ARCH-HOTFIRE-2024,search summary,
ENG-NZ-ARCHIMEDES-VACUUM,thrust_vac,"200,000 lbf (890 kN)",lbf,REPORTED,SRC-RL-NEUTRON-PAGE,search summary,
ENG-NZ-ARCHIMEDES-VACUUM,thrust_vac,"202,300 lbf (900 kN)",lbf,REPORTED,SRC-RL-ARCH-BUILD,search summary,earlier update
ENG-NZ-CURIE,thrust_vac,120,N,SECONDARY_CLAIM,SRC-WIKI-CURIE,search summary,27 lbf
ENG-NZ-CURIE,isp_vac,320,s,SECONDARY_CLAIM,SRC-WIKI-CURIE,search summary,approx
ENG-NZ-HYPERCURIE,thrust_vac,0.4,kN,SECONDARY_CLAIM,SRC-WIKI-ELECTRON,search summary,90 lbf
ENG-NZ-HYPERCURIE,isp_vac,310,s,SECONDARY_CLAIM,SRC-WIKI-ELECTRON,search summary,
ENG-NZ-HYPERCURIE,delta_v_system,>3,km/s,REPORTED,SRC-RL-PHOTON-DOC,search summary,CAPSTONE Photon propulsion system
ENG-NZ-RUTHERFORD,thrust_sl,5600,lbf,REPORTED,SRC-RKLB-PAYLOAD-INCREASE,search summary,"up from 5,500 lbf"
ENG-NZ-RUTHERFORD,isp_sl,311,s,REPORTED,SRC-RKLB-PAYLOAD-INCREASE,search summary,as printed; 311 s at sea level is high for LOX/kerosene and may be a vacuum-referenced value - flag
ENG-NZ-RUTHERFORD,thrust_stage_liftoff,"190 kN (43,000 lbf)",kN,REPORTED,SRC-RL-ELECTRON-PAGE,search summary,9 engines
ENG-NZ-RUTHERFORD,thrust_stage_peak,"224 kN (50,600 lbf)",kN,REPORTED,SRC-RL-ELECTRON-PAGE,search summary,
ENG-NZ-RUTHERFORD,thrust_per_engine_liftoff,21.1,kN,DERIVED,SRC-RL-ELECTRON-PAGE,search summary,190/9
ENG-NZ-RUTHERFORD,thrust_sl,5600,lbf,REPORTED,SRC-ROCKETLAB-UPDATES,search-result summary (no page locator),"'up from 5,500'; relayed via sibling log"
ENG-NZ-RUTHERFORD,thrust_sl,5500,lbf,REPORTED,SRC-ROCKETLAB-UPDATES,search-result summary (no page locator),relayed via sibling log
ENG-NZ-RUTHERFORD,isp_sl,311,s,REPORTED,SRC-ROCKETLAB-UPDATES,search-result summary (no page locator),relayed via sibling log
ENG-NZ-RUTHERFORD-VACUUM,thrust_vac,5800,lbf,REPORTED,SRC-RKLB-PAYLOAD-INCREASE,search summary,
ENG-NZ-RUTHERFORD-VACUUM,isp_vac,343,s,REPORTED,SRC-RKLB-PAYLOAD-INCREASE,search summary,
ENG-NZ-RUTHERFORD-VACUUM,thrust_vac,"25.8 kN (5,800 lbf)",kN,REPORTED,SRC-RL-ELECTRON-PAGE,search summary,
ENG-NZ-RUTHERFORD-VACUUM,thrust_vac,"24 kN (5,500 lbf)",kN,REPORTED,SRC-RL-100TH-RUTHERFORD,search summary,older value; page attribution not pinned
ENG-NZ-RUTHERFORD-VACUUM,thrust_vac,5800,lbf,REPORTED,SRC-ROCKETLAB-UPDATES,search-result summary (no page locator),relayed via sibling log
ENG-NZ-RUTHERFORD-VACUUM,isp_vac,343,s,REPORTED,SRC-ROCKETLAB-UPDATES,search-result summary (no page locator),relayed via sibling log
ENG-NZ-RUTHERFORD-VACUUM,thrust_vac,24,kN,REPORTED,SRC-ROCKETLAB-UPDATES,search-result summary (no page locator),"2022 page, also stated as 5,500 lbf; relayed via sibling log"
ENG-NZ-RUTHERFORD-VACUUM,thrust_vac,5500,lbf,REPORTED,SRC-ROCKETLAB-UPDATES,search-result summary (no page locator),relayed via sibling log
