source_id,title,organization,year,source_type,identifier,url,tier,primary,rights,access,engines
SRC-10JQKA-CQ50,"智神星一号 ... 以苍穹-50为主动力系统 (10jqka, 2026-07-06)",10jqka (同花顺),2026,news article,,https://stock.10jqka.com.cn/20260706/c677960732.shtml,D,tertiary,RIGHTS_REVIEW_REQUIRED,search_result_only,ENG-CN-WELKIN
SRC-163-CZ10-TEST,"CZ-10 first stage 3×YF-100K test, 382 t (NetEase relay of CCTV)",NetEase/CCTV,2024,news article,,https://c.m.163.com/news/a/J4LFD9D80514R9NP.html,D,secondary,RIGHTS_REVIEW_REQUIRED,search_result_only,ENG-CN-YF-100K
SRC-36KR-JZYJ,九州云箭 project page (36Kr PitchHub),36Kr,,company profile,,https://pitchhub.36kr.com/project/1958574193972227,D,tertiary,RIGHTS_REVIEW_REQUIRED,search_result_only,ENG-CN-FENGYUN; ENG-CN-LONGYUN
SRC-3DADEPT-AGILE,Agile Space Industries seed round of $13M,3D ADEPT,,trade news,,https://3dadept.com/agile-space-industries-to-propel-metal-additive-manufacturing-and-hypergolic-propulsion-test-capabilities-thanks-to-seed-round-of-13m/,D,tertiary,VALUES_WITH_ATTRIBUTION,search_result_only,ENG-US-A110; ENG-US-A2200
SRC-3DNATIVES-E2,"Moteur fusée liquide (3Dnatives, 2022-12-07)",3Dnatives,2022,trade news,,https://www.3dnatives.com/moteur-fusee-liquide-07122022/amp/,D,tertiary,VALUES_WITH_ATTRIBUTION,search_result_only,ENG-US-E-2
SRC-3DPI-SKYRORA-70KN,Skyrora's 3D printed rocket engine passes latest 70 kN test,3D Printing Industry,,news article,,https://3dprintingindustry.com/news/skyroras-3d-printed-rocket-engine-passes-latest-70kn-test-211108/,D,tertiary,RIGHTS_REVIEW_REQUIRED,search_result_only,ENG-GB-SKYFORCE-2
SRC-3DPI-V21,Vulcain 2.1 test fired with 3D printed rocket engine parts,3D Printing Industry,,trade press,,https://3dprintingindustry.com/news/vulcain-2-1-test-fired-3d-printed-rocket-engine-parts-lift-off-2020-127970/,E,secondary,RESTRICTED_REFERENCE,search_result_only,ENG-FR-VULCAIN-2-1
SRC-AAMA-SEPR,"SEPR booster document (Asociación de Amigos del Museo del Aire, h2r14-sepr rev2)","AAMA (Museo del Aire, Madrid)",,museum document,,https://aama.es/wp-content/uploads/2026/03/h2r14-sepr.rev2_-compressed.pdf,D,tertiary,RIGHTS_REVIEW_REQUIRED,search_result_only,ENG-FR-SEPR-844
SRC-ACW-302585,On the Road with Safir/Omid (Arms Control Wonk),Arms Control Wonk,,analyst blog,,https://www.armscontrolwonk.com/archive/302585/on-the-road-with-safiromid/,D,tertiary,RIGHTS_REVIEW_REQUIRED,search_result_only,ENG-IR-SAFIR-FIRST-STAGE-ENGINE; ENG-IR-SAFIR-SECOND-STAGE-ENGINE-PAIR
SRC-ACW-502404,What Is North Korea Capable Of? (Arms Control Wonk),Arms Control Wonk,,analyst blog,,https://www.armscontrolwonk.com/archive/502404/what-is-north-korea-capable-of/,D,tertiary,RIGHTS_REVIEW_REQUIRED,search_result_only,ENG-KP-NODONG-ENGINE
SRC-AEHS-RPE,"U.S. Manned Rocket Propulsion Evolution (chapters RPE08.x Saturn, RPE09.x Apollo)",Aircraft Engine Historical Society (enginehistory.org),,historical compilation,"RPE08.10, RPE08.12, RPE08.20, RPE08.30, RPE09.31, RPE09.32",https://enginehistory.org/Rockets/RPE08.11/RPE08.12.shtml,D,secondary,VALUES_WITH_ATTRIBUTION,search_result_only,ENG-US-AJ10-137; ENG-US-F-1
SRC-AEROJET-SPSVALVE-1971,Summary report on Apollo SPS rocket engine bipropellant valve improvement program,Aerojet,1971,NASA CR (contractor report; series unverified),NTRS 19710025470; OCR shows 'NASA 108578' (series designation unverified),https://ntrs.nasa.gov/api/citations/19710025470/downloads/19710025470.pdf,B,primary,RIGHTS_REVIEW_REQUIRED,fetched,ENG-US-AJ10-137
SRC-AF-IPD-2006,New rocket engine combustion cycle technology testing reaches 100 percent power level,US Air Force (WPAFB / af.mil),2006,agency news release,,https://www.wpafb.af.mil/News/Article-Display/Article/401448/new-rocket-engine-combustion-cycle-technology-testing-reaches-100-power-level,A,primary,PUBLIC_DOMAIN_GOV,not_retrieved,ENG-US-IPD
SRC-AFRL-BROADSWORD-2019,"AFRL, Masten Space Systems Inc., NASA collaborate on successful testing of methane engine",AFRL / Edwards AFB,2020,government news,,https://www.edwards.af.mil/News/AFMC-News/Article/2087139/afrl-nasa-industry-achieve-successful-liquid-methane-engine-test/,A,primary,PUBLIC_DOMAIN_GOV,search_result_only,ENG-US-BROADSWORD
SRC-AG-10N,10 N bipropellant thruster (ArianeGroup datasheet page),ArianeGroup,,manufacturer datasheet,,https://space-propulsion.com/spacecraft-propulsion/bipropellant-thrusters/10-bipropellant-thrusters.html,A,primary,VALUES_WITH_ATTRIBUTION,search_result_only,ENG-EU-S10-10-N-BIPROPELLANT-THRUSTER
SRC-AG-200N,200N bipropellant thrusters (ArianeGroup space-propulsion.com),ArianeGroup,,manufacturer datasheet,,https://space-propulsion.com/spacecraft-propulsion/bipropellant-thrusters/200n-bipropellant-thrusters.html,A,primary,VALUES_WITH_ATTRIBUTION,search_result_only,ENG-EU-200-N-BIPROPELLANT-THRUSTER-ATV; ENG-EU-ESM-RCS-220-N
SRC-AG-APOGEE,Apogee motors (ArianeGroup space-propulsion.com),ArianeGroup,,manufacturer datasheet,,https://space-propulsion.com/spacecraft-propulsion/apogee-motors/,A,primary,VALUES_WITH_ATTRIBUTION,search_result_only,ENG-EU-S400-12; ENG-EU-S400-15
SRC-AIAA-97-2685,AIAA 97-2685 (SSME low power level operation; title unverified),Rocketdyne / AIAA,1997,AIAA paper,AIAA 97-2685; NTRS 19970028361,https://ntrs.nasa.gov/api/citations/19970028361/downloads/19970028361.pdf,B,primary,RIGHTS_REVIEW_REQUIRED,search_result_only,ENG-US-SSME-BLOCK-II
SRC-AIAA-97-2687,Space Shuttle Main Engine Start with Off-Nominal Propellant Inlet Pressures,Boeing Rocketdyne / AIAA,1997,AIAA paper,AIAA 97-2687; NTRS 19970028362,https://ntrs.nasa.gov/api/citations/19970028362/downloads/19970028362.pdf,A,primary,RIGHTS_REVIEW_REQUIRED,fetched,ENG-US-SSME-BLOCK-II
SRC-AIAA-HUZELHUANG-1992,Modern Engineering for Design of Liquid-Propellant Rocket Engines (Progress in Astronautics and Aeronautics v.147),AIAA,1992,book,PAA v.147,,C,secondary,RESTRICTED_REFERENCE,search_result_only,
SRC-AIAA-PAPERS,AIAA conference papers / journal articles (class),AIAA,,AIAA paper,DOI 10.2514/...,https://arc.aiaa.org/,B,primary,RESTRICTED_REFERENCE,not_retrieved,
SRC-AIAA-SUTTON-HISTORY,History of Liquid Propellant Rocket Engines,AIAA,2006,book,ISBN unverified,,C,secondary,RESTRICTED_REFERENCE,not_retrieved,
SRC-AIAA-VEHGUIDE-ATLAS,AIAA Vehicle Guide: Atlas - vehicle design,AIAA,,professional-society web reference,,https://aiaa.org/vehicle-guide/vehicles/atlas/vehicle-design,B,secondary,RIGHTS_REVIEW_REQUIRED,not_retrieved,ENG-US-RL10A-4-2
SRC-AIAA-VEHGUIDE-DELTA,AIAA Vehicle Guide: Delta - vehicle design,AIAA,,professional-society web reference,,https://aiaa.org/vehicle-guide/vehicles/delta/vehicle-design,B,secondary,RIGHTS_REVIEW_REQUIRED,not_retrieved,ENG-US-RL10B-2
SRC-AIAA-VG-ARIANE,Vehicle guide: Ariane - vehicle design,AIAA (web vehicle guide),,web encyclopedia,,https://aiaa.org/vehicle-guide/vehicles/ariane/vehicle-design,D,tertiary,RIGHTS_REVIEW_REQUIRED,search_result_only,ENG-EU-VULCAIN; ENG-FR-HM7B; ENG-FR-VULCAIN-2
SRC-AIAA-VG-H2A,Vehicle Design - H-IIA/H-IIB (AIAA Vehicle Guide),AIAA,,professional society web page,,https://aiaa.org/vehicle-guide/vehicles/h-iia-h-iib/vehicle-design,D,tertiary,RIGHTS_REVIEW_REQUIRED,search_result_only,ENG-JP-LE-7A
SRC-AIRFRAMER-FRONTIER-2026,Frontier Aerospace M-Series release (Aug 2026),Airframer (press release relay),2026,press release,,https://www.airframer.com/news/release/87949,D,tertiary,VALUES_WITH_ATTRIBUTION,search_result_only,
SRC-AIRPORTTECH-PEREGRINE,Peregrine lunar lander (project page),Airport Technology,,trade press,,https://www.airport-technology.com/projects/peregrine-lunar-lander/,D,tertiary,VALUES_WITH_ATTRIBUTION,search_result_only,ENG-US-FRONTIER-DSE
SRC-AIRPORTTECH-PHX,Phoenix Mars Lander project profile,airport-technology.com,,web article,,https://www.airport-technology.com/projects/phoenixmarslander/,E,tertiary,METADATA_ONLY,search_result_only,ENG-US-MR-107N
SRC-AIRPORTTECH-TERRAN1,Terran 1 3D printed rocket (project page),Airport Technology,,trade press,,https://www.airport-technology.com/projects/terran-1-3d-printed-rocket/,D,tertiary,VALUES_WITH_ATTRIBUTION,search_result_only,ENG-US-AEON-1; ENG-US-AEON-VAC
SRC-AJRD-PR-MR104G,Thrusters with additively manufactured components qualified to fly humans on NASA's Orion spacecraft (Aerojet Rocketdyne release),Aerojet Rocketdyne,2018,press release,,https://www.einpresswire.com/article/466591828/thrusters-with-additively-manufactured-components-qualified-to-fly-humans-on-nasa-s-orion-spacecraft,A,primary,VALUES_WITH_ATTRIBUTION,search_result_only,ENG-US-MR-104G
SRC-ALTERNATEWARS-RKD,North American Rocketdyne / Boeing Rocketdyne Space Engines (1955-2005),alternatewars.com (BBOW),,web encyclopedia,,https://www.alternatewars.com/BBOW/Space_Engines/Rocketdyne_Engines.htm,E,secondary,RIGHTS_REVIEW_REQUIRED,search_result_only,ENG-US-NAA-75-110-A-7
SRC-AMD-VECTOR-2017,Vector Space Systems 3D printed engine (2017-01-04),Aerospace Manufacturing and Design,2017,trade news,,https://www.aerospacemanufacturinganddesign.com/news/vector-space-systems-3d-printed-engine-010417,D,tertiary,VALUES_WITH_ATTRIBUTION,search_result_only,ENG-US-LP-2
SRC-AMPAC-JUNO-2011,LEROS Engine Propels the Juno Spacecraft on Its Historic Voyage to Jupiter (AMPAC 2011 release),American Pacific Corp (via SpaceRef),2011,press release,,https://spaceref.com/?p=61608,A,primary,VALUES_WITH_ATTRIBUTION,search_result_only,ENG-GB-LEROS-1B
SRC-ANANTAM-LVM3-SC,LVM3 Semi-Cryogenic Upgrade: Full-Thrust Power-Head Test,Anantam IAS,,study-guide page,,https://anantamias.com/current-affairs/lvm3-semicryogenic-full-thrust-test/?pdf=1,E,tertiary,RIGHTS_REVIEW_REQUIRED,search_result_only,ENG-IN-SCE-200
SRC-ANANTAM-VIKAS,"Vikas Engine: Viking Roots, Hypergolic Fuel and Its Gaganyaan Role",Anantam IAS,,study-guide page,,https://anantamias.com/vikas-engine/,E,tertiary,RIGHTS_REVIEW_REQUIRED,search_result_only,ENG-IN-VIKAS; ENG-IN-VIKAS-4; ENG-IN-VIKAS-4B; ENG-IN-VIKAS-X
SRC-APOLLO9-SPS-FFE,Apollo 9 Service Propulsion System Final Flight Evaluation,NASA MSC,1969,project technical report,ibiblio 19700019020,https://ibiblio.org/apollo/Documents/19700019020.pdf,A,primary,RIGHTS_REVIEW_REQUIRED,search_result_only,ENG-US-AJ10-137
SRC-APOLLOMANIACS-F1,Apollo Maniacs: F-1 engine page,apollomaniacs.com,,web encyclopedia,,https://apollomaniacs.com/apollo/sv_f1e.htm,E,secondary,RIGHTS_REVIEW_REQUIRED,search_result_only,ENG-US-F-1
SRC-APOLLOMANIACS-SV,Saturn V S-IC / S-II pages,apollomaniacs.com,,fan web page,sv_s1ce.htm; sv_s2e.htm,https://apollomaniacs.com/apollo/sv_s1ce.htm,E,tertiary,UNKNOWN,search_result_only,
SRC-APS-GODDARD,"This Month in Physics History: March 16, 1926 Goddard",American Physical Society (APS News),2001,web encyclopedia,,https://aps.org/publications/apsnews/200103/history.cfm,D,secondary,RIGHTS_REVIEW_REQUIRED,search_result_only,ENG-US-GODDARD-1926-LIQUID-ROCKET-MOTOR
SRC-AR-AR1-CDR-2015,Aerojet Rocketdyne successfully completes major design milestone for AR1 engine (2015-12-17),Aerojet Rocketdyne (via Space Foundation),2015,press release,,https://www.spacefoundation.org/2015/12/17/aerojet-rocketdyne-successfully-completes-major-design-milestone-for-ar1-engine-to-meet-2019-deadline/,A,primary,VALUES_WITH_ATTRIBUTION,search_result_only,ENG-US-AR1
SRC-AR-STARLINER-2016,Aerojet Rocketdyne delivers first set of propulsion hardware for Boeing's Starliner spacecraft (2016-10-18) and LAE hot-fire tests (2016-10-31),Aerojet Rocketdyne (via Space Foundation Partner News),2016,press release,,https://www.spacefoundation.org/2016/10/18/aerojet-rocketdyne-delivers-first-set-of-propulsion-hardware-for-boeings-starliner-spacecraft/,A,primary,VALUES_WITH_ATTRIBUTION,search_result_only,ENG-US-STARLINER-LAE; ENG-US-STARLINER-OMAC; ENG-US-STARLINER-RCS
SRC-ARG-GOB-390734,Presidencia de la Nación release (node 390734) on Tronador II engine tests at Valthe,Gobierno de Argentina,,government press release,,https://www.argentina.gob.ar/node/390734,A,primary,RIGHTS_REVIEW_REQUIRED,search_result_only,ENG-AR-RS-2
SRC-ARIANESPACE-SOYUZ-UM-2012,"Soyuz User's Manual (CSG), Issue 2, March 2012",Arianespace,,launch-vehicle user's manual,,https://courses.edx.org/asset-v1:DelftX+AEASM1x+1T2023+type@asset+block/Soyuz-Users-Manual-March-2012.pdf,A,primary,RESTRICTED_REFERENCE,not_retrieved,ENG-SU-RD-107A; ENG-SU-RD-108A
SRC-ARMAGH-BLUESTREAK,Blue Streak: UK's cold war rocket,Armagh Observatory and Planetarium,,museum web page,,https://armaghplanet.com/blue-streak-uks-cold-war-rocket.html,D,secondary,RIGHTS_REVIEW_REQUIRED,search_result_only,ENG-GB-RZ-2
SRC-ARMEDCONFLICTS-ENZIAN,Enzian (forum/encyclopedia entry),armedconflicts.com,,forum,,https://www.armedconflicts.com/-t12454,E,tertiary,UNKNOWN,search_result_only,ENG-DE-HWK-109-739; ENG-DE-KONRAD-VFK-613-A01
SRC-ARMSCONTROL-2008,"Iran Space Launch Raises Missile Concerns (Arms Control Today, Sep 2008)",Arms Control Association,2008,news article,,https://www.armscontrol.org/act/2008_09/IranSpace,D,tertiary,RIGHTS_REVIEW_REQUIRED,search_result_only,ENG-IR-SAFIR-SECOND-STAGE-ENGINE-PAIR
SRC-ARXIV-2107-06795,Mercury Lander: Planetary Mission Concept Study for the 2023-2032 Decadal Survey,JHU APL et al. (arXiv),2021,mission concept study,,https://arxiv.org/pdf/2107.06795,B,secondary,RIGHTS_REVIEW_REQUIRED,search_result_only,ENG-US-STARLINER-OMAC; ENG-US-STARLINER-RCS
SRC-ASME-RL10,RL10 Rocket Engine - A National Historic Mechanical Engineering Landmark,ASME,,professional society landmark brochure,,https://www.asme.org/wwwasmeorg/media/ResourceFiles/AboutASME/Who%20We%20Are/Engineering%20History/Landmarks/36-RL-10-Rocket-Engine.pdf,B,secondary,RESTRICTED_REFERENCE,search_result_only,ENG-US-RL10A-1
SRC-ASTRA-R31-PRESSKIT,Rocket 3.1 Launch Press Kit,Astra,2020,manufacturer press kit,,https://astra.com/wp-content/uploads/2020/08/Rocket-3.1-Launch-Press-Kit.pdf,A,primary,VALUES_WITH_ATTRIBUTION,search_result_only,ENG-US-DELPHIN
SRC-ASTRONAUTIX,Encyclopedia Astronautica (astronautix.com),Mark Wade,,web encyclopedia,,http://www.astronautix.com/,D,tertiary,RESTRICTED_REFERENCE,dead_link,
SRC-ASTRONAUTIX-AGENAB,Agena B / Agena A,Encyclopedia Astronautica,,web encyclopedia,,http://www.astronautix.com/a/agenab.html,D,secondary,RIGHTS_REVIEW_REQUIRED,search_result_only,ENG-US-BELL-8081; ENG-US-BELL-8096
SRC-ASTRONAUTIX-BELL8247,Bell 8247,Encyclopedia Astronautica,,web encyclopedia,,http://www.astronautix.com/b/bell8247.html,D,secondary,RIGHTS_REVIEW_REQUIRED,search_result_only,ENG-US-BELL-8247
SRC-ASTRONAUTIX-J2,"J-2 (Astronautix, via mirror dcmpx.remotevs.com)",Astronautix (Mark Wade),,web encyclopedia,,https://dcmpx.remotevs.com/com/astronautix/www/PL/j/j-2.html,D,tertiary,RIGHTS_REVIEW_REQUIRED,search_result_only,ENG-US-J-2
SRC-ASTRONAUTIX-LE5,LE-5 (Astronautix mirror),Astronautix (Mark Wade),,web encyclopedia,,https://dcmpx.remotevs.com/com/astronautix/www/PL/l/le-5.html,D,secondary,RIGHTS_REVIEW_REQUIRED,search_result_only,ENG-JP-LE-5
SRC-ASTRONAUTIX-LR105-7,LR105-7,Encyclopedia Astronautica,,web encyclopedia,,http://www.astronautix.com/l/lr105-7.html,D,secondary,RIGHTS_REVIEW_REQUIRED,search_result_only,ENG-US-LR105-NA-7
SRC-ASTRONAUTIX-LR79,LR79,Encyclopedia Astronautica,,web encyclopedia,,http://www.astronautix.com/l/lr79.html,D,secondary,RIGHTS_REVIEW_REQUIRED,search_result_only,ENG-US-MB-3-1; ENG-US-RS-27
SRC-ASTRONAUTIX-LR87,LR87-3 / LR87-5 / LR87-7 / LR87-11 pages,Astronautix,,web encyclopedia,,http://www.astronautix.com/l/lr87-5.html,D,tertiary,RIGHTS_REVIEW_REQUIRED,search_result_only,ENG-US-LR87-AJ-11; ENG-US-LR87-AJ-3; ENG-US-LR87-AJ-5; ENG-US-LR87-AJ-7
SRC-ASTRONAUTIX-LR89-7,LR89-7,Encyclopedia Astronautica,,web encyclopedia,,http://www.astronautix.com/l/lr89-7.html,D,secondary,RIGHTS_REVIEW_REQUIRED,search_result_only,ENG-US-LR89-NA-7
SRC-ASTRONAUTIX-RD58,RD-58 (Astronautix mirror),Encyclopedia Astronautica (mirror),,web encyclopedia,,https://dcmpx.remotevs.com/com/astronautix/PL/r/rd-58.html,D,tertiary,RESTRICTED_REFERENCE,search_result_only,ENG-SU-11D58M
SRC-ASTRONAUTIX-RL10,RL-10,Encyclopedia Astronautica (Mark Wade),,web encyclopedia,,http://www.astronautix.com/r/rl-10.html,D,secondary,RIGHTS_REVIEW_REQUIRED,search_result_only,ENG-US-RL10A-1; ENG-US-RL10A-3
SRC-ASTRONAUTIX-XLR43,XLR43-NA-1,Encyclopedia Astronautica,,web encyclopedia,,http://www.astronautix.com/x/xlr43-na-1.html,D,secondary,RIGHTS_REVIEW_REQUIRED,search_result_only,ENG-US-XLR43-NA-1
SRC-ASTRONAUTIX-XLR71,XLR71-NA-1,Encyclopedia Astronautica,,web encyclopedia,,http://www.astronautix.com/x/xlr71-na-1.html,D,secondary,RIGHTS_REVIEW_REQUIRED,search_result_only,ENG-US-XLR71-NA-1; ENG-US-XLR83-NA-1
SRC-ATALAYAR-M5,PLD's challenges 18 months after the announced maiden flight of its Miura 5 rocket (2024-07-22),Atalayar,2024,news article,,https://www.atalayar.com/en/articulo/new-technologies-innovation/ldps-challenges-18-months-after-the-announced-maiden-flight-of-its-miura-5-rocket/20240722120045203166.html,D,tertiary,RIGHTS_REVIEW_REQUIRED,search_result_only,ENG-ES-TEPREL-C
SRC-AVIATIONIST-L1-2020,Virgin Orbit performs first test launch of LauncherOne (2020-05-27),The Aviationist,2020,news,,https://theaviationist.com/2020/05/27/virgin-orbit-performs-first-test-launch-of-launcherone-rocket-but-debut-flight-fails/,E,tertiary,VALUES_WITH_ATTRIBUTION,search_result_only,ENG-US-NEWTONFOUR
SRC-AVWEEK-RD0120-EU,Europeans sponsor tests of Russian rocket engines,Aviation Week,,trade press,,https://ngstage.aviationweek.com/europeans-sponsor-tests-russian-rocket-engines,D,tertiary,RESTRICTED_REFERENCE,paywalled,ENG-SU-RD-0120
SRC-AWESOMESTORIES-F1NASA,F-1 engine description (reproduction of NASA text credited to the Apollo 11 Flight Journal),awesomestories.com (reproducing NASA),,reproduction of NASA text,,https://www.awesomestories.com/pdf/make/129246,D,tertiary,PUBLIC_DOMAIN_GOV,search_result_only,ENG-US-F-1
SRC-AWM-ENZIAN,Enzian anti-aircraft missile (C1119738),Australian War Memorial,,museum catalogue,,https://www.awm.gov.au/collection/C1119738,D,secondary,RIGHTS_REVIEW_REQUIRED,search_result_only,ENG-DE-KONRAD-VFK-613-A01
SRC-BCAR-BLUESTEEL,Avro Blue Steel Nuclear Missile,BCAR (British Cold War aviation site),,web history article,,https://bcar.org.uk/blue-steel-missile,E,tertiary,UNKNOWN,search_result_only,ENG-GB-STENTOR
SRC-BHARATNOTES-CRYO,What is a Cryogenic Engine? (study notes),BharatNotes,,study-guide page,,https://bharatnotes.com/resources/key-terms/cryogenic-engine--01-space-technology/,E,tertiary,RIGHTS_REVIEW_REQUIRED,search_result_only,ENG-IN-CE-20; ENG-IN-CE-7-5; ENG-IN-CE-7-5-STEERING-ENGINE
SRC-BILI-CV15113396,Bilibili column cv15113396 (Chinese engine parameter compilation),Bilibili user column,,blog,,https://www.bilibili.com/read/cv15113396,E,tertiary,RIGHTS_REVIEW_REQUIRED,search_result_only,ENG-CN-YF-100; ENG-CN-YF-100K; ENG-CN-YF-100M
SRC-BJNEWS-THUNDER,"深蓝航天 report (Beijing News, 2022)",新京报,2022,news article,,https://m.bjnews.com.cn/detail/166549397014185.html,D,tertiary,RIGHTS_REVIEW_REQUIRED,search_result_only,ENG-CN-LEIYU-THUNDER-R1
SRC-BJNEWS-TQ15A,Beijing News article on TQ-15A,Beijing News (新京报),,news article,,https://www.bjnews.com.cn/detail/1750246849129142.html,D,secondary,RIGHTS_REVIEW_REQUIRED,search_result_only,ENG-CN-TQ-15A
SRC-BLOG-STEVE-RL10,Pratt & Whitney RL-10 rocket engine (blog post),steve.blog,2010,blog,,https://steve.blog/2010/09/19/pratt-whitney-rl-10-rocket-engine/,E,tertiary,RESTRICTED_REFERENCE,search_result_only,ENG-US-RL10A-3
SRC-BLUE-2013-BE3-RELEASE,Blue Origin 2013 release debuting BE-3 (blueorigin.com/news/blue-origin-debuts-...),Blue Origin,2013,press release,,,A,primary,VALUES_WITH_ATTRIBUTION,search_result_only,ENG-US-BE-3PM
SRC-BLUE-BE3-ACCEPT,Blue Origin Completes Acceptance Testing of BE-3 Engine for New Shepard Suborbital Flight,Blue Origin,,manufacturer news release,,https://www.blueorigin.com/news/blue-origin-completes-acceptance-testing-of-be-3-engine-for-new-shepard-suborbital-flight,A,primary,VALUES_WITH_ATTRIBUTION,search_result_only,ENG-US-BE-3PM
SRC-BLUE-BE3-DEBUT,Blue Origin Debuts the American-made BE-3 Liquid Hydrogen Rocket Engine,Blue Origin,,manufacturer news release,,https://www.blueorigin.com/news/blue-origin-debuts-the-american-made-be-3-liquid-hydrogen-rocket-engine,A,primary,VALUES_WITH_ATTRIBUTION,search_result_only,ENG-US-BE-3PM
SRC-BLUE-BE7-TEST,Blue Origin's BE-7 Engine Testing Further Demonstrates Capability to Land on the Moon,Blue Origin,,manufacturer news release,,https://www.blueorigin.com/news/be7-engine-testing,A,primary,VALUES_WITH_ATTRIBUTION,search_result_only,ENG-US-BE-7
SRC-BLUE-ENGINES,Blue Engines page,Blue Origin,,manufacturer web page,,https://www.blueorigin.com/engines,A,primary,VALUES_WITH_ATTRIBUTION,search_result_only,ENG-US-BE-1; ENG-US-BE-2; ENG-US-BE-3PM; ENG-US-BE-3U; ENG-US-BE-4; ENG-US-BE-7
SRC-BLUE-ENGINES-PAGE,Blue Origin engines web page,Blue Origin,,manufacturer web page,,,A,primary,VALUES_WITH_ATTRIBUTION,search_result_only,ENG-US-BE-3PM; ENG-US-BE-3U; ENG-US-BE-4
SRC-BLUE-NEWGLENN-PAGE,Blue Origin New Glenn web page,Blue Origin,,manufacturer web page,,https://www.blueorigin.com/new-glenn,A,primary,VALUES_WITH_ATTRIBUTION,search_result_only,ENG-US-BE-4
SRC-BLUE-NEWS-BE3U-MISC,Blue Origin news releases citing earlier BE-3U ratings (pages not pinned),Blue Origin,,manufacturer news release,,https://www.blueorigin.com/news/new-glenn-completes-second-stage-hotfire,A,primary,VALUES_WITH_ATTRIBUTION,search_result_only,ENG-US-BE-3U
SRC-BLUE-NG-UPGRADE,"New Glenn Update: upgraded engines, subcooled components drive enhanced performance",Blue Origin,,manufacturer news release,,https://www.blueorigin.com/news/new-glenn-upgraded-engines-subcooled-components-drive-enhanced-performance,A,primary,VALUES_WITH_ATTRIBUTION,search_result_only,ENG-US-BE-3U
SRC-BLUE-PRESS-BE3U-UPDATES,Blue Origin New Glenn updates/releases giving BE-3U thrust,Blue Origin,,press release / update,,,A,primary,VALUES_WITH_ATTRIBUTION,search_result_only,ENG-US-BE-3U
SRC-BLUE-PRESS-BE4-EARLY,Blue Origin / ULA press releases (earlier BE-4 rating),Blue Origin,,press release,,,A,primary,VALUES_WITH_ATTRIBUTION,search_result_only,ENG-US-BE-4
SRC-BLUE-ULA-PARTNERSHIP,ULA and Blue Origin Announce Partnership To Develop New American Rocket Engine,Blue Origin,2014,manufacturer news release,,https://www.blueorigin.com/news/ula-and-blue-origin-announce-partnership-to-develop-new-american-rocket-engine,A,primary,VALUES_WITH_ATTRIBUTION,search_result_only,ENG-US-BE-4
SRC-BLUE-VULCAN-DELIVERY,Blue Origin Completes the Delivery of Flight Engines to ULA for Vulcan's Initial Launch,Blue Origin,,manufacturer news release,,https://www.blueorigin.com/news/blue-origin-completes-the-delivery-of-flight-engines-to-ula-for-vulcan-initial-launch,A,primary,VALUES_WITH_ATTRIBUTION,search_result_only,ENG-US-BE-4
SRC-BOEING-2000-MB60,Boeing Rocketdyne and Mitsubishi Heavy Industries Partner To Develop New Upper Stage Rocket Engine (2000-02-14),Boeing,2000,manufacturer press release,,https://boeing.mediaroom.com/2000-02-14-Boeing-Rocketdyne-and-Mitsubishi-Heavy-Industries-Partner-To-Develop-New-Upper-Stage-Rocket-Engine,A,primary,RIGHTS_REVIEW_REQUIRED,search_result_only,ENG-JP-MB-60
SRC-BOEING-RS72-2000,Rocketdyne-Astrium RS-72 Engine Testing Successfully Completed at White Sands (22 Jun 2000),Boeing,2000,manufacturer press release,,https://boeing.mediaroom.com/2000-06-22-Rocketdyne-Astrium-RS-72-Engine-Testing-Successfully-Completed-at-White-Sands,A,primary,RIGHTS_REVIEW_REQUIRED,search_result_only,ENG-DE-AESTUS-II
SRC-BRUEGGE,Norbert Brügge - Space Launch Vehicles / B14643.de pages,Norbert Brügge,,web encyclopedia,,https://www.b14643.de/,D,tertiary,RESTRICTED_REFERENCE,dead_link,
SRC-BURAN-ENERGIA-CARAC,Energia characteristics,buran-energia.com,,enthusiast web encyclopedia,,https://www.buran-energia.com/energia/energia-carac.php,D,tertiary,RIGHTS_REVIEW_REQUIRED,search_result_only,ENG-SU-RD-0120
SRC-BW-SIERRA-VORTEX-1500-2023,"Sierra Space Expands VORTEX Product Line with New 1,500 lbf Hypergolic Engine (2023-04-05)",Sierra Space (BusinessWire),2023,press release,,https://www.businesswire.com/news/home/20230405005083/en/CORRECTING-and-REPLACING-PHOTO-Sierra-Space-Expands-VORTEX%C2%AE-Product-Line-with-New-1500-lbf-Hypergolic-Engine,A,primary,VALUES_WITH_ATTRIBUTION,search_result_only,ENG-US-VORTEX-1500-LBF-HYPERGOLIC
SRC-CALTECH-THESIS310,Gas Generation by Chemical Reaction for Pressurizing Liquid Rocket Propellants,California Institute of Technology,,thesis,,https://thesis.library.caltech.edu/310/,B,secondary,RESTRICTED_REFERENCE,search_result_only,ENG-US-38ALDW-1500; ENG-US-XF30L20000
SRC-CHANAKYA-DHAWAN1,Dhawan-1: Skyroot test-fires India's first privately built cryogenic rocket engine,Chanakya Mandal (study site),,study-guide page,,https://lms.chanakyamandal.org/current-event/dhawan-1-skyroot-test-fires-indias-first-privately-built-cryogenic-rocket-engine,E,tertiary,RIGHTS_REVIEW_REQUIRED,search_result_only,ENG-IN-DHAWAN-1
SRC-CHINADAILY-YF209,China Daily (Chinese) 2024-11-14 Zhuhai airshow AALPT engines,China Daily,2024,news article,,https://cn.chinadaily.com.cn/a/202411/14/WS6735fe2ea310b59111da37c3.html,D,secondary,RIGHTS_REVIEW_REQUIRED,search_result_only,ENG-CN-YF-209
SRC-CLARK-GODDARD,The Goddard Rocket Researches: A Photographic Record,Clark University Digital Commons,,archival photograph collection with captions,,https://commons.clarku.edu/goddardphotographs/276,B,primary,RIGHTS_REVIEW_REQUIRED,search_result_only,ENG-US-GODDARD-P-SERIES-PUMP-FED-ENGINE
SRC-CLASSICISTRANIERI-VULCAIN,Vulcain (rocket engine) [old Wikipedia snapshot],wikipedia.classicistranieri.com,,web encyclopedia,,https://wikipedia.classicistranieri.com/en/articles/v/u/l/Vulcain_%28rocket_engine%29.html,D,tertiary,OPEN_LICENSE,search_result_only,ENG-FR-VULCAIN-2
SRC-CNES-A5-TECH,Ariane 5 - Technical features,CNES,,agency web page,,https://ariane5.cnes.fr/en/technical-features-0,A,primary,RIGHTS_REVIEW_REQUIRED,search_result_only,ENG-FR-HM7B; ENG-FR-VULCAIN-2
SRC-CNES-MENTIONS-LEGALES,CNES Mentions légales,CNES,,agency web page,,https://cnes.fr/mentions-legales,A,primary,RESTRICTED_REFERENCE,search_result_only,
SRC-CNSA-SITE,CNSA website (cnsa.gov.cn) copyright statement,CNSA,,agency web page,,https://www.cnsa.gov.cn/,A,primary,UNKNOWN,not_retrieved,
SRC-COBEM09-0532,COBEM 2009 paper COB09-0532 (IAE liquid engine),ABCM,2009,conference paper,,https://www.abcm.org.br/anais/cobem/2009/pdf/COB09-0532.pdf,B,secondary,RIGHTS_REVIEW_REQUIRED,search_result_only,ENG-BR-L5
SRC-COLDFACTS-DHAWAN1,Startup displays India's first privately developed 3D-printed cryogenic engine (2021-12-16),Cold Facts (CSA),2021,news article,,https://cold-facts.org/2021/12/16/startup_displays_indias_first_privately_developed_3d-printed_cryogenic_engine/,D,tertiary,RIGHTS_REVIEW_REQUIRED,search_result_only,ENG-IN-DHAWAN-1
SRC-CONTROL-E2-TEST,Launcher's 3D-Printed E-2 Engine Successfully Completes Test Fire,Control.com,,trade news,,https://control.com/news/launchers-3d-printed-e-2-engine-successfully-completes-test-fire/,D,tertiary,VALUES_WITH_ATTRIBUTION,search_result_only,ENG-US-E-2
SRC-COSMOQUEST-17618,Rocket boosters (forum thread 17618),CosmoQuest forum,,forum post,,https://forum.cosmoquest.org/forum/the-proving-grounds/conspiracy-theories/17618-rocket-boosters,E,tertiary,RIGHTS_REVIEW_REQUIRED,search_result_only,ENG-US-F-1
SRC-CPIA-JANNAF-LPM,CPIA/JANNAF Liquid Propellant Manual (CPIA M-4) and JANNAF proceedings,CPIA / JHU-APL (now ERG),,restricted handbook,CPIA M-4 (background knowledge),,B,primary,RESTRICTED_REFERENCE,not_retrieved,
SRC-CSIS-HS14,Hwasong-14 (KN-20) (CSIS Missile Threat),CSIS,,think-tank web page,,https://missilethreat.csis.org/missile/hwasong-14/,D,tertiary,RIGHTS_REVIEW_REQUIRED,search_result_only,ENG-KP-HWASONG-14-15-MAIN-ENGINE-PAEKTUSAN; ENG-KP-HWASONG-14-MAIN-ENGINE
SRC-CSIS-SIMORGH,Simorgh (CSIS Missile Threat),CSIS,,think-tank web page,,https://missilethreat.csis.org/missile/simorgh/,D,tertiary,RIGHTS_REVIEW_REQUIRED,search_result_only,ENG-IR-SIMORGH-FIRST-STAGE-ENGINE-CLUSTER; ENG-IR-SIMORGH-SECOND-STAGE-ENGINES
SRC-CYCLOWIKI-RD214,РД-214,Cyclowiki,,web encyclopedia (ru),,https://cyclowiki.org/wiki/%D0%A0%D0%94-214,D,tertiary,RESTRICTED_REFERENCE,search_result_only,ENG-SU-RD-214
SRC-DARLING-VIKING,Viking rocket,David Darling Encyclopedia,,web encyclopedia,,https://www.daviddarling.info/encyclopedia/V/Viking_rocket.html,E,secondary,RIGHTS_REVIEW_REQUIRED,search_result_only,ENG-US-XLR10-RM-2
SRC-DARPA-XS1-2017,Next generation spaceplane (DARPA news 2017-05-24),DARPA,2017,agency news,,https://www.darpa.mil/news/2017/next-generation-spaceplane,A,primary,PUBLIC_DOMAIN_GOV,search_result_only,ENG-US-AR22
SRC-DEFENSEDAILY-AGILE,Lockheed Martin invests in space engine company Agile Space Industries,Defense Daily,,news,,https://defensedaily.com/lockheed-martin-invests-in-space-engine-company-agile-space-industries/business-financial,D,tertiary,VALUES_WITH_ATTRIBUTION,search_result_only,ENG-US-A2200
SRC-DESIGNSYS-RM81,Lockheed RM-81 Agena,Designation-Systems.net (Andreas Parsch),,web encyclopedia,,https://www.designation-systems.net/dusrm/app1/rm-81.html,D,secondary,RIGHTS_REVIEW_REQUIRED,search_result_only,ENG-US-BELL-8096
SRC-DEUTSCHESMUSEUM-A4,Raketenmotor A-4 (Flugwerft Schleissheim exhibit),Deutsches Museum,,museum web page,,https://www.deutsches-museum.de/en/flugwerft-schleissheim/ausstellung/exponate/translate-to-english-raumfahrt/translate-to-english-raketenmotor-a-4,D,secondary,RESTRICTED_REFERENCE,search_result_only,ENG-DE-A4-ENGINE
SRC-DEUTSCHESMUSEUM-EUROPA,Europa rocket (Flugwerft Schleissheim exhibit),Deutsches Museum,,museum web page,,https://www.deutsches-museum.de/en/flugwerft-schleissheim/exhibition/aero-engines-and-rockets/europa-rocket,D,secondary,RIGHTS_REVIEW_REQUIRED,search_result_only,ENG-DE-ASTRIS; ENG-FR-CORALIE-ENGINE
SRC-DHMUSEUM-SPECTRE,de Havilland Spectre Rocket / Super Sprite,de Havilland Aircraft Museum,,museum web page,,https://www.dehavillandmuseum.co.uk/aircraft/de-havilland-spectre-rocket/,D,secondary,RIGHTS_REVIEW_REQUIRED,search_result_only,ENG-GB-SPECTRE; ENG-GB-SUPER-SPRITE
SRC-DLA-ORION,DLA Energy powers NASA Orion spacecraft,DLA,2022,agency web page,,https://www.dla.mil/About-DLA/News/News-Article-View/Article/3241269/dla-energy-powers-nasa-orion-spacecraft/,A,secondary,PUBLIC_DOMAIN_GOV,search_result_only,ENG-US-MR-104G; ENG-US-OMS-E-ORION-ESM
SRC-DLR-ASTRIS,Astris and Brunhilde - the German contribution to the Europa rocket,DLR Lampoldshausen,,agency image caption,,https://www.dlr.de/en/images/gallery-images/lampoldshausen/la_06_astris_brundhilde,A,secondary,RIGHTS_REVIEW_REQUIRED,search_result_only,ENG-DE-ASTRIS
SRC-DLR-IMPRINT,DLR Imprint and terms of use,DLR (German Aerospace Center),,agency web page,,https://www.dlr.de/en/service/imprint/,A,primary,RIGHTS_REVIEW_REQUIRED,search_result_only,
SRC-DLR-VIKING-GALLERY,The Viking engine - Propulsion for the Ariane family (DLR image gallery),DLR,,agency web page,,https://www.dlr.de/en/images/gallery-images/lampoldshausen/la_09_viking,A,primary,RIGHTS_REVIEW_REQUIRED,search_result_only,ENG-FR-VIKING-5C
SRC-DLR-VIKING-IMG,Viking engine (image archive caption),DLR,2009,agency web page,,https://www.dlr.de/en/images_archive/2009/4/viking-engine_13193,A,secondary,RIGHTS_REVIEW_REQUIRED,search_result_only,ENG-FR-VIKING-2; ENG-FR-VIKING-5
SRC-DLR-VINCI-NOZZLE-2010,Europe's new upper stage engine reaches an important milestone - DLR tests its long expansion nozzle for the first time,DLR,2010,agency press release,,https://www.dlr.de/en/latest/news/2010/20101112_europe-s-new-upper-stage-engine-reaches-an-important-milestone-dlr-tests-its-long-expansion-nozzle-for-the-first-time_27697/@@download/file,A,primary,RIGHTS_REVIEW_REQUIRED,search_result_only,ENG-FR-VINCI
SRC-DOD-DODI-5230-24,DoDI 5230.24 Distribution Statements on DoD Technical Documents (reissued 10 Jan 2023),US DoD,2023,regulation,DoDI 5230.24,https://www.esd.whs.mil/Portals/54/Documents/DD/issuances/dodi/523024p.pdf,A,primary,PUBLIC_DOMAIN_GOV,search_result_only,
SRC-DTIC-AD0368743,"Simulated altitude testing of the Apollo service module propulsion system (Report 1, Phase 2 development test)",AEDC/USAF,1965,test report,,https://apps.dtic.mil/sti/html/tr/AD0368743/index.html,A,primary,UNKNOWN,not_retrieved,ENG-US-AJ10-137
SRC-DTIC-AD0423340,Rocketdyne vernier engine report (1963) (exact title not seen),Rocketdyne / USAF (DTIC),1963,contractor report,AD0423340,https://apps.dtic.mil/sti/pdfs/AD0423340.pdf,B,primary,RIGHTS_REVIEW_REQUIRED,search_result_only,ENG-US-LR101
SRC-DTIC-AD0844885,AEDC J-2 test report (gas generator temperatures),AEDC,1968,test report,AD0844885,https://apps.dtic.mil/sti/pdfs/AD0844885.pdf,A,primary,RIGHTS_REVIEW_REQUIRED,search_result_only,ENG-US-J-2
SRC-DTIC-AD0847234,AEDC J-2 altitude test report (start transients),AEDC,1968,test report,AD0847234,https://apps.dtic.mil/sti/tr/pdf/AD0847234.pdf,A,primary,RIGHTS_REVIEW_REQUIRED,search_result_only,ENG-US-J-2
SRC-DTIC-AD0867628,"AEDC J-2S altitude test report (J-4 cell, 1969)",AEDC,1970,test report,AD0867628,https://apps.dtic.mil/sti/pdfs/AD0867628.pdf,A,primary,RIGHTS_REVIEW_REQUIRED,not_retrieved,ENG-US-J-2S
SRC-DTIC-AD0874400,"AEDC J-2S altitude test report (J-4 cell, 1969)",AEDC,1970,test report,AD0874400,https://apps.dtic.mil/sti/pdfs/AD0874400.pdf,A,primary,RIGHTS_REVIEW_REQUIRED,not_retrieved,ENG-US-J-2S
SRC-DTIC-ADA397910,Integrated Powerhead Demonstration: Full Flow Cycle Development,AFRL,2001,technical paper/report,ADA397910,https://apps.dtic.mil/sti/pdfs/ADA397910.pdf,B,primary,RIGHTS_REVIEW_REQUIRED,not_retrieved,ENG-US-IPD
SRC-DTIC-ADA430218,IPD briefing (DTIC ADA430218),AFRL,,briefing slides,ADA430218,https://apps.dtic.mil/sti/pdfs/ADA430218.pdf,B,primary,RIGHTS_REVIEW_REQUIRED,not_retrieved,ENG-US-IPD
SRC-DTIC-AEDC-J2-SET,"AEDC altitude test reports on the J-2 engine (AD0823096, AD0829984, AD0848188, AD0847234; which report says what is not distinguishable)",USAF AEDC,1967,AEDC technical reports,AD0823096; AD0829984; AD0848188; AD0847234,https://apps.dtic.mil/sti/pdfs/AD0829984.pdf,A,primary,PUBLIC_DOMAIN_GOV,not_retrieved,ENG-US-J-2
SRC-DTIC-AEDC-J2S-SET,"AEDC J-2S altitude test reports: AEDC-TR-70-150, AEDC-TR-70-204, AEDC-TR-70-38 (DTIC AD numbers among AD0871088, AD0874400, AD0867628, AD0861262; mapping unverified)",USAF AEDC,1970,AEDC technical reports,AEDC-TR-70-150; AEDC-TR-70-204; AEDC-TR-70-38,https://apps.dtic.mil/sti/pdfs/AD0874400.pdf,A,primary,PUBLIC_DOMAIN_GOV,not_retrieved,ENG-US-J-2S
SRC-DTIC-COLLECTION,"DTIC technical reports collection (apps.dtic.mil/sti, discover.dtic.mil)",DTIC,,report repository,AD numbers,https://apps.dtic.mil/sti/,A,primary,RIGHTS_REVIEW_REQUIRED,dead_link,
SRC-DVIGATEL-1999-1,Article in 'Dvigatel' magazine 1999 no.1 pp.30-31 (epizodyspace scan),Dvigatel journal / epizodyspace.ru,1999,trade/technical journal article,,https://epizodyspace.ru/bibl/dvigatel/1999/1/30-31.pdf,B,tertiary,RESTRICTED_REFERENCE,search_result_only,ENG-SU-NK-33
SRC-DVIGATEL-2000-2,Article in 'Dvigatel' magazine 2000 no.2 pp.14-15 (epizodyspace scan),Dvigatel journal / epizodyspace.ru,2000,trade/technical journal article,,https://epizodyspace.ru/bibl/dvigatel/2000/2/14-15.pdf,B,tertiary,RESTRICTED_REFERENCE,search_result_only,ENG-SU-RD-0210
SRC-EADS-GALILEO-2003,"EADS press release on Galileo propulsion (2003-09-10, via GlobalSecurity)",EADS Space Transportation (via globalsecurity.org),2003,press release,,https://www.globalsecurity.org/space/library/news/2003/space-030910-eads01.htm,A,primary,VALUES_WITH_ATTRIBUTION,search_result_only,ENG-DE-GALILEO-RPM-10-N; ENG-DE-GALILEO-RPM-400-N
SRC-EDA-CZ4C,Yaogan 34-04 | Long March 4C,Everyday Astronaut,,launch preview article,,https://everydayastronaut.com/yaogan-34-04-long-march-4c/,D,secondary,RIGHTS_REVIEW_REQUIRED,search_result_only,ENG-CN-YF-40A
SRC-EDA-RAPTOR-COMPARE,Raptor 1 vs Raptor 2: What did SpaceX change?,Everyday Astronaut,,web article,,https://everydayastronaut.com/spacex-raptor-engine-comparison/,D,secondary,RESTRICTED_REFERENCE,search_result_only,ENG-US-RAPTOR-2
SRC-EH-RPE0931,enginehistory.org RPE09.31 (Apollo SPS article),AEHS enginehistory.org,,web article,,,D,secondary,VALUES_WITH_ATTRIBUTION,search_result_only,ENG-US-AJ10-137
SRC-ENCPUB-LMDE,Encyclopedia.pub entry on Descent Propulsion System / LMDE,encyclopedia.pub,,web encyclopedia,,https://encyclopedia.pub/entry/history/show/80508,D,tertiary,UNKNOWN,search_result_only,ENG-US-LMDE
SRC-ENCYCLOPUB-SSME,Space Shuttle main engine (encyclopedia.pub entry 30884),encyclopedia.pub,,web encyclopedia,entry 30884,https://encyclopedia.pub/entry/30884,D,tertiary,RIGHTS_REVIEW_REQUIRED,search_result_only,ENG-US-SSME-BLOCK-II
SRC-ENERGOMASH-SITE,NPO Energomash website,NPO Energomash,,manufacturer web page,,http://engine.space/eng/,A,primary,UNKNOWN,not_retrieved,
SRC-ENGINEER-5M15,All fired up for action (XCOR 5M15),The Engineer,2007,news,,https://www.theengineer.co.uk/all-fired-up-for-action/,D,tertiary,VALUES_WITH_ATTRIBUTION,search_result_only,ENG-US-5M15
SRC-ENGINEER-JUNO,British engine brakes Juno probe to place it into Jupiter orbit,The Engineer,2016,news,,https://theengineer.co.uk/british-engine-brakes-juno-probe-to-place-it-into-jupiter-orbit,D,tertiary,VALUES_WITH_ATTRIBUTION,search_result_only,ENG-GB-LEROS-1B
SRC-ENGINEHISTORY-F1,One Second in the Life of the Rocketdyne F-1 Rocket Engine,AEHS enginehistory.org,,historical society article,RPE08.11/OneSecond,https://enginehistory.org/Rockets/RPE08.11/OneSecond.shtml,D,secondary,RIGHTS_REVIEW_REQUIRED,search_result_only,ENG-US-F-1
SRC-ENGINEHISTORY-RPE02-2,"U.S. Manned Rocket Propulsion Evolution, Part 2.2",AEHS enginehistory.org,,web article,,https://www.enginehistory.org/Rockets/RPE02/RPE02-2.shtml,D,tertiary,RESTRICTED_REFERENCE,search_result_only,ENG-DE-A4-ENGINE
SRC-ENGINEHISTORY-RPE03,Rocket Propulsion Evolution 3 - Navaho,Aircraft Engine Historical Society,,web encyclopedia,,https://www.enginehistory.org/Rockets/RPE03/RPE03.shtml,D,secondary,RIGHTS_REVIEW_REQUIRED,search_result_only,ENG-US-XLR43-NA-1; ENG-US-XLR71-NA-1; ENG-US-XLR83-NA-1
SRC-ENGINEHISTORY-RPE04-2,Rocket Propulsion Evolution 4.2 - Redstone Engine,Aircraft Engine Historical Society,,web encyclopedia,,https://www.enginehistory.org/Rockets/RPE04/RPE04-2.shtml,D,secondary,RIGHTS_REVIEW_REQUIRED,search_result_only,ENG-US-NAA-75-110-A-1; ENG-US-NAA-75-110-A-2; ENG-US-NAA-75-110-A-3; ENG-US-NAA-75-110-A-4; ENG-US-NAA-75-110-A-5; ENG-US-NAA-75-110-A-6; ENG-US-NAA-75-110-A-7; ENG-US-XLR43-NA-1
SRC-ENGINEHISTORY-RPE05,Rocket Propulsion Evolution 5 - Atlas Missile,Aircraft Engine Historical Society,,web encyclopedia,,https://www.enginehistory.org/Rockets/RPE05/RPE05.shtml,D,secondary,RIGHTS_REVIEW_REQUIRED,search_result_only,ENG-US-LR105-NA-5; ENG-US-LR89-NA-5
SRC-ENGINEHISTORY-RPE06,Rocket Propulsion Evolution 6 - Titan Missile,Aircraft Engine Historical Society,,web encyclopedia,,https://www.enginehistory.org/Rockets/RPE06/RPE06.shtml,D,secondary,RIGHTS_REVIEW_REQUIRED,search_result_only,ENG-US-LR87-AJ-3; ENG-US-LR87-AJ-5; ENG-US-LR87-AJ-7
SRC-ENGINEHISTORY-RPE0812,"U.S. Manned Rocket Propulsion Evolution, Part 8.12 (F-1)",AEHS enginehistory.org,,historical society article,RPE08.12,https://enginehistory.org/Rockets/RPE08.11/RPE08.12.shtml,D,secondary,RIGHTS_REVIEW_REQUIRED,search_result_only,ENG-US-F-1
SRC-ENGINEHISTORY-RPE0822,"U.S. Manned Rocket Propulsion Evolution, Part 8.22 (J-2)",AEHS enginehistory.org,,historical society article,RPE08.22,https://www.enginehistory.org/Rockets/RPE08.22/RPE08.22.shtml,D,secondary,RIGHTS_REVIEW_REQUIRED,search_result_only,ENG-US-J-2
SRC-ENGINEHISTORY-SSME1,SSME1.pdf,enginehistory.org (host),,unknown,,https://mail.enginehistory.org/Rockets/SSME/SSME1.pdf,D,secondary,UNKNOWN,search_result_only,ENG-US-SSME-BLOCK-II
SRC-ENGINEHISTORY-SSMEORIENT-1998,SSME Orientation (abbreviated SSME orientation course handout),Rocketdyne / Boeing (hosted by enginehistory.org),1998,manufacturer training handout,BC98-04 (per round-1 summary),https://enginehistory.org/Rockets/SSME/SSMEorientation.pdf,A,primary,RIGHTS_REVIEW_REQUIRED,fetched,ENG-US-SSME-BLOCK-II
SRC-ENGINEHISTORY-USSRC-ATLAS,The Atlas Launch System (USSRC museum notes),Aircraft Engine Historical Society,,web encyclopedia,,https://enginehistory.org/Museums/USSRC/USSRC_Atlas.shtml,D,secondary,RIGHTS_REVIEW_REQUIRED,search_result_only,ENG-US-LR101
SRC-ENGINEHISTORY-V2,German V-2 (USSRC museum) / U.S. Manned Rocket Propulsion Evolution pt 2,AEHS enginehistory.org,,web history article,,https://enginehistory.org/Museums/USSRC/USSRC_V-2.shtml,D,secondary,RIGHTS_REVIEW_REQUIRED,search_result_only,ENG-DE-A1-ENGINE; ENG-DE-A3-ENGINE; ENG-DE-A4-ENGINE
SRC-EOPORTAL-CH3,Chandrayaan-3 (eoPortal),ESA eoPortal,,mission directory,,https://eoportal.org/satellite-missions/chandrayaan-3,D,tertiary,VALUES_WITH_ATTRIBUTION,search_result_only,ENG-IN-800-N-THROTTLEABLE-ENGINE
SRC-EPIZODYSPACE,Epizody kosmonavtiki (epizodyspace.ru) digital library,private,,web library,,https://epizodyspace.ru/,E,tertiary,RIGHTS_REVIEW_REQUIRED,search_result_only,
SRC-ESA-22NASLLAM,"22N thruster final presentation (ESA GSTP, ArianeGroup, Simon Hyde)",ESA / ArianeGroup,2021,agency study presentation,,https://nebula.esa.int/sites/default/files/neb_tec_study/2563/public/22N-ASLLAM-RP-0002%20Final%20Presentation_Simon%20Hyde.pdf,B,primary,RIGHTS_REVIEW_REQUIRED,search_result_only,ENG-EU-22-N-THRUSTER-ESA-GSTP-ARIANEGROUP
SRC-ESA-A5ECA-NEWELEM,Ariane 5 ECA - New elements,ESA,,agency web page,,https://esa.int/Enabling_Support/Space_Transportation/Launch_vehicles/Ariane_5_ECA_-_New_elements,A,primary,RIGHTS_REVIEW_REQUIRED,search_result_only,ENG-FR-HM7B; ENG-FR-VULCAIN-2
SRC-ESA-A6ENGINES,The engines of Ariane 6,ESA,,agency web page,,https://www.esa.int/Enabling_Support/Space_Transportation/Ariane/The_engines_of_Ariane_6,A,secondary,RIGHTS_REVIEW_REQUIRED,search_result_only,ENG-FR-VINCI; ENG-FR-VULCAIN-2-1
SRC-ESA-BLOG-ART2ENG,The Artemis II engine with a legacy (ESA Orion blog),ESA,2023,agency blog,,https://blogs.esa.int/orion/2023/04/03/the-artemis-ii-engine-with-a-legacy/,A,secondary,VALUES_WITH_ATTRIBUTION,search_result_only,ENG-US-OMS-E-ORION-ESM
SRC-ESA-COPYRIGHT-IMAGES,ESA Copyright Notice Images / ESA Multimedia Terms and Conditions,ESA,,agency web page,,https://www.esa.int/ESA_Multimedia/Copyright_Notice_Images,A,primary,RIGHTS_REVIEW_REQUIRED,search_result_only,
SRC-ESA-EPS,Storable Propellant Stage (EPS),ESA,,agency web page,,https://m.esa.int/Enabling_Support/Space_Transportation/Launch_vehicles/Storable_Propellant_Stage_EPS,A,secondary,RIGHTS_REVIEW_REQUIRED,search_result_only,ENG-DE-AESTUS
SRC-ESA-ESAMI-VULCAIN,Vulcain engine (ESA Launchers 'esaMI' page),ESA,,agency web page,,https://www.esa.int/esaMI/Launchers_Access_to_Space/ASELVQI4HNC_0.html,A,primary,RIGHTS_REVIEW_REQUIRED,search_result_only,ENG-EU-VULCAIN; ENG-FR-VULCAIN-2
SRC-ESA-ESMPROP,European Service Module Propulsion (ESA web page),ESA,,agency web page,,https://www.esa.int/Science_Exploration/Human_and_Robotic_Exploration/Orion/European_Service_Module_Propulsion,A,primary,VALUES_WITH_ATTRIBUTION,search_result_only,ENG-EU-ESM-RCS-220-N; ENG-US-OMS-E-ORION-ESM; ENG-US-R-4D-11-ORION-ESM-AUXILIARY
SRC-ESA-KVD1-11D56,"KVD-1 left with its precursor 11D56 (ESA multimedia image, 2004/09)",ESA,,agency image page,,https://www.esa.int/ESA_Multimedia/Images/2004/09/KVD-1_left_with_its_precursor_11D56,A,secondary,RIGHTS_REVIEW_REQUIRED,search_result_only,ENG-RU-KVD-1; ENG-SU-RD-56
SRC-ESA-PROMETHEUS,Prometheus (ESA future space transportation page) and related ESA news (Hot summer...; Prometheus fires up once again and again),ESA,,agency web page,,https://www.esa.int/Enabling_Support/Space_Transportation/Future_space_transportation/Prometheus,A,primary,RIGHTS_REVIEW_REQUIRED,search_result_only,ENG-FR-PROMETHEUS
SRC-ESA-RD0110,RD-0110 Liquid Rocket Engine for space launchers (image),ESA,2004,agency image page,,https://www.esa.int/ESA_Multimedia/Images/2004/09/RD-0110_Liquid_Rocket_Engine_for_space_launchers,A,secondary,RIGHTS_REVIEW_REQUIRED,search_result_only,ENG-SU-RD-0110
SRC-ESA-ROSETTA-ORBITER,The Rosetta orbiter,ESA,,agency web page,,https://www.esa.int/Science_Exploration/Space_Science/Rosetta/The_Rosetta_orbiter,A,primary,VALUES_WITH_ATTRIBUTION,search_result_only,
SRC-ESA-THEMIS,Themis (ESA page),ESA,,agency web page,,https://www.esa.int/themis,A,primary,RIGHTS_REVIEW_REQUIRED,search_result_only,ENG-FR-PROMETHEUS
SRC-ESA-V157-INQUIRY,Arianespace Flight 157 - Inquiry Board submits findings,ESA,2003,agency press release,,https://www.esa.int/Enabling_Support/Space_Transportation/Arianespace_Flight_157_-_Inquiry_Board_submits_findings,A,primary,RIGHTS_REVIEW_REQUIRED,search_result_only,ENG-FR-VULCAIN-2
SRC-ESA-V2-TEST,Successful test for Vulcain 2 engine,ESA,,agency press release,,https://www.esa.int/Enabling_Support/Space_Transportation/Successful_test_for_Vulcain_2_engine,A,primary,RIGHTS_REVIEW_REQUIRED,search_result_only,ENG-FR-VULCAIN-2
SRC-ESA-V21NE,Vulcain 2.1 engine nozzle extension for Ariane 6 (image caption),ESA,2025,agency web page,ESA Multimedia 2025/10,https://www.esa.int/ESA_Multimedia/Images/2025/10/Vulcain_2.1_engine_nozzle_extension_for_Ariane_6,A,primary,RIGHTS_REVIEW_REQUIRED,search_result_only,ENG-EU-VULCAIN-2-1
SRC-ESA-VEGAE,Vega-E,ESA,,agency web page,,https://www.esa.int/Enabling_Support/Space_Transportation/Vega/Vega-E,A,secondary,RIGHTS_REVIEW_REQUIRED,search_result_only,ENG-IT-M10
SRC-ESA-VINCI-60S,Thumbs up for 60-second firing,ESA,2005,agency press release,,https://www.esa.int/Enabling_Support/Space_Transportation/Thumbs_up_for_60-second_firing,A,primary,RIGHTS_REVIEW_REQUIRED,search_result_only,ENG-FR-VINCI
SRC-ESA-VINCI-HOTFIRE,First hot firing of next generation rocket engine,ESA,,agency web page,,https://www.esa.int/Enabling_Support/Space_Transportation/First_hot_firing_of_next-generation_rocket_engine,A,primary,RIGHTS_REVIEW_REQUIRED,search_result_only,ENG-FR-VINCI
SRC-ESA-VULCAIN,Ariane 5 Vulcain engine,ESA,,agency web page,,https://www.esa.int/Enabling_Support/Space_Transportation/Launch_vehicles/Ariane_5_Vulcain_engine,A,secondary,RIGHTS_REVIEW_REQUIRED,search_result_only,ENG-FR-VULCAIN
SRC-ESF-ISAR,Everything you need to know about Isar Aerospace,European Spaceflight,,news article,,https://europeanspaceflight.com/everything-you-need-to-know-about-isar-aerospace/,D,tertiary,RIGHTS_REVIEW_REQUIRED,search_result_only,ENG-DE-AQUILA
SRC-ESF-PROMETHEUS-2025,"ArianeGroup Completes Key Prometheus Rocket Engine Tests (European Spaceflight, 2025)",European Spaceflight,2025,news article,,https://europeanspaceflight.com/?p=4828,D,tertiary,RIGHTS_REVIEW_REQUIRED,search_result_only,ENG-FR-PROMETHEUS
SRC-ESF-THEMIS,ArianeGroup Completes Themis Integration Ahead of Combined Tests,European Spaceflight,,news article,,https://europeanspaceflight.com/arianegroup-completes-themis-integration-ahead-of-combined-tests/,D,tertiary,RIGHTS_REVIEW_REQUIRED,search_result_only,ENG-FR-PROMETHEUS
SRC-EUCASS2019-0315,EUCASS2019-0315 (Avio M10 paper),EUCASS / Avio,2019,conference paper,,https://www.eucass.eu/doi/EUCASS2019-0315.pdf,B,primary,RESTRICTED_REFERENCE,search_result_only,ENG-IT-M10
SRC-EUCASS2019-0521,Development of the 75 tonf-class gas generator for KRE-075 (EUCASS2019-0521),KARI / EUCASS,2019,conference paper,,https://eucass.eu/doi/EUCASS2019-0521.pdf,B,secondary,RIGHTS_REVIEW_REQUIRED,search_result_only,ENG-KR-KRE-075
SRC-EUCASS2019-VINCI,VINCI engine paper (EUCASS 2019; Snecma / Airbus Safran Launchers / CNES authorship per summary),EUCASS,2019,conference paper,doi:10.1051/eucass/201911481,https://www.eucass-proceedings.eu/10.1051/eucass/201911481,B,primary,RIGHTS_REVIEW_REQUIRED,search_result_only,ENG-FR-VINCI
SRC-EUHIAD-J2STARTTANK,HIAD incident: failure of LH2 tank due to over-pressure (J-2 start tank test),Clean Hydrogen Partnership (EU) HIAD,,incident database entry,,https://knowledge.clean-hydrogen.europa.eu/hiad/incidents/failure-lh2-tank-due-over-pressure,D,tertiary,RIGHTS_REVIEW_REQUIRED,search_result_only,ENG-US-J-2
SRC-EUROSPACEFLIGHT-PROMETHEUS,Prometheus Completes 30-Second Hot Fire Test,European Spaceflight,2023,news,,https://europeanspaceflight.com/prometheus-completes-30-second-hot-fire-test/,D,secondary,RESTRICTED_REFERENCE,search_result_only,ENG-FR-PROMETHEUS
SRC-FAKTY-TURCHYNOV,"Turchynov report on DPRK missile scandal (fakty.com.ua, 2017-08-22)",Fakty,,news,,https://fakty.com.ua/ru/ukraine/20170822-vyklyucheno-dopovid-turchynova-shhodo-skandalu-z-raketamy-kndr/,E,tertiary,RESTRICTED_REFERENCE,search_result_only,ENG-SU-RD-250; ENG-SU-RD-252; ENG-SU-RD-262
SRC-FAPESP-GRAVIDADE-ZERO,Gravidade zero (Revista Pesquisa FAPESP),FAPESP,,magazine article,,https://revistapesquisa.fapesp.br/gravidade-zero/,D,tertiary,RIGHTS_REVIEW_REQUIRED,search_result_only,ENG-BR-L5
SRC-FAPESP-PROPULSAO-VERDE,Propulsión verde (Revista Pesquisa FAPESP),FAPESP,,magazine article,,https://revistapesquisa.fapesp.br/es/propulsion-verde/,D,tertiary,RIGHTS_REVIEW_REQUIRED,search_result_only,ENG-BR-L75
SRC-FAR-52-227-14,FAR 52.227-14 Rights in Data - General; FAR 27.404-3 Copyrighted works,US GSA/DoD/NASA (FAR Council),,regulation,48 CFR 52.227-14; 48 CFR 27.404-3,https://www.acquisition.gov/far/27.404-3,A,primary,PUBLIC_DOMAIN_GOV,search_result_only,
SRC-FAS-CORPORAL,Corporal (FAS Nuclear Guide),Federation of American Scientists,,web encyclopedia,,https://nuke.fas.org/guide/usa/theater/corporal.htm,D,secondary,RIGHTS_REVIEW_REQUIRED,search_result_only,ENG-US-XF30L20000
SRC-FAS-ND1,No-dong 1 technical details (FAS),Federation of American Scientists,,think-tank web page,,https://nuke.fas.org/guide/dprk/missile/nd-1.htm,D,tertiary,RIGHTS_REVIEW_REQUIRED,search_result_only,ENG-KP-NODONG-ENGINE
SRC-FAS-R2,R-2 / SS-2 Sibling,Federation of American Scientists,,web encyclopedia,,https://nuke.fas.org/guide/russia/theater/r-2.htm,D,tertiary,RIGHTS_REVIEW_REQUIRED,search_result_only,ENG-SU-RD-101
SRC-FIREFLY-ALPHA-PAGE,Alpha Launch Vehicle,Firefly Aerospace,,manufacturer web page,,https://fireflyspace.com/alpha/,A,primary,VALUES_WITH_ATTRIBUTION,search_result_only,ENG-US-LIGHTNING; ENG-US-REAVER
SRC-FIREFLY-ECLIPSE-NG,Northrop Grumman Invests $50 Million in Firefly Aerospace to Advance Medium Launch Vehicle Named Eclipse,Firefly Aerospace,,manufacturer news release,,https://fireflyspace.com/news/northrop-grumman-invests-50-million-in-firefly-aerospace-to-advance-medium-launch-vehicle-named-eclipse/,A,primary,VALUES_WITH_ATTRIBUTION,search_result_only,ENG-US-MIRANDA
SRC-FIREFLY-FLTA004,Alpha Flight 4: Fly the Lightning,Firefly Aerospace,,manufacturer mission page,,https://fireflyspace.com/missions/fly-the-lightning/,A,primary,VALUES_WITH_ATTRIBUTION,search_result_only,ENG-US-LIGHTNING
SRC-FIREFLY-FLTA006,Alpha FLTA006 mission page,Firefly Aerospace,2025,manufacturer mission page,,https://fireflyspace.com/missions/alpha-flta006/,A,primary,VALUES_WITH_ATTRIBUTION,search_result_only,ENG-US-LIGHTNING
SRC-FIREFLY-MIRANDA-RR,Firefly Aerospace Completes Risk Reduction Testing for Critical Miranda Engine Components,Firefly Aerospace,,manufacturer news release,,https://fireflyspace.com/news/firefly-aerospace-completes-risk-reduction-testing-for-critical-miranda-engine-components/,A,primary,VALUES_WITH_ATTRIBUTION,search_result_only,ENG-US-MIRANDA; ENG-US-REAVER
SRC-FIREFLY-PUG-5.2,Alpha Payload User's Guide 5.2,Firefly Aerospace,2025,manufacturer user guide,,https://fireflyspace.com/wp-content/uploads/2025/07/Alpha-PUG-5.2.pdf,A,primary,VALUES_WITH_ATTRIBUTION,search_result_only,ENG-US-LIGHTNING; ENG-US-REAVER
SRC-FLICKR-MB3,Rocketdyne MB-3 (LR79-NA-9) Thor Rocket Engine (photo with Pima Air & Space Museum placard),Flickr user rocbolt,,photo + museum placard,,https://www.flickr.com/photos/rocbolt/51178929835/,E,secondary,RIGHTS_REVIEW_REQUIRED,search_result_only,ENG-US-LR79-NA-9
SRC-FLIGHTGLOBAL-1000VIKING,"Arianespace receives 1,000th Viking engine",Flight International,,trade press,,https://www.flightglobal.com/arianespace-receives-1000th-viking-engine/27613.article,D,secondary,RESTRICTED_REFERENCE,search_result_only,ENG-FR-VIKING-5C
SRC-FLIGHTGLOBAL-5M15,Tests on methane rocket engine a success,Flight Global,2007,news,,https://www.flightglobal.com/tests-on-methane-rocket-engine-a-success/62495.article,D,tertiary,VALUES_WITH_ATTRIBUTION,search_result_only,ENG-US-5M15
SRC-FLIGHTGLOBAL-IPD,Radical rocket engine set for firing,Flight International,,news article,,https://www.flightglobal.com/radical-rocket-engine-set-for-firing/57914.article,E,tertiary,RESTRICTED_REFERENCE,search_result_only,ENG-US-IPD
SRC-FLIGHTGLOBAL-ROTON,Rotary revolution,Flight International,,magazine article,flightglobal 23284,https://flightglobal.com/rotary-revolution/23284.article,D,secondary,VALUES_WITH_ATTRIBUTION,search_result_only,ENG-US-ROTON-ROTARY-ENGINE
SRC-FORECAST-INTL,Forecast International (space systems / engine forecasts),Forecast International,,commercial database,,,D,secondary,RESTRICTED_REFERENCE,paywalled,
SRC-FORSYTH-NIPPON,"Delta in Japan (Kevin Forsyth, Delta history pages)",Kevin Forsyth (private),,private history web page,,https://kevinforsyth.net/delta/nippon.htm,D,tertiary,RIGHTS_REVIEW_REQUIRED,search_result_only,ENG-JP-LE-3
SRC-FORUM-BITOG-PWHPFTP,Space Shuttle Info (forum post quoting Pratt & Whitney web site),bobistheoilguy.com forum,,forum post,threads/space-shuttle-info.30770 post-404206,https://bobistheoilguy.com/forums/threads/space-shuttle-info.30770/post-404206,E,tertiary,RIGHTS_REVIEW_REQUIRED,search_result_only,ENG-US-SSME-BLOCK-II
SRC-FRANCOWIKI-PSLV,Polar Satellite Launch Vehicle (French Wikipedia mirror),franco.wiki / fr.wikipedia,,web encyclopedia,,https://franco.wiki/fr/Polar_Satellite_Launch_Vehicle.html,D,tertiary,OPEN_LICENSE,search_result_only,ENG-IN-PS4-ENGINE-L-2-5
SRC-FRONTIER-SOYUZ5,Russia's New Soyuz-5 Rocket Roars to Life with World's Most Powerful 'Tsar Engine',Frontier India,,news/blog,,https://frontierindia.com/russias-new-soyuz-5-rocket-roars-to-life-with-worlds-most-powerful-tsar-engine/,E,tertiary,VALUES_WITH_ATTRIBUTION,search_result_only,ENG-RU-RD-171MV
SRC-FRWIKI-KRE075,KRE-075 (French Wikipedia mirror),franco.wiki / fr.wikipedia,,web encyclopedia,,https://franco.wiki/fr/KRE-075.html,D,tertiary,OPEN_LICENSE,search_result_only,ENG-KR-KRE-075
SRC-FRWIKI-VIKING,Viking (moteur-fusée) [French Wikipedia mirror],techno-science.net / franco.wiki mirrors of fr.wikipedia,,web encyclopedia,,https://www.techno-science.net/fr/definitions/viking-moteur-fusee,D,tertiary,OPEN_LICENSE,search_result_only,ENG-FR-VIKING-5C
SRC-GE-CQ50-CN,"苍穹-50 release (Galactic Energy, Chinese news item aid 266)",Galactic Energy (星河动力),,manufacturer press release,,https://galactic-energy.cn/index.php/Show/cid/24/aid/266,A,primary,RIGHTS_REVIEW_REQUIRED,search_result_only,ENG-CN-WELKIN
SRC-GE-WELKIN-EN,WELKIN reusable LOX/kerosene engine (Galactic Energy product page),Galactic Energy (星河动力),,manufacturer web page,,https://www.galactic-energy.cn/index.php/En/List/cid/18,A,primary,RIGHTS_REVIEW_REQUIRED,search_result_only,ENG-CN-WELKIN
SRC-GENERALSTAFF-J2S-STUDY-1969,"J-2S Improvement Study, System Description (report D5-15772-2, 30 April 1969)",Boeing/NASA study (summary says Rocketdyne; D5- prefix suggests Boeing - unverified),1969,contractor study report,D5-15772-2; NTRS 19690072871 (unverified),https://www.generalstaff.org/Space/Saturn/J-2S_Study_30_April_69.pdf,B,primary,RIGHTS_REVIEW_REQUIRED,not_retrieved,ENG-US-J-2S
SRC-GLASGOW-HINDLEY,Rocket Engines 1 - Russia & Ukraine (Hindley technical details pages),University of Glasgow (H. Hindley personal pages),,compiled table,,https://www.astro.gla.ac.uk/users/hugh/techdetl/C_RocketEngEurope.html,D,tertiary,RIGHTS_REVIEW_REQUIRED,search_result_only,
SRC-GLAVKOSMOS-RD171M,RD-171M product page (Glavkosmos export catalogue),Glavkosmos (Roscosmos subsidiary),,manufacturer datasheet (state export agent),,https://trade.glavkosmos.com/rd-171-m/,A,primary,VALUES_WITH_ATTRIBUTION,search_result_only,ENG-RU-RD-171M
SRC-GLAVKOSMOS-RD180,RD-180 (Glavkosmos trade catalogue entry),Glavkosmos (Roscosmos subsidiary),,agency/state-company trade web page,,https://trade.glavkosmos.com/rd-180/,A,primary,VALUES_WITH_ATTRIBUTION,search_result_only,ENG-RU-RD-180
SRC-GLAVKOSMOS-RD181,RD-181 product page (Glavkosmos export catalogue),Glavkosmos (Roscosmos subsidiary),,manufacturer datasheet (state export agent),,https://trade.glavkosmos.com/rd-181/,A,primary,VALUES_WITH_ATTRIBUTION,search_result_only,ENG-RU-RD-181
SRC-GLOBALSEC-R27K,SS-NX-13 R-27K 4K18 SLBM specs,GlobalSecurity,,web encyclopedia,,https://www.globalsecurity.org/wmd/world/russia/ss-n-13-specs.htm,D,tertiary,RESTRICTED_REFERENCE,search_result_only,ENG-SU-4D10
SRC-GLOBALSEC-RD180,RD-180 Engines,GlobalSecurity.org,,web encyclopedia,,https://www.globalsecurity.org/space/world/russia/rd-180.htm,D,secondary,VALUES_WITH_ATTRIBUTION,search_result_only,ENG-RU-RD-180
SRC-GLOBALSEC-ROTON,Roton,GlobalSecurity.org,,web encyclopedia,,https://www.globalsecurity.org/space/systems/roton.htm,D,secondary,VALUES_WITH_ATTRIBUTION,search_result_only,ENG-US-ROTON-ROTARY-ENGINE
SRC-GLOBALSEC-SATURNIB,Saturn IB,GlobalSecurity.org,,web encyclopedia,,https://www.globalsecurity.org/space/systems/saturn-ib.htm,D,tertiary,RIGHTS_REVIEW_REQUIRED,search_result_only,ENG-US-H-1; ENG-US-H-1-165K; ENG-US-H-1-200K; ENG-US-H-1-205K
SRC-GLOBALSEC-SOYUZU,Soyuz-U Launch Vehicle,GlobalSecurity.org,,web encyclopedia,,https://www.globalsecurity.org/space/world/russia/soyuz-u.htm,D,tertiary,RIGHTS_REVIEW_REQUIRED,search_result_only,ENG-SU-RD-117; ENG-SU-RD-118
SRC-GOTAIK-2021,"Progress in development of next generation rocket engine (Go Taikonauts!, 2021)",Go Taikonauts!,2021,news article,,https://go-taikonauts.com/en/chinese-space-news/3300-progress-in-development-of-next-generation-rocket-engine,D,tertiary,RIGHTS_REVIEW_REQUIRED,search_result_only,ENG-CN-YF-77
SRC-GRACES-BLUESTREAK,Blue Streak,Grace's Guide to British Industrial History,,web encyclopedia,,https://www.gracesguide.co.uk/Blue_Streak,D,tertiary,RIGHTS_REVIEW_REQUIRED,search_result_only,ENG-GB-RZ-1; ENG-GB-RZ-2
SRC-GS-CZ2D,CZ-2D,GlobalSecurity.org,,web encyclopedia,,https://www.globalsecurity.org/space/world/china/cz-2d.htm,D,secondary,RIGHTS_REVIEW_REQUIRED,search_result_only,ENG-CN-YF-21B; ENG-CN-YF-23; ENG-CN-YF-24C
SRC-GS-CZ4,CZ-4,GlobalSecurity.org,,web encyclopedia,,https://www.globalsecurity.org/space/world/china/cz-4.htm,D,secondary,RIGHTS_REVIEW_REQUIRED,search_result_only,ENG-CN-YF-40
SRC-GS-ND-A-SPECS,"No-Dong-A, Ghauri-II & Shahab-3 technical data (Vick, GlobalSecurity)",GlobalSecurity,,analyst web page,,https://www.globalsecurity.org/wmd/world/dprk/nd-a-specs.htm,D,tertiary,RIGHTS_REVIEW_REQUIRED,search_result_only,ENG-IR-SHAHAB-3-ENGINE; ENG-KP-NODONG-ENGINE
SRC-GT-PALLAS-2026,Global Times via GlobalSecurity (2026-09-01) on Pallas-1,Global Times / GlobalSecurity,2026,news article,,https://www.globalsecurity.org/space/library/news/2026/space-260901-globaltimes01.htm,D,tertiary,RIGHTS_REVIEW_REQUIRED,search_result_only,ENG-CN-WELKIN
SRC-GUINNESS-RD170,Most powerful liquid-propellant rocket motor,Guinness World Records,,web page,,https://www.guinnessworldrecords.com/world-records/most-powerful-rocket-engine,D,tertiary,RESTRICTED_REFERENCE,search_result_only,ENG-SU-RD-170
SRC-GUNTER,Gunter's Space Page (space.skyrocket.de),Gunter Dirk Krebs,,web encyclopedia,,https://space.skyrocket.de/,D,tertiary,RESTRICTED_REFERENCE,dead_link,
SRC-HA-SE6,Gemini reentry control system thruster Rocketdyne SE-6 (auction listing),Heritage Auctions,,auction listing,,https://historical.ha.com/itm/space-exploration/hardware/gemini-program-reentry-control-system-thruster-rocketdyne-se-6/a/6326-50047.s,E,tertiary,METADATA_ONLY,search_result_only,ENG-US-SE-6
SRC-HABR-212735,habr.com post 212735,Habr,,blog,,https://habr.com/post/212735,E,tertiary,RESTRICTED_REFERENCE,search_result_only,ENG-RU-S5-98M
SRC-HANDWIKI-HTV,Engineering: H-II Transfer Vehicle (HandWiki mirror of Wikipedia),HandWiki,,web encyclopedia mirror,,https://handwiki.org/wiki/Engineering:H-II_Transfer_Vehicle,D,tertiary,OPEN_LICENSE,search_result_only,ENG-JP-HBT-1; ENG-JP-HBT-5
SRC-HANDWIKI-TITAN2GLV,Engineering:Titan II GLV (HandWiki),HandWiki,,web encyclopedia,,https://handwiki.org/wiki/Engineering:Titan_II_GLV,D,tertiary,RIGHTS_REVIEW_REQUIRED,search_result_only,ENG-US-LR87-AJ-5
SRC-HANDWIKI-VULCAIN,Engineering:Vulcain (rocket engine),HandWiki (Wikipedia mirror),,web encyclopedia,,https://handwiki.org/wiki/Engineering:Vulcain_(rocket_engine),D,tertiary,OPEN_LICENSE,search_result_only,ENG-FR-VULCAIN; ENG-FR-VULCAIN-2
SRC-HEROICRELICS-A6,Redstone A-6 Engine,heroicrelics.org (Ed LeBouthillier? author not verified),,web encyclopedia,,http://heroicrelics.org/uhc/engines-a-6/index.html,D,secondary,RIGHTS_REVIEW_REQUIRED,search_result_only,ENG-US-NAA-75-110-A-6
SRC-HEROICRELICS-REDSTONE,Redstone Rocket Engines (A-6 and A-7),heroicrelics.org,,web encyclopedia,,http://heroicrelics.org/info/redstone/redstone-engines.html,D,secondary,RIGHTS_REVIEW_REQUIRED,search_result_only,ENG-US-NAA-75-110-A-1; ENG-US-NAA-75-110-A-2; ENG-US-NAA-75-110-A-3; ENG-US-NAA-75-110-A-4; ENG-US-NAA-75-110-A-5; ENG-US-NAA-75-110-A-6; ENG-US-NAA-75-110-A-7
SRC-HEROICRELICS-RKDTREE,Rocketdyne Engine Family Tree,heroicrelics.org,,web encyclopedia,,http://heroicrelics.org/info/jupiter/rocketdyne-family-tree.html,D,secondary,RIGHTS_REVIEW_REQUIRED,search_result_only,ENG-US-XLR71-NA-1; ENG-US-XLR83-NA-1
SRC-HEROICRELICS-TITANI,Titan I First Stage Engines (LR-87),heroicrelics.org,,web encyclopedia,,http://heroicrelics.org/info/titan-i/titan-i-stage-1-engines.html,D,secondary,RIGHTS_REVIEW_REQUIRED,search_result_only,ENG-US-LR87-AJ-3
SRC-HF-SPACEYL-ENGINES,SpaceYL/Engine_dataset_V3 (Hugging Face Q&A dataset),Hugging Face user dataset,,dataset,,https://huggingface.co/datasets/SpaceYL/Engine_dataset_V3/viewer/default/train?p=1,E,tertiary,RIGHTS_REVIEW_REQUIRED,search_result_only,ENG-FR-VULCAIN-2
SRC-HISTORYOFWAR-X1,Bell X-1,historyofwar.org,,web encyclopedia,,https://www.historyofwar.org/articles/weapons_bell_X-1.html,E,secondary,RIGHTS_REVIEW_REQUIRED,search_result_only,ENG-US-XLR11; ENG-US-XLR11-RM-5
SRC-HISTORYRISE-GLUSHKO,Valentin Glushko: rocket engineer behind the Soviet space program's powerhouses,historyrise.com,,blog,,https://historyrise.com/article/valentin-glushko-rocket-engineer-behind-the-soviet-space-programs-powerhouses/,E,tertiary,VALUES_WITH_ATTRIBUTION,search_result_only,ENG-SU-RD-100
SRC-HJKC-NVS02,Raumfahrt blog: ISRO engine tests (NVS-02 LAM non-firing; Gaganyaan SM),hjkc.de blog,,blog,,https://www.hjkc.de/_blog/25445-raumfahrt-isro-test-fires-engines-that-will-propel-gaganyaan-in-space/,E,tertiary,RIGHTS_REVIEW_REQUIRED,search_result_only,ENG-IN-LAM-440-N
SRC-HMDB-LR91AJ3,LR91-AJ-3 Engine (historical marker),Historical Marker Database,,web encyclopedia,,https://www.hmdb.org/m.asp?m=106075,E,secondary,RIGHTS_REVIEW_REQUIRED,search_result_only,ENG-US-LR91-AJ-3
SRC-HUXIU-YF100,"YF-100 article (Huxiu, 2023-06-13)",Huxiu (虎嗅),2023,news/blog article,,https://m.huxiu.com/article/1675307.html,E,tertiary,RIGHTS_REVIEW_REQUIRED,search_result_only,ENG-CN-YF-100
SRC-HUZEL-1992,Modern Engineering for Design of Liquid-Propellant Rocket Engines (Progress in Astronautics and Aeronautics vol.147),AIAA,1992,book,doi 10.2514/4.866197 (unverified),,C,secondary,RESTRICTED_REFERENCE,not_retrieved,
SRC-IAC-09-3159,"The Diamant-A launch vehicle first stage propulsion system (C. Rothmund, IAC-09.E4.2)",IAF,2009,conference paper (history),,https://iafastro.directory/iac/archive/browse/IAC-09/E4/2/3159/,B,secondary,METADATA_ONLY,search_result_only,ENG-FR-VEXIN-B
SRC-IAC-10-6759,"The Valois engine and the Diamant-B launch vehicle first stage propulsion system (C. Rothmund, IAC-10.E4.3)",IAF,2010,conference paper (history),,https://iafastro.directory/iac/archive/browse/IAC-10/E4/3/6759/,B,secondary,METADATA_ONLY,search_result_only,ENG-FR-CORALIE-ENGINE; ENG-FR-VALOIS
SRC-IAC-10-8811,TAJFUN-F: The Smallest Liquid Fuelled Rocket Missile of WWII,IAF,2010,conference paper,,https://iafastro.directory/iac/archive/browse/IAC-10/E4/3/8811/,B,secondary,METADATA_ONLY,search_result_only,ENG-DE-TAIFUN-F-ENGINE
SRC-IAC-15-28800,"VINCI, the European reference for Ariane 6 upper stage cryogenic engine",IAF,2015,conference paper,,https://iafastro.directory/iac/archive/browse/IAC-15/C4/1/28800/,B,primary,METADATA_ONLY,search_result_only,ENG-FR-VINCI
SRC-IAC-18-45921,"Vinci Upper Stage Engine Development, Test, Qualification, and Industrialisation Status for Ariane 6",IAF,2018,conference paper,,https://iafastro.directory/iac/archive/browse/IAC-18/C4/1/45921/,B,primary,METADATA_ONLY,search_result_only,ENG-FR-VINCI
SRC-IAC-19-52605,IAC-19 C4.1 paper 52605 (Vinci),IAF,2019,conference paper,,https://iafastro.directory/iac/archive/browse/IAC-19/C4/1/52605/,B,primary,METADATA_ONLY,search_result_only,ENG-FR-VINCI
SRC-IAC-2018-43630,"Carbon-carbon Nozzle Extension Assembly for the RL10 Engines (IAC-18, C4.3, paper 43630)",IAF / IAC 2018,2018,conference paper (metadata page),"IAC-18,C4,3,x43630",https://iafastro.directory/iac/archive/browse/IAC-18/C4/3/43630/,B,secondary,METADATA_ONLY,search_result_only,ENG-US-RL10B-2
SRC-IAC-21-65631,"IAC-21,C4,1,5,x65631 (ArianeGroup Vinci paper, abstract)",IAF / ArianeGroup,2021,conference paper,,"https://p.iafastro.directory/iac/paper/id/65631/abstract-pdf/IAC-21,C4,1,5,x65631.brief.pdf",B,primary,METADATA_ONLY,search_result_only,ENG-FR-VINCI
SRC-IAC-LE9-2016,Overview of LE-9 Engine Development for H3 Launch Vehicle (IAC-16-C4.1),IAF,2016,conference paper,,https://iafastro.directory/iac/archive/browse/IAC-16/C4/1/35064/,B,secondary,METADATA_ONLY,search_result_only,ENG-JP-LE-9
SRC-IAC-LE9-2017,Design and Development Status of LE-9 Engine for H3 Launch Vehicle (IAC-17-C4.1),IAF,2017,conference paper,,https://iafastro.directory/iac/archive/browse/IAC-17/C4/1/36601/,B,secondary,METADATA_ONLY,search_result_only,ENG-JP-LE-9
SRC-IAC-LE9-2018,Result of Preliminary Design and Development Status of LE-9 Engine (IAC-18-C4.1),IAF,2018,conference paper,,https://iafastro.directory/iac/archive/browse/IAC-18/C4/1/43675/,B,secondary,METADATA_ONLY,search_result_only,ENG-JP-LE-9
SRC-IAC03-LAE-CN,A Long Duration and High Reliability Liquid Apogee Engine for Satellites (IAC-03.S.1.03),SISP,2003,IAC paper,,https://dl.iafastro.directory/event/IAC-2003/paper/IAC_03_S_1_03/,B,secondary,RESTRICTED_REFERENCE,search_result_only,ENG-CN-FY-25
SRC-IAC05-HTVPM,The Design Characteristics of the HTV Propulsion Module (IAC-05.C4.1),JAXA / MHI,2005,IAC paper,,https://iafastro.directory/iac/archive/browse/IAC-05/C4/1/2585/,B,secondary,RESTRICTED_REFERENCE,search_result_only,ENG-JP-HBT-5
SRC-IAC07-7632,The Lox-Methane upper stage motor development for the Lyra Launch Vehicle (IAC-07-D2.3),IAF (Avio),2007,conference paper,,https://iafastro.directory/iac/archive/browse/IAC-07/D2/3/7632/,B,secondary,METADATA_ONLY,search_result_only,ENG-IT-MIRA
SRC-IAC08-LE5B,Improvement program status of the LE-5B engine (IAC-08-C4.1.8),IAF,2008,conference paper,,https://iafastro.directory/iac/archive/browse/IAC-08/C4/1/1734/,B,secondary,METADATA_ONLY,search_result_only,ENG-JP-LE-5B-2
SRC-IAC10-AJHIPAT,Aerojet High-Performance Bipropellant Apogee Engines (IAC-10.C4.1.8239),Aerojet,2010,IAC paper,,https://iafastro.directory/iac/archive/browse/IAC-10/C4/1/8239/,B,secondary,RESTRICTED_REFERENCE,search_result_only,ENG-US-R-4D-11; ENG-US-R-4D-15; ENG-US-R-4D-CASSINI-MAIN-ENGINE
SRC-IAC10-MR80B,Integrated throttleable valve and engine development for Mars landings (IAC-10.C4.1),Aerojet / JPL,2010,conference paper,,https://iafastro.directory/iac/archive/browse/IAC-10/C4/1/8273/,B,primary,RESTRICTED_REFERENCE,search_result_only,ENG-US-MR-80; ENG-US-MR-80B
SRC-IAC10-V2PNE,Vulcain 2+ nozzle extension demonstrator (dump-cooled laser-welded sandwich wall),IAF / Volvo Aero,2010,conference paper,IAC-10 C4.3 8911,https://iafastro.directory/iac/archive/browse/IAC-10/C4/3/8911/,B,primary,RESTRICTED_REFERENCE,search_result_only,ENG-FR-VULCAIN-2
SRC-IAC11-12052,Hot testing of laser welded channel wall nozzles on Vulcain 2 engine and subscale staged combustion demo (IAC-11-C4.3),IAF (Volvo Aero),2011,conference paper,,https://iafastro.directory/iac/archive/browse/IAC-11/C4/3/12052/,B,secondary,METADATA_ONLY,search_result_only,ENG-FR-VULCAIN-2
SRC-IAC11-490N-CN,The development and flight history of the first generation 490N liquid apogee engine (IAC-11.C4.1),SISP (Shanghai Institute of Space Propulsion),2011,IAC paper,,https://iafastro.directory/iac/archive/browse/IAC-11/C4/1/11693/,B,secondary,RESTRICTED_REFERENCE,search_result_only,ENG-CN-FY-25
SRC-IAC11-CORRDIAPHRAGM,Development of a new-style propellant tank with corrugated diaphragm,IAF,2011,conference paper,IAC-11 C4.3 9263,https://iafastro.directory/iac/archive/browse/IAC-11/C4/3/9263/,B,primary,RESTRICTED_REFERENCE,search_result_only,
SRC-IAC12-14616,Overview of LNG propulsion system development (IAC-12-C4.1),IAF (JAXA/IHI),2012,conference paper,,https://iafastro.directory/iac/archive/browse/IAC-12/C4/1/14616/,B,secondary,METADATA_ONLY,search_result_only,ENG-JP-LE-8
SRC-IAC12-490N-GEN2,The development and qualification testing of the second generation high performance 490N liquid apogee engine (IAC-12.C4.1),SISP,2012,IAC paper,,https://iafastro.directory/iac/archive/browse/IAC-12/C4/1/13008/,B,secondary,RESTRICTED_REFERENCE,search_result_only,ENG-CN-TQS492-2
SRC-IAC13-17679,IAC-13-C4.1 paper 17679 (YF-77 system/component design and operating characteristics),IAF,2013,conference paper,,https://iafastro.directory/iac/archive/browse/IAC-13/C4/1/17679/,B,secondary,METADATA_ONLY,search_result_only,ENG-CN-YF-77
SRC-IAC13-18525,The Development of LOX/LH2 Engine in China (IAC-13-C4.1),IAF,2013,conference paper,,https://iafastro.directory/iac/archive/browse/IAC-13/C4/1/18525/,B,secondary,METADATA_ONLY,search_result_only,ENG-CN-YF-75
SRC-IAC13-20083,LOX-kerosene liquid rocket engine with a thrust of 9.8 MN,NPO Energomash (IAC-13 paper),2013,IAF congress paper,IAC-13.C4.P.20083 (paper number as shown in IAF archive URL),https://iafastro.directory/iac/archive/browse/IAC-13/C4/P/20083/,B,primary,RESTRICTED_REFERENCE,search_result_only,ENG-RU-RD-171M
SRC-IAC14-25117,IAC-14-C4.1 paper 25117 (CE-20 related; title not seen),IAF,2014,conference paper,,https://iafastro.directory/iac/archive/browse/IAC-14/C4/1/25117/,B,secondary,METADATA_ONLY,search_result_only,ENG-IN-CE-20
SRC-IAC15-27909,Engines for first space launch-vehicle,IAF (IAC-15),2015,IAF congress paper (history),,https://iafastro.directory/iac/archive/browse/IAC-15/E4/2/27909/,B,tertiary,RESTRICTED_REFERENCE,search_result_only,ENG-SU-RD-107
SRC-IAC15-30730,Development of a LM10-MIRA LOX-LNG expander cycle Demonstrator engine (IAC-15-C4.1),IAF (Avio),2015,conference paper,,https://iafastro.directory/iac/archive/browse/IAC-15/C4/1/30730/,B,secondary,METADATA_ONLY,search_result_only,ENG-IT-MIRA
SRC-IAC15-31185,Applying a Mature Green Propulsion Solution to Enhance Future Mission Capabilities (IAC-15.C4.1),Aerojet Rocketdyne,2015,IAC paper,,https://iafastro.directory/iac/archive/browse/IAC-15/C4/1/31185/,B,secondary,RESTRICTED_REFERENCE,search_result_only,ENG-US-GR-1
SRC-IAC15-LOXKERO-REVIEW,A Review of China's LOX/Kerosene Stage Combustion Cycle Rocket Engine (IAC-15-C4.1),IAF,2015,conference paper,,https://iafastro.directory/iac/archive/browse/IAC-15/C4/1/28419/,B,secondary,METADATA_ONLY,search_result_only,ENG-CN-YF-100
SRC-IAC16-32550,IAC-16-C4.3 paper 32550 (LPSC 440 N liquid apogee motor),IAF,2016,conference paper,,https://iafastro.directory/iac/archive/browse/IAC-16/C4/3/32550/,B,secondary,METADATA_ONLY,search_result_only,ENG-IN-LAM-440-N
SRC-IAC16-YF115,Static characteristic analysis of 180kN LOX/kerosene upper stage engine (IAC-16-C4.1),IAF,2016,conference paper,,https://iafastro.directory/iac/archive/browse/IAC-16/C4/1/32585/,B,secondary,METADATA_ONLY,search_result_only,ENG-CN-YF-115
SRC-IAC17-37290,IAC-17 C4.1 paper 37290 (title not seen),IAF,,conference paper,,https://iafastro.directory/iac/archive/browse/IAC-17/C4/1/37290/,B,primary,METADATA_ONLY,search_result_only,ENG-SU-RD-170
SRC-IAC17-41028,Sensitivity analysis of static parameters for the LOX/kerosene rocket engine (IAC-17-C4.5),IAF,2017,conference paper,,https://iafastro.directory/iac/archive/browse/IAC-17/C4/5/41028/,B,secondary,METADATA_ONLY,search_result_only,ENG-CN-YF-100
SRC-IAC17-41861,IAC-17-C4.1 paper 41861 (Chinese LOX/LH2 engine; title not seen),IAF,2017,conference paper,,https://iafastro.directory/iac/archive/browse/IAC-17/C4/1/41861/,B,secondary,METADATA_ONLY,search_result_only,ENG-CN-YF-77
SRC-IAC17-AR1,Continued Development of the Aerojet Rocketdyne AR1 Staged Combustion Booster Rocket Engine (IAC-17.C4.1),Aerojet Rocketdyne,2017,IAC paper,,https://iafastro.directory/iac/archive/browse/IAC-17/C4/1/40539/,B,secondary,RESTRICTED_REFERENCE,search_result_only,ENG-US-AR1
SRC-IAC18-490N-SISP,Latest Progress of High Performance Liquid Apogee Engine for Satellites in SISP (IAC-18.C4.1),SISP,2018,IAC paper,,https://iafastro.directory/iac/archive/browse/IAC-18/C4/1/45450/,B,secondary,RESTRICTED_REFERENCE,search_result_only,ENG-CN-490N-LAE-THIRD-GENERATION; ENG-CN-FY-25; ENG-CN-TQS492-2
SRC-IAC19-50565,IAC-19-C4.1 paper 50565 (KRE-075 related; title not seen),IAF,2019,conference paper,,https://iafastro.directory/iac/archive/browse/IAC-19/C4/1/50565/,B,secondary,METADATA_ONLY,search_result_only,ENG-KR-KRE-075
SRC-IAC19-53152,Development of KSLV-II and flight test of its one staged test vehicle employing newly developed main engine (KRE-75),IAF,2019,conference paper,,https://iafastro.directory/iac/archive/browse/IAC-19/D2/IP/53152/,B,secondary,METADATA_ONLY,search_result_only,ENG-KR-KRE-075
SRC-IAC19-SWAN,Status report SWAN sandwich nozzle program for Ariane 6,IAF,2019,conference paper,IAC-19 C4.10 49373,https://iafastro.directory/iac/archive/browse/IAC-19/C4/10/49373/,B,primary,RESTRICTED_REFERENCE,search_result_only,ENG-EU-VULCAIN-2-1
SRC-IAF-81-362,IAF-81-362 (Viking turbopump paper),IAF,1981,conference paper,,https://dl.iafastro.directory/event/IAC-1981/paper/IAF-81-362/,B,primary,METADATA_ONLY,search_result_only,ENG-FR-VIKING-2
SRC-IASGYAN-CE20,ISRO's CE20 cryogenic engine: advancing heavy-lift capabilities,IASGyan,,study-guide page,,https://www.iasgyan.in/daily-current-affairs/isros-ce20-cryogenic-engine-advancing-heavy-lift-capabilities,E,tertiary,RIGHTS_REVIEW_REQUIRED,search_result_only,ENG-IN-CE-20
SRC-IBIBLIO-SSMEOVERVIEW,SSME Overview (PDF; a search summary identifies it as JSC-19041; unverified),"NASA JSC (per summary; unverified), hosted by ibiblio.org",,NASA training/overview document,JSC-19041 (unverified),https://ibiblio.org/apollo/Shuttle/Reference/SSME%20Overview.pdf,A,primary,UNKNOWN,fetched,ENG-US-SSME-BLOCK-II
SRC-IE-AGNIBAAN,India rocket with 3D printed engine launches (Interesting Engineering),Interesting Engineering,2024,news article,,https://interestingengineering.com/space/india-rocket-with-3d-printed-engine-launches,D,tertiary,RIGHTS_REVIEW_REQUIRED,search_result_only,ENG-IN-AGNILET
SRC-IFENG-CE4-ENGINE,ifeng news on Chang'e-4 variable-thrust engine (Isp 308 -> 310 s),ifeng.com,,news,,https://news.ifeng.com/c/7kOfMGocJeX,D,tertiary,VALUES_WITH_ATTRIBUTION,search_result_only,ENG-CN-7500N-VARIABLE-THRUST-ENGINE
SRC-IFENG-CQ50-2026,ifeng tech report on CQ-50 (July 2026),ifeng,2026,news article,,https://tech.ifeng.com/c/8vgYxIQQHRm,D,tertiary,RIGHTS_REVIEW_REQUIRED,search_result_only,ENG-CN-WELKIN
SRC-IFENG-JD1,ifeng tech 7zDiSbgal5p (iSpace JD-1/JD-2),ifeng.com,,news article,,https://tech.ifeng.com/c/7zDiSbgal5p,D,secondary,RIGHTS_REVIEW_REQUIRED,search_result_only,ENG-CN-JD-1; ENG-CN-JD-2
SRC-IHI-GIHO-LE9-TP,H3ロケット1段エンジンLE-9ターボポンプの開発 (Development of LE-9 turbopumps for H3 first stage),IHI (IHI技報 Vol.57 No.3),2017,manufacturer technical journal,,https://repository.exst.jaxa.jp/dspace/handle/a-is/835996,A,primary,RESTRICTED_REFERENCE,search_result_only,ENG-JP-LE-9
SRC-IHIFAN-LE9,IHI aerospace LE-9 engine (third-party Japanese explainer site),unknown,,blog,,https://xn--29sob207cg49a.com/business/ihi-aerospace-le9-engine-2026/,E,tertiary,RIGHTS_REVIEW_REQUIRED,search_result_only,ENG-JP-LE-9
SRC-ILS-PMPG-A,"Proton Mission Planner's Guide, Section A",International Launch Services,,launch vehicle user guide,,https://www.ilslaunch.com/wp-content/uploads/pdf/PMPG%20Section%20A.pdf,A,primary,RIGHTS_REVIEW_REQUIRED,search_result_only,ENG-RU-RD-275M; ENG-SU-RD-0210
SRC-IM-NOVAC-PAGE,Intuitive Machines Nova-C page,Intuitive Machines,,manufacturer web page,,https://intuitivemachines.com/nova-c,A,primary,VALUES_WITH_ATTRIBUTION,search_result_only,ENG-US-VR900
SRC-IM-VR900-QUAL-2024,Intuitive Machines IM-2 Engine Qualification Advances Cargo Class Lander Development (2024-07-16),Intuitive Machines,2024,press release,,https://www.globenewswire.com/de/news-release/2024/07/16/2913771/0/en/Intuitive-Machines-IM-2-Engine-Qualification-Advances-Cargo-Class-Lander-Development.html,A,primary,VALUES_WITH_ATTRIBUTION,search_result_only,ENG-US-VR3500; ENG-US-VR900
SRC-INNOV-VULCAIN2-PROD,Vulcain 2 engine now in full production (press-release reprint),innovations-report (reprint; originator not identified),,press release reprint,,https://innovations-report.com/?p=45732,D,tertiary,RIGHTS_REVIEW_REQUIRED,search_result_only,ENG-FR-VULCAIN-2
SRC-INTERFAX-RD171MV,Roscosmos finalizes firing trials of world's most powerful rocket engine,Interfax,,news agency report,,https://interfax.com/newsroom/top-stories/82524/,D,tertiary,VALUES_WITH_ATTRIBUTION,search_result_only,ENG-RU-RD-171MV
SRC-IPROFESIONAL-VEX1A,"Tronador II: el gobierno dice que el cohete no explotó, simplemente cayó (iProfesional)",iProfesional,,news article,,https://www.iprofesional.com/negocios/181837-tronador-ii-el-gobierno-dice-que-el-cohete-no-exploto-simplemente-cayo,D,tertiary,RIGHTS_REVIEW_REQUIRED,search_result_only,ENG-AR-VEX-1A-ENGINE
SRC-ISPACE-FINALDESIGN-2020,HAKUTO-R reveals final design and plan for Mission 1 lunar lander (2020-07-30),ispace,2020,press release,,https://www.ispace-inc.com/2020/07/30/commercial-lunar-exploration-program-hakuto-r-reveals-final-design-and-plan-for-mission-1-lunar-lander/,A,primary,VALUES_WITH_ATTRIBUTION,search_result_only,
SRC-ISRO-CH3-PAGE,Chandrayaan-3 mission page,ISRO,,agency web page,,https://www.isro.gov.in/Chandrayaan3_New.html,A,primary,VALUES_WITH_ATTRIBUTION,search_result_only,ENG-IN-58-N-THRUSTER; ENG-IN-800-N-THROTTLEABLE-ENGINE
SRC-ISRO-COPYRIGHT,ISRO Copyright Policy,ISRO / Department of Space (India),,agency web page,,https://www.isro.gov.in/Copyright_Policy.html,A,primary,VALUES_WITH_ATTRIBUTION,search_result_only,
SRC-ISRO-PSLVC27,PSLV-C27 mission brochure,ISRO,2015,agency mission brochure,,https://www.isro.gov.in/media_isro/pdf/Missions/publication_PSLVC27.pdf,A,primary,RIGHTS_REVIEW_REQUIRED,search_result_only,ENG-IN-PS4-ENGINE-L-2-5
SRC-ISRO-SEMICRYO-2025,ISRO achieves major breakthrough in Semicryogenic Engine development (Mar 2025),ISRO,2025,agency press release,,https://www.isro.gov.in/ISRO_achieves_breakthrough_in_Semicryo_engine_development_Mar_2025_Final.html,A,primary,RIGHTS_REVIEW_REQUIRED,search_result_only,ENG-IN-SCE-200
SRC-ISRO-VIKAS-TEST,Vikas engine test campaign (human-rated L110-G Vikas),ISRO,2023,agency web page,,https://www.isro.gov.in/Vikas_engine_test_campaign.html,A,primary,RIGHTS_REVIEW_REQUIRED,search_result_only,ENG-IN-VIKAS; ENG-IN-VIKAS-HUMAN-RATED
SRC-IST-LV,Launch vehicle page (Interstellar Technologies),Interstellar Technologies,,manufacturer web page,,https://www.istellartech.com/?p=7908,A,primary,RIGHTS_REVIEW_REQUIRED,search_result_only,ENG-JP-INTERSTELLAR-TECHNOLOGIES-ZERO-FIRST-STAGE-ENGINE-COSMOS
SRC-IST-PP-2024,Interstellar's ZERO Rocket Turbopump Completes Power Pack Test (2024-08-23),Interstellar Technologies,2024,manufacturer press release,,https://istellartech.com/7hbym/wp-content/uploads/2024/08/20240823_Interstellers-ZERO-Rocket-Turbopump-Completes-Power-Pack-Test-1.pdf,A,primary,RIGHTS_REVIEW_REQUIRED,search_result_only,ENG-JP-INTERSTELLAR-TECHNOLOGIES-ZERO-FIRST-STAGE-ENGINE-COSMOS
SRC-IST-TP-2024,Turbopump Test Clears Path for Interstellar's ZERO Rocket (2024-03-14),Interstellar Technologies,2024,manufacturer press release,,https://www.istellartech.com/7hbym/wp-content/uploads/2024/03/20240314_Turbopump-Test-Clears-Path-for-Interstellars-ZERO-Rocket-Merging-Expertise-to-Tackle-Complex-Heart-of-Engine.pdf,A,primary,RIGHTS_REVIEW_REQUIRED,search_result_only,ENG-JP-INTERSTELLAR-TECHNOLOGIES-ZERO-FIRST-STAGE-ENGINE-COSMOS
SRC-IST-ZERO-UG,ZERO User's Guide,Interstellar Technologies,,manufacturer user's guide,,https://istellartech.com/7hbym/wp-content/themes/ist_2023/assets/pdf/usersguide_zero.pdf,A,primary,RIGHTS_REVIEW_REQUIRED,search_result_only,ENG-JP-INTERSTELLAR-TECHNOLOGIES-ZERO-FIRST-STAGE-ENGINE-COSMOS
SRC-ITHOME-434823,ITHome 434823 (2019 LandSpace TQ-11/TQ-12 plan),ITHome,2019,news article,,https://www.ithome.com/0/434/823.htm,D,secondary,RIGHTS_REVIEW_REQUIRED,search_result_only,ENG-CN-TQ-11
SRC-ITHOME-628718,"深蓝航天 雷霆-R1 report (IT之家, 2022)",IT之家,2022,news article,,https://www.ithome.com/0/628/718.htm,D,tertiary,RIGHTS_REVIEW_REQUIRED,search_result_only,ENG-CN-LEIYU-THUNDER-R1
SRC-ITHOME-638884,ITHome 638884 (iSpace JD-2 GG/igniter test 2022),ITHome,2022,news article,,https://www.ithome.com/0/638/884.htm,D,secondary,RIGHTS_REVIEW_REQUIRED,search_result_only,ENG-CN-JD-2
SRC-ITHOME-655315,ITHome 655315 (2022 TH-12 report),ITHome,2022,news article,,https://www.ithome.com/0/655/315.htm,D,secondary,RIGHTS_REVIEW_REQUIRED,search_result_only,ENG-CN-TH-12
SRC-ITHOME-893006,九州云箭 龙云 report (IT之家),IT之家,,news article,,https://www.ithome.com/0/893/006.htm,D,tertiary,RIGHTS_REVIEW_REQUIRED,search_result_only,ENG-CN-LONGYUN
SRC-ITHOME-898210,星河动力 苍穹-50(CQ-50) 变推力试车 (IT之家),IT之家,,news article,,https://www.ithome.com/0/898/210.htm,D,tertiary,RIGHTS_REVIEW_REQUIRED,search_result_only,ENG-CN-WELKIN
SRC-JANES,Jane's Space Systems and Industry / Janes database,Janes,,commercial database,,,D,secondary,RESTRICTED_REFERENCE,paywalled,
SRC-JATM-IAE-2009,Liquid propulsion at IAE: vision of the activities and future perspectives (doi:10.5028/jatm.2009.010199106),IAE (JATM),2009,journal paper,,https://jatm.com.br/jatm/article/view/13,B,secondary,RIGHTS_REVIEW_REQUIRED,search_result_only,ENG-BR-L15; ENG-BR-L5; ENG-BR-L75
SRC-JATM-L75-386,Development Status of the L75: A Brazilian Liquid Propellant Rocket Engine (JATM),IAE/DCTA (J. Aerosp. Technol. Manag.),2014,journal paper (open access),,https://jatm.com.br/jatm/article/view/386,B,secondary,RIGHTS_REVIEW_REQUIRED,search_result_only,ENG-BR-L75
SRC-JAXA-61856043,JAXA repository record 16179 (file 61856043.pdf) - document summarising CADB RD-0120 data from an AIAA paper,JAXA,,agency technical document,,https://jaxa.repo.nii.ac.jp/record/16179/files/61856043.pdf,B,secondary,RESTRICTED_REFERENCE,search_result_only,ENG-SU-RD-0120
SRC-JAXA-AA1740298002,JAXA repository paper on LE-9 (title unverified),JAXA,,JAXA report/paper,AA1740298002,https://repository.exst.jaxa.jp/dspace/bitstream/a-is/835996/1/AA1740298002.pdf,B,primary,RIGHTS_REVIEW_REQUIRED,search_result_only,ENG-JP-LE-7A; ENG-JP-LE-9
SRC-JAXA-AKATSUKI-2010,JAXA press release: Akatsuki orbit maneuvering engine test (2010-07-06),JAXA,2010,agency press release,,https://global.jaxa.jp/press/2010/07/20100706_akatsuki_e.html,A,primary,VALUES_WITH_ATTRIBUTION,search_result_only,ENG-JP-AKATSUKI-OME
SRC-JAXA-H2,Space Transportation Systems: H-II Launch Vehicle,JAXA,,agency web page,,https://global.jaxa.jp/projects/rockets/h2/index.html,A,primary,RIGHTS_REVIEW_REQUIRED,search_result_only,ENG-JP-LE-7
SRC-JAXA-PRESS-LE9-2017,JAXA press material on LE-9 (2017-09-05),JAXA,2017,agency press material,,https://www.jaxa.jp/press/2017/09/files/20170905_le-9.pdf,A,primary,RIGHTS_REVIEW_REQUIRED,search_result_only,ENG-JP-LE-9
SRC-JAXA-REPO-POLICY,JAXA Repository (AIREX) deposit/copyright policy,JAXA,,repository policy document,,https://www.isas.jaxa.jp/home/labam/JAXA Repository.pdf,A,primary,RIGHTS_REVIEW_REQUIRED,search_result_only,
SRC-JAXA-REPOSITORY,"JAXA Repository / AIREX (JAXA-RR, JAXA-SP, NAL/NASDA/ISAS legacy reports)",JAXA,,report repository,JAXA-RR-xx-xxx,https://jaxa.repo.nii.ac.jp/,A,primary,RIGHTS_REVIEW_REQUIRED,search_result_only,
SRC-JAXA-SAC-2010-LNG,LNG推進系 report to Space Activities Commission (2010-03-31),JAXA,2010,agency report,,https://www.jaxa.jp/press/2010/03/20100331_sac_lng.pdf,A,primary,RIGHTS_REVIEW_REQUIRED,search_result_only,ENG-JP-LE-8
SRC-JAXA-SITE-POLICY,JAXA Site Policy / Terms of Use,JAXA,,agency web page,,https://global.jaxa.jp/policy.html,A,primary,RIGHTS_REVIEW_REQUIRED,search_result_only,
SRC-JAXA-TND7375,JAXA repository record: Apollo experience report: Service propulsion subsystem,JAXA,,repository catalogue record,a-is/197647,https://repository.exst.jaxa.jp/dspace/handle/a-is/197647,A,tertiary,METADATA_ONLY,search_result_only,ENG-US-AJ10-137
SRC-JAXAREPO-44968,Preburner performance evaluation method for staged-combustion engines (JAXA repository record 44968),JAXA,,agency report / paper record,,https://jaxa.repo.nii.ac.jp/records/44968,B,secondary,METADATA_ONLY,search_result_only,ENG-JP-LE-7A
SRC-JAXAREPO-45126,LE-5 engine start-up transient simulation (JAXA repository record 45126),NASDA/NAL (JAXA repository),,agency report record,,https://jaxa.repo.nii.ac.jp/records/45126,B,secondary,METADATA_ONLY,search_result_only,
SRC-JAXAREPO-45156,JAXA repository record 45156 (LE-7A related; title not seen),JAXA,,agency report repository,,https://jaxa.repo.nii.ac.jp/records/45156,A,primary,UNKNOWN,search_result_only,ENG-JP-LE-7A
SRC-JBIS-GAMMA-1990,"The Gamma Rocket Engines for Black Knight (JBIS, Andrews & Sunley, 1990)",British Interplanetary Society,1990,journal paper,,https://bis-space.com/shop/product/the-gamma-rocket-engines-for-black-knight/,B,primary,RESTRICTED_REFERENCE,search_result_only,ENG-GB-GAMMA-201; ENG-GB-GAMMA-301
SRC-JIEMIAN-14422448,九州云箭 report (Jiemian),界面新闻,,news article,,https://m.jiemian.com/article/14422448.html,D,tertiary,RIGHTS_REVIEW_REQUIRED,search_result_only,ENG-CN-LONGYUN
SRC-JIEMIAN-TQ,Jiemian article 11705988 on LandSpace engines,Jiemian (界面新闻),,news article,,https://www.jiemian.com/article/11705988.html,D,secondary,RIGHTS_REVIEW_REQUIRED,search_result_only,ENG-CN-TQ-15A
SRC-JPP-2018-LIOI,Linear acoustic analysis of main combustion chamber of an oxidizer-rich staged combustion engine,AIAA Journal of Propulsion and Power,2018,journal article,DOI 10.2514/1.B36878,"https://yang.gatech.edu/publications/Journal/JPP (2018, Lioi) ORSC main chamber.pdf",B,secondary,RESTRICTED_REFERENCE,not_retrieved,ENG-SU-RD-170
SRC-JSC-10588,Flight Procedures Handbook: OMS/RCS On-Orbit Operations (Nov 1980),NASA JSC,1980,flight procedures handbook,JSC 10588,https://ibiblio.org/apollo/Shuttle/JSC%2010588%20-%20Flight%20Procedures%20Handbook%20OMS%20RCS%20On%20Orbit%20Operations%20198011.pdf,A,primary,RIGHTS_REVIEW_REQUIRED,search_result_only,ENG-US-AJ10-190
SRC-JSC-11174-RevE,Space Shuttle Systems Handbook Vol. 1 Rev E,NASA JSC,,systems handbook (drawings),JSC-11174,https://www.ibiblio.org/apollo/Shuttle/Space_Shuttle_Systems_Handbook_Vol1_RevE.pdf,A,primary,RIGHTS_REVIEW_REQUIRED,search_result_only,ENG-US-AJ10-190; ENG-US-SSME-BLOCK-II
SRC-JSC-19950,"Orbiter System Training Manual: Orbital Maneuvering System (OMS 2102), April 1995",NASA JSC,1995,training manual,JSC-19950,https://ibiblio.org/apollo/Shuttle/JSC-19950%20-%20OMS%202102%20-%20Orbiter%20System%20Training%20Manual%20-%20Orbital%20Maneuvering%20System.pdf,A,primary,RIGHTS_REVIEW_REQUIRED,fetched,ENG-US-AJ10-190
SRC-KARI-SITE,KARI website copyright / KOGL (공공누리) status,KARI,,agency web page,,https://www.kari.re.kr/,A,primary,UNKNOWN,not_retrieved,
SRC-KLABS-AERINDEX,Apollo Experience Reports index (NASA Office of Logic Design),klabs.org,,web index,,https://www.klabs.org/history/apollo_experience_reports/index.htm,D,tertiary,METADATA_ONLY,search_result_only,ENG-US-LMDE
SRC-KOD-RD180,"Raptor vs RD-180 (Roscosmos response, Feb 2019)",kod.ru,2019,news article,,https://kod.ru/raptor-vs-rd-180-roskosmos-feb-2019,E,tertiary,VALUES_WITH_ATTRIBUTION,search_result_only,ENG-RU-RD-180
SRC-KOREASCI-AJ26,Korean paper with AJ26-62 table (JAKO201608361186758),KoreaScience,2016,journal paper,,https://www.koreascience.or.kr/article/JAKO201608361186758.pdf,B,secondary,RESTRICTED_REFERENCE,search_result_only,ENG-US-AJ26-62
SRC-KPI-GLUSHKO,KPI article on Glushko engines (kpi.ua/en/829-6),Igor Sikorsky Kyiv Polytechnic Institute,,university web article,,https://kpi.ua/en/829-6,D,tertiary,RIGHTS_REVIEW_REQUIRED,search_result_only,ENG-SU-RD-100; ENG-SU-RD-101; ENG-SU-RD-103M
SRC-KSCI-KARI-2009-KRE75,"KARI 75 tonf-class engine design paper (KSPE/koreascience CFKO200911764903166, 2009)",KARI (koreascience),2009,conference paper,,https://koreascience.kr/article/CFKO200911764903166.pdf,B,secondary,METADATA_ONLY,search_result_only,ENG-KR-KRE-075
SRC-KSCI-KARI-2016-TP,"KARI 75 tonf turbopump turbine performance paper (koreascience JAKO201630762633289, 2016)",KARI (koreascience),2016,journal paper,,https://koreascience.or.kr/article/JAKO201630762633289.pdf,B,secondary,METADATA_ONLY,search_result_only,ENG-KR-KRE-075
SRC-KSCI-KSR3-FPS,KSME conference paper on KSR-III flight propulsion system (CFKO200123513954207),KSME (koreascience),2001,conference paper,,https://koreascience.or.kr/article/CFKO200123513954207.page,B,secondary,METADATA_ONLY,search_result_only,ENG-KR-KSR-III-ENGINE
SRC-KSCI-KSR3-SUBSCALE,KSR-III 엔진 축소형 모델 연소 특성(I) (KSR-III subscale engine combustion characteristics),KARI (koreascience CFKO200123513953959),2001,conference paper,,https://www.koreascience.or.kr/article/CFKO200123513953959.page?lang=ko,B,secondary,METADATA_ONLY,search_result_only,ENG-KR-KSR-III-ENGINE
SRC-KSP-OTRAG,So who has ever heard of OTRAG? (KSP forum),Kerbal Space Program forum,,forum,,https://forum.kerbalspaceprogram.com/topic/79440-so-who-has-ever-heard-of-otrag,E,tertiary,RIGHTS_REVIEW_REQUIRED,search_result_only,ENG-DE-OTRAG-CRPU-ENGINE
SRC-L3H-BIPROP-2023,AJRD/L3Harris Bipropellant Rocket Engines spec sheet (CMYK 061423),L3Harris (Aerojet Rocketdyne),2023,manufacturer datasheet,,https://www.l3harris.com/sites/default/files/2023-07/AJRD-LHX_Bipropellant_Rocket_Engines_SpecSheet_CMYK_061423_APPROVED.pdf,A,primary,VALUES_WITH_ATTRIBUTION,search_result_only,ENG-US-R-40B; ENG-US-R-42
SRC-L3H-BIPROP-2024,"L3Harris AR bipropellant rocket engines sheet (L26240, July 2024)",L3Harris,2024,manufacturer datasheet,L26240,https://l3harris.com/sites/default/files/2024-07/l3harris-ar-bipropellant-rocket-engines.pdf,A,primary,VALUES_WITH_ATTRIBUTION,search_result_only,ENG-US-R-40B; ENG-US-R-42; ENG-US-R-4D-11
SRC-L3H-LHX-SPECSHEET-2024,"Bipropellant Rocket Engines spec sheet (L24789, approved 2024-02-22)",L3Harris (Aerojet Rocketdyne),2024,manufacturer datasheet,L24789,https://www.l3harris.com/sites/default/files/2024-02/L24789-AJRD-LHX-Bipropellant-Rocket-Engines-SpecSheet-APPROVED-022224.pdf,A,primary,VALUES_WITH_ATTRIBUTION,search_result_only,ENG-US-R-4D-11
SRC-L3H-MONO-2023,AJRD/L3Harris Monopropellant Rocket Engines spec sheet (CMYK 061423),L3Harris (Aerojet Rocketdyne),2023,manufacturer datasheet,,https://www.l3harris.com/sites/default/files/2023-07/AJRD-LHX_Monopropellant_Rocket_Engines_SpecSheet_CMYK_061423_APPROVED.pdf,A,primary,VALUES_WITH_ATTRIBUTION,search_result_only,ENG-US-MR-103G; ENG-US-MR-103J; ENG-US-MR-104; ENG-US-MR-111G; ENG-US-MR-80B
SRC-L3H-MONO-2025,L3Harris AR monopropellant rocket engines sheet (Oct 2025),L3Harris,2025,manufacturer datasheet,,https://www.l3harris.com/sites/default/files/2025-10/l3harris-ar-monopropellant-rocket-engines.pdf,A,primary,VALUES_WITH_ATTRIBUTION,search_result_only,ENG-US-MR-103J; ENG-US-MR-106L; ENG-US-MR-106M; ENG-US-MR-107S; ENG-US-MR-107T; ENG-US-MR-107U; ENG-US-MR-107V; ENG-US-MR-111G
SRC-L3H-MONO-WEB,Monopropellant Rocket Engines (L3Harris supplier-net page),L3Harris / Aerojet Rocketdyne,,manufacturer web page,,https://arsuppliernet.l3harris.com/space/space-power-propulsion/monopropellant-rocket-engines,A,primary,VALUES_WITH_ATTRIBUTION,search_result_only,
SRC-L3H-RS68A-DS,RS-68A data sheet,Aerojet Rocketdyne / L3Harris,,manufacturer datasheet,RS-68A_data_sheet.pdf,https://arsuppliernet.l3harris.com/sites/default/files/documents/RS-68A_data_sheet.pdf,A,primary,VALUES_WITH_ATTRIBUTION,not_retrieved,ENG-US-RS-68A
SRC-L3H-SLS-BROCHURE-2022,SLS Awesomeness brochure (FINAL_DIGITAL_SLS_Awesomeness_01_2022),Aerojet Rocketdyne / L3Harris,2022,manufacturer brochure,,https://arsuppliernet.l3harris.com/sites/default/files/documents/FINAL_DIGITAL_SLS_Awesomeness_01_2022.pdf,A,primary,VALUES_WITH_ATTRIBUTION,search_result_only,ENG-US-RS-25E
SRC-L3H-VIKING,Enduring legacy: L3Harris propulsion on Viking missions,L3Harris,2025,manufacturer article,,https://l3harris.com/newsroom/editorial/2025/08/enduring-legacy-l3harris-propulsion-viking-missions,A,secondary,VALUES_WITH_ATTRIBUTION,search_result_only,ENG-US-MR-80; ENG-US-MR-80B
SRC-L3HARRIS-RL10-SPEC,RL10 spec sheet (L3Harris / Aerojet Rocketdyne),L3Harris (Aerojet Rocketdyne),2024,manufacturer datasheet,l3harris-ar-rl10-spec-sheet.pdf; AJRD-LHX_RL10_SpecSheet 2024-01; arsuppliernet RL10_data_sheet.pdf,https://l3harris.com/sites/default/files/2024-07/l3harris-ar-rl10-spec-sheet.pdf,A,primary,VALUES_WITH_ATTRIBUTION,not_retrieved,ENG-US-RL10A-4-2
SRC-L3HARRIS-RS25-SPEC,RS-25 spec sheet (L3Harris / Aerojet Rocketdyne),L3Harris (Aerojet Rocketdyne),2024,manufacturer datasheet,l3harris-ar-rs-25-spec-sheet.pdf; also AJRD-LHX_RS-25_SpecSheet 2023-07 and arsuppliernet lr_3-26-19_RS25 data sheet,https://l3harris.com/sites/default/files/2024-07/l3harris-ar-rs-25-spec-sheet.pdf,A,primary,VALUES_WITH_ATTRIBUTION,fetched,ENG-US-SSME-BLOCK-II
SRC-L3HARRIS-RS25-WEB,RS-25 Engine (capabilities web page),L3Harris,,manufacturer web page,,https://l3harris.com/all-capabilities/rs-25-engine,A,primary,VALUES_WITH_ATTRIBUTION,search_result_only,ENG-US-SSME-BLOCK-II
SRC-LAW-EU-DB-DIRECTIVE,Directive 96/9/EC on the legal protection of databases,European Parliament and Council,1996,legislation,"Directive 96/9/EC (OJ L 77, 27.3.1996)",https://eur-lex.europa.eu/eli/dir/1996/9/oj,A,primary,OPEN_LICENSE,not_retrieved,
SRC-LAW-FEIST,"Feist Publications, Inc. v. Rural Telephone Service Co., 499 U.S. 340 (1991)",US Supreme Court,1991,court decision,499 U.S. 340,,A,primary,PUBLIC_DOMAIN_GOV,not_retrieved,
SRC-LLMPEDIA,LLMpedia (AI-generated encyclopedia) pages on RD-170/171/107/108/253/0120/NK-33,LLMpedia (scads.ai),,AI-generated encyclopedia,,https://llmpedia.scads.ai/deepseek/RD-171.html,E,tertiary,UNKNOWN,search_result_only,
SRC-LLMPEDIA-HM7B,HM7B (LLM-generated),LLMpedia (ScaDS.AI),,LLM-generated encyclopedia,,https://llmpedia.scads.ai/gpt-5-mini/HM7B.html,E,tertiary,UNKNOWN,search_result_only,ENG-FR-HM7B
SRC-LOC-HAER-CA2408,"HAER CA-2408: Titan II 395-D Launch Complex, Vandenberg",Library of Congress / NPS HAER,,HAER survey (metadata),HAER CA-2408 (loc.gov item ca4641),https://www.loc.gov/item/ca4641,A,primary,PUBLIC_DOMAIN_GOV,search_result_only,ENG-US-LR87-AJ-5
SRC-LOC-TX1115,Library of Congress item tx1115,Library of Congress,,unknown (possibly HAER/HABS record),tx1115,https://www.loc.gov/item/tx1115,A,UNKNOWN,UNKNOWN,search_result_only,
SRC-LPRE-NPOEM-RD0120UP,"Modernisation of RD0120 feed units (A.V. Ivanov, A.I. Dmitrenko) - PDF 'NPOEM_RD0120_up'",KBKhA authors; hosted by software.lpre.de,,journal/conference article,,https://software.lpre.de/resources/articles/NPOEM_RD0120_up.pdf,B,primary,RESTRICTED_REFERENCE,search_result_only,ENG-RU-KVD-1; ENG-SU-11D57; ENG-SU-RD-0120
SRC-M3D-AGNIKUL-2026,"Agnikul 3D-printed rocket engine cluster (manufactur3dmag, 2026)",Manufactur3D,2026,news article,,https://manufactur3dmag.com/agnikul-3d-printed-rocket-engine-cluster/,D,tertiary,RIGHTS_REVIEW_REQUIRED,search_result_only,ENG-IN-AGNILET
SRC-M3D-SKYROOT-2026,"Skyroot test-fires 3D printed cryogenic engine (manufactur3dmag, 2026)",Manufactur3D,2026,news article,,https://manufactur3dmag.com/skyroot-test-fires-3d-printed-cryogenic-engine/,D,tertiary,RIGHTS_REVIEW_REQUIRED,search_result_only,ENG-IN-DHAWAN-2
SRC-MACHINIST-AGNIKUL,Agnikul tests electric motor driven semi cryogenic rocket engine (May 2025),The Machinist,2025,news article,,https://machinist.in/2025/05/agnikul-tests-electric-motor-driven-semi-cryogenic-rocket-engine/,D,tertiary,RIGHTS_REVIEW_REQUIRED,search_result_only,ENG-IN-AGNILET
SRC-MANIFOLD-STARSHIP,Did IFT2 or 3 use preburner exhaust (prediction-market page),Manifold Markets,,forum,,https://manifold.markets/JessRiedel/did-ift2-or-3-use-preburner-exhaust,E,tertiary,UNKNOWN,search_result_only,ENG-US-RAPTOR
SRC-MASTEN-ENGINES,Masten rocket engines pages (masten.aero),Masten Space Systems,,manufacturer web page,,https://masten.aero/?p=2219,A,primary,VALUES_WITH_ATTRIBUTION,search_result_only,ENG-US-BROADSWORD; ENG-US-SCIMITAR
SRC-MECAIND-2020-T1,"Comparative engine table T1 (Mechanics & Industry 2020, mi190197)",Mechanics & Industry (EDP),2020,journal table (open access),,https://www.mechanics-industry.org/articles/meca/full_html/2020/05/mi190197/T1.html,B,secondary,RIGHTS_REVIEW_REQUIRED,search_result_only,ENG-FR-VULCAIN-2
SRC-MECO-BROADSWORD-2017,"Masten Making Progress on Broadsword, New Lander (2017-05)",Main Engine Cut Off (blog),2017,blog,,https://mainenginecutoff.com/blog/2017/05/masten-broadsword-new-lander,E,tertiary,VALUES_WITH_ATTRIBUTION,search_result_only,ENG-US-BROADSWORD
SRC-MECO-CYGNUS-REBOOST-2018,Cygnus Successfully Tests Station Reboost,Main Engine Cut Off (blog),2018,blog,,https://mainenginecutoff.com/blog/2018/07/cygnus-station-reboost,E,tertiary,VALUES_WITH_ATTRIBUTION,search_result_only,ENG-JP-BT-4
SRC-MECO-MXP351-2017,Masten's Green Bipropellant: MXP-351 (2017-03),Main Engine Cut Off (blog),2017,blog,,https://mainenginecutoff.com/blog/2017/03/mxp-351,E,tertiary,VALUES_WITH_ATTRIBUTION,search_result_only,ENG-US-MACHETE
SRC-METALAM-AGILE-NYX,Agile Space to supply AM thrusters for Nyx mission to ISS,Metal AM,,trade news,,https://www.metal-am.com/agile-space-to-supply-am-thrusters-for-nyx-mission-to-iss/,D,tertiary,VALUES_WITH_ATTRIBUTION,search_result_only,ENG-US-DS250
SRC-METALAM-PS4,ISRO successfully hot tests additively manufactured PS4 rocket engine,Metal AM magazine,,news article,,https://www.metal-am.com/?p=99810,D,tertiary,RIGHTS_REVIEW_REQUIRED,search_result_only,ENG-IN-PS4-ENGINE-L-2-5
SRC-METALAM-V21,Ariane Vulcain 2.1 engine completes first successful test firing with AM components,Metal AM magazine,,trade press,,https://www.metal-am.com/ariane-vulcain-2-1-engine-completes-first-successful-test-firing-components/,D,secondary,RESTRICTED_REFERENCE,search_result_only,ENG-FR-VULCAIN-2-1
SRC-MEXT-SAC-1997,Space Activities Commission (宇宙開発委員会) 1997 meeting materials on LE-7A / H-IIA (NASDA material hosted by MEXT),MEXT / NASDA,1997,"government committee document (PDF, OCR)",,https://www.mext.go.jp/content/19970409-mxt_uchukai01-000026358_6.pdf,A,primary,RIGHTS_REVIEW_REQUIRED,search_result_only,ENG-JP-LE-7; ENG-JP-LE-7A
SRC-MFR-DATASHEETS,"Manufacturer engine datasheets / web pages (class): L3Harris (ex-Aerojet Rocketdyne), ArianeGroup, MHI, Moog, Northrop Grumman, SpaceX, Rocket Lab, IHI, Blue Origin",various,,manufacturer datasheet,,,A,primary,VALUES_WITH_ATTRIBUTION,not_retrieved,
SRC-MHI-LE5B,"H3, H-IIA/B Second Stage Engine LE-5B (product page)",Mitsubishi Heavy Industries,,manufacturer web page,,https://www.mhi.com/business/products-services/space-defense/rocket-engines-testing/h3-h2a-h2b-second-stage-engine-le-5b,A,primary,RIGHTS_REVIEW_REQUIRED,search_result_only,ENG-JP-LE-5B-3
SRC-MHI-LE7A,H-IIA/B First Stage Engine LE-7A (product page),Mitsubishi Heavy Industries,,manufacturer web page,,https://www.mhi.com/business/products-services/space-defense/rocket-engines-testing/h2a-h2b-first-stage-engine-le-7a,A,primary,RIGHTS_REVIEW_REQUIRED,search_result_only,ENG-JP-LE-7A
SRC-MHI-LE9,First stage engine LE-9 (product page),Mitsubishi Heavy Industries,,manufacturer web page,,https://www.mhi.com/products/space/first_stage_engine_le-9.html,A,primary,RIGHTS_REVIEW_REQUIRED,search_result_only,ENG-JP-LE-9
SRC-MHI-LEX,Development of the LE-X Engine (MHI Technical Review),Mitsubishi Heavy Industries,,manufacturer technical journal,UNKNOWN,,B,primary,RESTRICTED_REFERENCE,not_retrieved,ENG-JP-LE-9; ENG-JP-LE-X
SRC-MHI-TR55-2,"MHI Technical Review Vol.55 No.2 (2018), LE-9 combustion stability",Mitsubishi Heavy Industries,2018,manufacturer technical journal,abstract-55-2-170,https://www.mhi.com/technology/review/abstract-55-2-170,A,primary,RESTRICTED_REFERENCE,search_result_only,ENG-JP-LE-9
SRC-MILAERO-STARLINER,Boeing selects Aerojet Rocketdyne to support human spaceflight,Military & Aerospace Electronics,,news,,https://www.militaryaerospace.com/commercial-aerospace/article/14228624/boeing-selects-aerojet-rocketdyne-to-support-human-spaceflight-in-us-carry-americans-to-iss,D,tertiary,VALUES_WITH_ATTRIBUTION,search_result_only,ENG-US-STARLINER-LAE; ENG-US-STARLINER-OMAC
SRC-MILSTD-T2START,Titan II Missile System Start Sequence,themilitarystandard.com,,enthusiast web page,,https://www.themilitarystandard.com/missile/titan2/startsequence.php,E,tertiary,RESTRICTED_REFERENCE,search_result_only,ENG-US-LR87-AJ-5; ENG-US-LR91-AJ-5
SRC-MM-R7KIT,Cutting Edge 1/144 R-7 ICBM (model review with engine description),modelingmadness.com,,hobby web page,,https://mail.modelingmadness.com/review/misc/hofr7.htm,E,tertiary,UNKNOWN,search_result_only,ENG-SU-RD-107
SRC-MOJAVE-EZROCKET,XCOR EZ-Rocket (Mojave Air & Space Port page),Mojave Air & Space Port,,web page,,https://www.mojaveairport.com/node/2741,D,tertiary,VALUES_WITH_ATTRIBUTION,search_result_only,ENG-US-XR-4A3
SRC-MONOIST-H3-2020,"H3ロケットの完成が1年延期に、エンジン開発の「魔物」はどこに潜んでいたのか (MONOist, 2020-10-14)",ITmedia MONOist,2020,news article,,https://monoist.itmedia.co.jp/mn/articles/2010/14/news013_2.html,D,tertiary,RIGHTS_REVIEW_REQUIRED,search_result_only,ENG-JP-LE-9
SRC-MOOG-BIPROP-PAGE,Bipropellant Attitude Control System (ACS) Thrusters (product page and datasheet),Moog,,manufacturer web page/datasheet,,https://www.moog.com/products/propulsion-controls/spacecraft-propulsion/thrusters/bipropellant-thrusters.html,A,primary,VALUES_WITH_ATTRIBUTION,search_result_only,ENG-US-DST-11H; ENG-US-DST-12; ENG-US-DST-13
SRC-MSC-05161-A15S4,Apollo 15 Mission Report Supplement 4: Descent Propulsion System Final Flight Evaluation (LM-10),NASA MSC / contractor,1972,mission report supplement,MSC-05161 (Sept 1972),https://ibiblio.org/apollo/Documents/19730023018.pdf,A,primary,RIGHTS_REVIEW_REQUIRED,search_result_only,ENG-US-LMDE
SRC-MSFC-F1-FACTSHEET-1968,Saturn V News Reference: F-1 Engine Fact Sheet (Dec 1968),NASA MSFC,1968,NASA press reference,,http://history.msfc.nasa.gov/saturn_apollo/documents/F-1_Engine.pdf,A,primary,PUBLIC_DOMAIN_GOV,not_retrieved,ENG-US-F-1
SRC-MSFC-SATURNV-FLIGHTMANUAL,Saturn V Flight Manual (SA-50x),NASA MSFC,,NASA flight manual,MSFC-MAN-50x (unverified),,A,primary,PUBLIC_DOMAIN_GOV,not_retrieved,ENG-US-F-1
SRC-MUZEUM-KRAKOW-HWK,Walter HWK 109-501 and HWK 109-507 exhibits,"Polish Aviation Museum, Krakow",,museum catalogue,,https://muzeumlotnictwa.pl/en/exhibits/walter-hwk-109-501-2/,D,secondary,RIGHTS_REVIEW_REQUIRED,search_result_only,ENG-DE-HWK-109-501; ENG-DE-HWK-109-507
SRC-MYNAVI-CHINA2,Mynavi TECH+ article on Chinese rockets,Mynavi News,,news article,,https://news.mynavi.jp/techplus/article/china-2/,D,secondary,RIGHTS_REVIEW_REQUIRED,search_result_only,ENG-CN-YF-115
SRC-NAKEDSCI-NK33,naked-science.ru Q&A on NK-33,Naked Science,,popular science Q&A,,https://naked-science.ru/qa/971324/,E,tertiary,VALUES_WITH_ATTRIBUTION,search_result_only,ENG-SU-NK-33
SRC-NAKEDSCI-RAPTOR,Двигатель SpaceX превзошёл ... (Raptor vs RD-180/RD-170 article),Naked Science (naked-science.ru),,popular-science news web page (Russian),,https://naked-science.ru/article/cosmonautics/dvigatel-spacex-prevzoshel,E,secondary,VALUES_WITH_ATTRIBUTION,search_result_only,ENG-RU-RD-180; ENG-SU-RD-170
SRC-NAMMO-LEROS1B,LEROS 1b Apogee Engine (product page),Nammo,,manufacturer web page,,https://www.nammo.com/products/space/space-propulsion-thrusters-and-engines/nammo-space-leros-1b-apogee-engine/,A,primary,VALUES_WITH_ATTRIBUTION,search_result_only,ENG-GB-LEROS-1B
SRC-NAMU-KRE075,KRE-075 (Namu Wiki mirror),namu.wiki (namu.moe mirror),,web encyclopedia,,https://namu.moe/w/KRE-075,E,tertiary,RIGHTS_REVIEW_REQUIRED,search_result_only,ENG-KR-KRE-075; ENG-KR-KRE-075-2ND-STAGE
SRC-NAP-11780,A Review of United States Air Force and Department of Defense Aerospace Propulsion Needs,National Research Council (National Academies Press),2006,NRC report,NAP 11780,https://www.nationalacademies.org/read/11780/page/256,B,secondary,RESTRICTED_REFERENCE,fetched,ENG-US-RL10A-4; ENG-US-RL10A-4-2; ENG-US-RL10B-2; ENG-US-RS-68
SRC-NAS-11780-2006,A Review of United States Air Force and Department of Defense Aerospace Propulsion Needs (Appendix D),National Academies Press,2006,report,ISBN/NAP 11780,https://www.nationalacademies.org/read/11780/chapter/13,B,secondary,RESTRICTED_REFERENCE,search_result_only,ENG-US-RS-68
SRC-NAS-DEPS-068011,Aerojet AJ26 / NK-33 presentation (National Academies DEPS document 068011),National Academies (hosting Aerojet slides),,contractor presentation,,https://sites.nationalacademies.org/cs/groups/depssite/documents/webpage/deps_068011.pdf,B,primary,RESTRICTED_REFERENCE,search_result_only,ENG-SU-NK-33; ENG-US-AJ26-58; ENG-US-AJ26-62
SRC-NASA-3HO,nasa.gov files/3HO.pdf,NASA,,agency web PDF,,https://www.nasa.gov/sites/default/files/files/3HO.pdf,A,UNKNOWN,UNKNOWN,search_result_only,ENG-US-SSME-BLOCK-II
SRC-NASA-A10-APS-FFE,"Apollo 10 LM-4 Ascent Propulsion System Final Flight Evaluation (TRW, 1969-09-16)",TRW / NASA MSC,1969,contractor flight evaluation,NTRS 19700025289,https://www.nasa.gov/wp-content/uploads/static/history/afj/ap10fj/pdf/19700025289_a10-lm4-aps-final-flight-eval-trw-19690916.pdf,A,primary,RIGHTS_REVIEW_REQUIRED,search_result_only,ENG-US-LM-ASCENT-ENGINE
SRC-NASA-A10-DPS-FFE,Apollo 10 Mission Report Supplement 7: DPS Final Flight Evaluation (Dec 1969),NASA MSC,1969,NASA mission report supplement,NTRS 19730064164,https://www.nasa.gov/wp-content/uploads/static/history/afj/ap10fj/pdf/19730064164_a10mr-supp7-dps-final-flight-eval-196912.pdf,A,primary,RIGHTS_REVIEW_REQUIRED,search_result_only,ENG-US-LMDE
SRC-NASA-A14DPSPERF,Apollo 14 DPS performance (file a14DPSPerformance.pdf on nasa.gov ALSJ mirror),NASA (ALSJ),,unknown,,https://www.nasa.gov/wp-content/uploads/static/history/alsj/a14/a14DPSPerformance.pdf,A,primary,UNKNOWN,dead_link,ENG-US-LMDE
SRC-NASA-AER-DPS,Apollo experience report: Descent propulsion system,NASA JSC,1973,NASA TN,NTRS 19730011150 (TN number not seen),https://ntrs.nasa.gov/citations/19730011150,A,primary,PUBLIC_DOMAIN_GOV,fetched,ENG-US-LMDE
SRC-NASA-ALSJ-AERINDEX,Apollo Experience Reports (index page),NASA History / ALSJ,,agency web page,,https://www.nasa.gov/wp-content/uploads/static/history/alsj/ApolExpRpts.html,A,tertiary,PUBLIC_DOMAIN_GOV,search_result_only,ENG-US-AJ10-137; ENG-US-LMDE
SRC-NASA-ALSJ-CSM02,Saturn Launch Vehicles pp. 8-14 (Apollo Lunar Surface Journal reproduction),NASA (ALSJ),,NASA reference reproduction,CSM02_Saturn_Launch_Vehicles_pp8-14.pdf,https://www.nasa.gov/wp-content/uploads/static/history/alsj/CSM02_Saturn_Launch_Vehicles_pp8-14.pdf,A,primary,PUBLIC_DOMAIN_GOV,not_retrieved,ENG-US-H-1-188K; ENG-US-J-2
SRC-NASA-AMBR-DISC,AMBR info for Discovery missions (April 2010),NASA ISPT,2010,agency briefing,,https://discovery.larc.nasa.gov/PDF_FILES/14_AMBR_info_for_Discoverymissions_April10.pdf,A,primary,PUBLIC_DOMAIN_GOV,search_result_only,ENG-US-AMBR
SRC-NASA-AMBR-NF3,AMBR reference document for New Frontiers 3 AO (35AMBR_NF-AOrefdocument_May09),NASA ISPT / Aerojet,2009,agency reference document,,https://newfrontiers.larc.nasa.gov/NF3/PDF_FILES/35AMBR_NF-AOrefdocument_May09.pdf,A,primary,PUBLIC_DOMAIN_GOV,search_result_only,ENG-US-AMBR; ENG-US-R-4D-15DM
SRC-NASA-APOLLO-EXP-REPORTS,Apollo Experience Reports (NASA TN D-series),NASA MSC/JSC,,NASA TN (series),NASA TN D-xxxx,,A,primary,PUBLIC_DOMAIN_GOV,not_retrieved,
SRC-NASA-APOLLO-LIQPROP-OVERVIEW,Apollo spacecraft liquid propulsion overview (NASA-hosted; exact title/id uncertain: NTRS 19700026405 or 19890067887 appeared in same result list),NASA,,NASA familiarization document,UNKNOWN,,A,primary,RIGHTS_REVIEW_REQUIRED,not_retrieved,ENG-US-AJ10-137
SRC-NASA-CASSINI-ENGINE,Cassini spacecraft: engine,NASA Solar System Exploration,,agency web page,,https://solarsystem.nasa.gov/missions/cassini-hds/engine,A,primary,PUBLIC_DOMAIN_GOV,search_result_only,ENG-US-R-4D-CASSINI-MAIN-ENGINE
SRC-NASA-DFRC-FS079,NASA Dryden Fact Sheet FS-079 (Bell X-2),NASA Dryden Flight Research Center,,agency fact sheet,FS-079-DFRC,https://www.nasa.gov/wp-content/uploads/2021/09/120323main_fs-079-dfrc.pdf,A,secondary,PUBLIC_DOMAIN_GOV,search_result_only,ENG-US-XLR25-CW-1
SRC-NASA-GPIM-FACTSHEET,Green Propellant Infusion Mission Project Fact Sheet,NASA,,agency fact sheet,,https://www.nasa.gov/sites/default/files/files/Green-Propellant-Infusion-Mission-Project_-Fact-Sheet.pdf,A,primary,PUBLIC_DOMAIN_GOV,search_result_only,ENG-US-GR-1; ENG-US-GR-22
SRC-NASA-GRC-1966-C-03899,NASA Glenn image GRC-1966-C-03899 (M-1 engine),NASA Glenn (Lewis) Research Center,1966,agency image caption,,https://www.nasa.gov/image-detail/amf-grc-1966-c-03899,A,primary,PUBLIC_DOMAIN_GOV,search_result_only,ENG-US-M-1
SRC-NASA-HOPSON-STS104-FRR-2001,"STS-104 SSME Flight Readiness Review (Hopson), 28 June 2001",NASA MSFC SSME Project Office,2001,NASA flight readiness review presentation,govdocs1 corpus 673547.pdf (also 675066 / 655318 hits),https://corpora.tika.apache.org/base/docs/govdocs1/673/673547.pdf,A,primary,PUBLIC_DOMAIN_GOV,not_retrieved,ENG-US-SSME-BLOCK-II
SRC-NASA-J2XBLOG-HEX,J-2X blog post on heat exchanger / tank pressurization,NASA MSFC,2010,agency web page,blogs.nasa.gov/J2X 2010-11-17,https://blogs.nasa.gov/J2X/2010/11/17/post_1290008114310,A,primary,PUBLIC_DOMAIN_GOV,search_result_only,ENG-US-J-2X
SRC-NASA-JSC-CN-7650,JSC-CN-7650 OMS/RCS presentation,NASA JSC,,presentation,"JSC-CN-7650 (NTRS id possibly 20100038459, unverified)",https://ntrs.nasa.gov/archive/nasa/casi.ntrs.nasa.gov/20100038459.pdf,A,primary,RIGHTS_REVIEW_REQUIRED,fetched,ENG-US-AJ10-190
SRC-NASA-KSC-167449-SSMEPF06,167449main SSMEPF 06,NASA Kennedy Space Center,,agency web PDF,167449main_SSMEPF-06,https://www3.nasa.gov/centers/kennedy/pdf/167449main_SSMEPF-06.pdf,A,primary,UNKNOWN,search_result_only,ENG-US-SSME-BLOCK-II
SRC-NASA-LOGO-USE,NASA Logo / Insignia use policy,NASA,,agency web page,,https://www.nasa.gov/nasa-brand-center/nasa-logo-use/,A,primary,PUBLIC_DOMAIN_GOV,search_result_only,
SRC-NASA-MEDIA-GUIDELINES,NASA Images and Media Usage Guidelines,NASA,,agency web page,,https://nasa.gov/nasa-brand-center/images-and-media,A,primary,PUBLIC_DOMAIN_GOV,search_result_only,
SRC-NASA-MSFC-MERCREDSTONE,Mercury-Redstone Launch Vehicle,NASA Marshall Space Flight Center,,agency web page,,https://www.nasa.gov/centers-and-facilities/marshall/mercury-redstone-launch-vehicle/,A,primary,PUBLIC_DOMAIN_GOV,search_result_only,ENG-US-NAA-75-110-A-1; ENG-US-NAA-75-110-A-2; ENG-US-NAA-75-110-A-3; ENG-US-NAA-75-110-A-4; ENG-US-NAA-75-110-A-5; ENG-US-NAA-75-110-A-6; ENG-US-NAA-75-110-A-7
SRC-NASA-ORB3-IRT,NASA Independent Review Team Orb-3 Accident Investigation Report - Executive Summary,NASA,2015,agency report (executive summary),,https://www.nasa.gov/sites/default/files/atoms/files/orb3_irt_execsumm_0.pdf,A,primary,PUBLIC_DOMAIN_GOV,search_result_only,ENG-SU-NK-33; ENG-US-AJ26-62
SRC-NASA-PUBGUIDE-2005,NASA Publications Guide for Authors (NASA/SP-2005-7602 Rev.1),NASA,2005,NASA SP,NASA/SP-2005-7602 Rev.1; NTRS 20050189209,https://ntrs.nasa.gov/api/citations/20050189209/downloads/20050189209.pdf,A,primary,PUBLIC_DOMAIN_GOV,search_result_only,
SRC-NASA-RS25-FS2015,NASAfacts: Space Launch System RS-25 Core Stage Engine (2015),NASA,2015,NASA fact sheet,,https://www.nasa.gov/wp-content/uploads/2020/09/final_sls_rs25_fact_sheet_508_07312015.pdf,A,primary,PUBLIC_DOMAIN_GOV,fetched,ENG-US-SSME-BLOCK-II
SRC-NASA-RS25-FS2025,SLS RS-25 Engine Fact Sheet,NASA,2025,agency fact sheet,,https://www.nasa.gov/wp-content/uploads/2025/04/sls-4963-sls-rs-25-engine-fact-sheet-508.pdf,A,primary,PUBLIC_DOMAIN_GOV,fetched,ENG-US-SSME-BLOCK-II
SRC-NASA-RS25-WEB,Space Shuttle/SLS RS-25 web page (NASA),NASA,,agency web page,,https://www.nasa.gov/reference/space-launch-system-rs-25-core-stage-engine/,A,primary,PUBLIC_DOMAIN_GOV,search_result_only,ENG-US-RS-25E; ENG-US-SSME-BLOCK-II; ENG-US-SSME-FPL-PHASE-I
SRC-NASA-SA507-FLIGHTMANUAL,Saturn V Flight Manual SA-507,NASA MSFC,1969,NASA flight manual,MSFC-MAN-507 (unverified),https://history.nasa.gov/ap12fj/pdf/a12_sa507-flightmanual.pdf,A,primary,PUBLIC_DOMAIN_GOV,not_retrieved,ENG-US-F-1; ENG-US-J-2
SRC-NASA-SMA-A5,Space launch report: Ariane 5,NASA Safety and Mission Assurance (hosted),,agency-hosted report,,https://sma.nasa.gov/LaunchVehicle/assets/space-launch-report-ariane-5.pdf,D,secondary,UNKNOWN,not_retrieved,ENG-FR-HM7B; ENG-FR-VULCAIN-2
SRC-NASA-SMA-SLR-DATASHEET,Space Launch Report datasheet hosted on sma.nasa.gov (file name 'spacelaunchreportfalcon1datasheet.pdf'; content apparently about Atlas V/Centaur),Space Launch Report (hosted by NASA SMA),,third-party datasheet,,https://sma.nasa.gov/LaunchVehicle/assets/spacelaunchreportfalcon1datasheet.pdf,D,tertiary,RIGHTS_REVIEW_REQUIRED,search_result_only,ENG-US-RL10A-4-2
SRC-NASA-SP125,Design of Liquid Propellant Rocket Engines (NASA SP-125),NASA / Rocketdyne,1967,NASA SP,NASA SP-125 (NTRS id not seen),,A,primary,RIGHTS_REVIEW_REQUIRED,not_retrieved,
SRC-NASA-SP4206,Stages to Saturn: A Technological History of the Apollo/Saturn Launch Vehicles,NASA History Office,1980,NASA SP,NASA SP-4206,,B,secondary,PUBLIC_DOMAIN_GOV,not_retrieved,
SRC-NASA-SP4221,The Space Shuttle Decision,NASA History Office,1999,NASA SP,NASA SP-4221 (number from background knowledge),,B,secondary,PUBLIC_DOMAIN_GOV,not_retrieved,
SRC-NASA-SP8000-LRE,"NASA Space Vehicle Design Criteria (Chemical Propulsion) monographs, SP-8000 series - liquid rocket subset",NASA (Lewis Research Center managed; many written by Rocketdyne/Aerojet/P&W contractors),,NASA SP (series),NASA SP-80xx,https://ntrs.nasa.gov/,A,primary,PUBLIC_DOMAIN_GOV,search_result_only,
SRC-NASA-SP8052,Liquid Rocket Engine Turbopump Inducers (NASA SP-8052),NASA,,NASA SP,NASA SP-8052 (NTRS id not seen),,A,primary,RIGHTS_REVIEW_REQUIRED,not_retrieved,
SRC-NASA-SP8087,Liquid Rocket Engine Fluid-Cooled Combustion Chambers (NASA SP-8087),NASA,,NASA SP,NASA SP-8087 (NTRS id not seen),,A,primary,RIGHTS_REVIEW_REQUIRED,not_retrieved,
SRC-NASA-SP8089,Liquid Rocket Engine Injectors (NASA SP-8089),NASA,,NASA SP,NASA SP-8089 (NTRS id not seen),,A,primary,RIGHTS_REVIEW_REQUIRED,not_retrieved,
SRC-NASA-SP8107,Turbopump Systems for Liquid Rocket Engines,NASA,,NASA SP (design criteria monograph),NASA SP-8107 (year unverified),,A,primary,PUBLIC_DOMAIN_GOV,not_retrieved,
SRC-NASA-SP8110,"Liquid Rocket Engine Turbines (NASA SP-8110) - title/number from brief and memory, unverified",NASA,,NASA SP,NASA SP-8110 (NTRS id not seen),,A,primary,RIGHTS_REVIEW_REQUIRED,not_retrieved,
SRC-NASA-SP8120,Liquid Rocket Engine Nozzles (NASA SP-8120) - title/number unverified,NASA,,NASA SP,NASA SP-8120 (NTRS id not seen),,A,primary,RIGHTS_REVIEW_REQUIRED,not_retrieved,
SRC-NASA-SSME-5VALVE-CTRL,"NASA paper on SSME control (five valves, Figure 5) - identity unverified",NASA,,NASA report (unverified),UNKNOWN (one of NTRS 19920004056 / 19900009153 / 19900004399 seen in same result list),,B,secondary,RIGHTS_REVIEW_REQUIRED,search_result_only,ENG-US-SSME-BLOCK-II
SRC-NASA-SSME-NPL-DOC,NASA document giving SSME sea-level thrust at NPL (one of nasa.gov 2015/12/3.pdf or Van Hooser APPEL case study; not distinguishable),NASA,,NASA document,nasa.gov wp-content/uploads/2015/12/3.pdf or appel 553045main,https://www.nasa.gov/wp-content/uploads/2015/12/3.pdf,A,primary,PUBLIC_DOMAIN_GOV,fetched,ENG-US-SSME-BLOCK-II
SRC-NASA-STI-DISCLAIMERS,NASA STI Disclaimers / Copyright notice,NASA STI Program,,agency web page,,https://sti.nasa.gov/disclaimers/,A,primary,PUBLIC_DOMAIN_GOV,search_result_only,
SRC-NASA-STI-OPENAPI-DD,NASA STI OpenAPI Data Dictionary (06/2021),NASA STI Program,2021,agency technical documentation,OpenAPI-Data-Dictionary-062021,https://sti.nasa.gov/docs/OpenAPI-Data-Dictionary-062021.pdf,A,primary,PUBLIC_DOMAIN_GOV,search_result_only,
SRC-NASA-TALOS,Thruster Advancement for Low-temperature Operation in Space (TALOS),NASA STMD Game Changing Development,,agency web page,,https://www.nasa.gov/stmd-game-changing-development/thruster-advancement-for-low-temperature-operation-in-space-talos,A,primary,PUBLIC_DOMAIN_GOV,search_result_only,ENG-US-FRONTIER-DSE
SRC-NASA-TM4275,Hydrogen/oxygen expander-cycle engine thermodynamic analysis code and users guide (NASA TM-4275),NASA Lewis,1991,NASA TM,"TM-4275 (NTRS id possibly 19910010893, unverified)",https://ntrs.nasa.gov/api/citations/19910010893/downloads/19910010893.pdf,A,primary,RIGHTS_REVIEW_REQUIRED,search_result_only,
SRC-NASA-TND7143,Apollo Experience Report: Descent Propulsion System,NASA MSC,1972,NASA TN,TN D-7143; NTRS 19730011150,https://ntrs.nasa.gov/archive/nasa/casi.ntrs.nasa.gov/19730011150.pdf,A,primary,RIGHTS_REVIEW_REQUIRED,fetched,ENG-US-LMDE
SRC-NASA-TND7151,Apollo experience report: Command and service module reaction control systems (NASA TN D-7151),NASA MSC,1973,NASA TN,NASA TN D-7151,https://www.scribd.com/document/752217821/Apollo-Rcs,A,primary,PUBLIC_DOMAIN_GOV,search_result_only,ENG-US-R-4D; ENG-US-SE-8
SRC-NASA-TND7375,"Apollo experience report: Service propulsion subsystem (NASA TN D-7375, JSC S-378)",NASA JSC,1973,NASA TN,NASA-TN-D-7375; NTRS 19730023031,https://ntrs.nasa.gov/archive/nasa/casi.ntrs.nasa.gov/19730023031.pdf,A,primary,PUBLIC_DOMAIN_GOV,fetched,ENG-US-AJ10-137
SRC-NASM-A19600013000,"Turbopump, Steam Generator and Frame, V-2 Rocket Engine (NASM A19600013000)",Smithsonian National Air and Space Museum,,museum object record,,https://www.airandspace.si.edu/es/collection-objects/turbopump-steam-generator-and-frame-v-2-rocket-engine/nasm_A19600013000,D,secondary,RIGHTS_REVIEW_REQUIRED,search_result_only,ENG-DE-A4-ENGINE
SRC-NASM-A19790951000,"Turbopump, V-2, Cutaway (NASM A19790951000)",Smithsonian NASM,,museum object record,,https://www.airandspace.si.edu/collection-objects/turbopump-v-2-cutaway/nasm_A19790951000,D,secondary,RIGHTS_REVIEW_REQUIRED,search_result_only,ENG-DE-A4-ENGINE
SRC-NASM-ATLASVERNIER,"Rocket Engine, Liquid Fuel, Vernier, Atlas Missile",Smithsonian NASM,,museum object record,NASM A19761838000,https://airandspace.si.edu/collection-objects/rocket-engine-liquid-fuel-vernier-atlas-missile/nasm_A19761838000,D,secondary,RIGHTS_REVIEW_REQUIRED,search_result_only,ENG-US-LR101
SRC-NASM-BMW109558,"Rocket Engine, BMW 109-558 (A19603382001); Propellant tanks and engine (A19603382000); Hs 117 (A19890595000)",Smithsonian NASM,,museum catalogue,,https://www.airandspace.si.edu/es/collection-objects/rocket-engine-bmw-109-558/nasm_A19603382001,D,secondary,RIGHTS_REVIEW_REQUIRED,search_result_only,ENG-DE-BMW-109-558
SRC-NASM-DOUBLESPECTRE,"JATO unit, liquid fueled, Double Spectre (A19700330000)",Smithsonian NASM,,museum catalogue,,https://airandspace.si.edu/collection-objects/jato-jet-assisted-take-unit-liquid-fueled-double-spectre/nasm_A19700330000,D,secondary,RIGHTS_REVIEW_REQUIRED,search_result_only,ENG-GB-DOUBLE-SPECTRE
SRC-NASM-F1,"Rocket Engine, Liquid Fuel, F-1 (and recovered F-1 turbopump record)",Smithsonian NASM,,museum catalogue,A19700271000; A20160021000; A19760765000,https://si.edu/object/rocket-engine-liquid-fuel-f-1%3Anasm_A19700271000,D,tertiary,RIGHTS_REVIEW_REQUIRED,search_result_only,ENG-US-F-1
SRC-NASM-GEMRCS,"Rocket Engine, Liquid Fuel, Gemini Reentry Control System (RCS) (NASM catalogue)",Smithsonian NASM,,museum catalogue,,https://www.airandspace.si.edu/collection-objects/rocket-engine-liquid-fuel-gemini-reentry-control-system-rcs/nasm_A19740229000,D,secondary,METADATA_ONLY,search_result_only,ENG-US-SE-6
SRC-NASM-GODDARD-PUMP,"Rocket Pump, Liquid Fuel, R.H. Goddard",Smithsonian NASM,,museum object record,NASM A19850181000,https://www.airandspace.si.edu/es/collection-objects/rocket-pump-liquid-fuel-rh-goddard/nasm_A19850181000,D,secondary,RIGHTS_REVIEW_REQUIRED,search_result_only,ENG-US-GODDARD-P-SERIES-PUMP-FED-ENGINE
SRC-NASM-H1,"Rocket Engine, Liquid Fuel, H-1 (NASM A19700259000, A19680012000, A19700258000)",Smithsonian NASM,,museum catalogue,A19700259000; A19680012000,https://si.edu/object/rocket-engine-liquid-fuel-h-1:nasm_A19700259000,D,tertiary,RIGHTS_REVIEW_REQUIRED,search_result_only,ENG-US-H-1
SRC-NASM-HWK109507,"Rocket Engine, Walter HWK 109-507 (A19771225000)",Smithsonian NASM,,museum catalogue,,https://si.edu/object/rocket-engine-walter-hwk-109-507:nasm_A19771225000,D,secondary,RIGHTS_REVIEW_REQUIRED,search_result_only,ENG-DE-HWK-109-507
SRC-NASM-HWK109509,"Rocket Motor, Liquid Fuel, HWK 109-509 (A19680002000)",Smithsonian NASM,,museum catalogue,,https://airandspace.si.edu/es/collection-objects/rocket-motor-liquid-fuel-hwk-109-509-1/nasm_A19680002000,D,secondary,RIGHTS_REVIEW_REQUIRED,search_result_only,ENG-DE-HWK-109-509
SRC-NASM-J2,"Rocket Engine, Liquid Fuel, J-2",Smithsonian NASM,,museum catalogue,A19760773000,https://www.airandspace.si.edu/collection-objects/rocket-engine-liquid-fuel-j-2/nasm_A19760773000,D,tertiary,RIGHTS_REVIEW_REQUIRED,search_result_only,ENG-US-J-2
SRC-NASM-M1,"Model, Cutaway, Injector, Rocket Engine, M-1",Smithsonian NASM,,museum object record,NASM A19700247000,https://www.airandspace.si.edu/es/collection-objects/model-cutaway-injector-rocket-engine-m-1/nasm_A19700247000,D,secondary,RIGHTS_REVIEW_REQUIRED,search_result_only,ENG-US-M-1
SRC-NASM-OAMS,"Rocket Engine, Liquid Fuel, Orbital Attitude Maneuvering System (OAMS), Gemini (NASM catalogue)",Smithsonian NASM,,museum catalogue,,https://airandspace.si.edu/collection-objects/rocket-engine-liquid-fuel-orbital-attitude-maneuvering-system-oams-gemini/nasm_A19690068000,D,secondary,METADATA_ONLY,search_result_only,ENG-US-GEMINI-OAMS-100-LBF-THRUSTER; ENG-US-SE-6
SRC-NASM-RHEINTOCHTER,"Missile, Surface-to-Air, Rheinmetall-Borsig Rheintochter R I (A19660037000)",Smithsonian NASM,,museum catalogue,,https://airandspace.si.edu/collection-objects/missile-surface-air-rheinmetall-borsig-rheintochter-r-i/nasm_A19660037000,D,secondary,RIGHTS_REVIEW_REQUIRED,search_result_only,ENG-DE-RHEINTOCHTER-R3-SUSTAINER
SRC-NASM-SUPERSPRITE,"Rocket Engine, Liquid Fuel, Super Sprite, Cut Away (A19700331000)",Smithsonian NASM,,museum catalogue,,https://www.airandspace.si.edu/collection-objects/rocket-engine-liquid-fuel-super-sprite-cut-away/nasm_A19700331000,D,secondary,RIGHTS_REVIEW_REQUIRED,search_result_only,ENG-GB-SUPER-SPRITE
SRC-NASM-V2-TURBOPUMP,"Turbopump, Steam Generator and Frame, V-2 Rocket Engine (A19600013000); Rocket Engine Turbopump and Accessories, V-2 (A19771237000)",Smithsonian NASM,,museum catalogue,,https://www.airandspace.si.edu/collection-objects/rocket-engine-turbopump-and-accessories-v-2/nasm_A19771237000,D,secondary,RIGHTS_REVIEW_REQUIRED,search_result_only,ENG-DE-A4-ENGINE
SRC-NASM-X4,"Missile, Air-to-Air, Ruhrstahl X-4 (A19510067000)",Smithsonian NASM,,museum catalogue,,https://si.edu/es/object/missile-air-air-ruhrstahl-x-4:nasm_A19510067000,D,secondary,RIGHTS_REVIEW_REQUIRED,search_result_only,ENG-DE-BMW-109-548
SRC-NASM-XLR11,"Rocket Engine, Liquid Fuel, XLR-11",Smithsonian NASM,,museum object record,NASM A19530051000,https://si.edu/object/rocket-engine-liquid-fuel-xlr-11:nasm_A19530051000,D,secondary,RIGHTS_REVIEW_REQUIRED,search_result_only,ENG-US-XLR11
SRC-NASM-XLR99,Thiokol XLR99-RM-1 'Pioneer' rocket motor,Smithsonian NASM,,museum object record,NASM A19930368000,https://airandspace.si.edu/collection-objects/thiokol-xlr99-rm-1-pioneer-rocket-motor/nasm_A19930368000,D,secondary,RIGHTS_REVIEW_REQUIRED,search_result_only,ENG-US-XLR99-RM-1
SRC-NATO-ENAVT150-05,RTO-EN-AVT-150 lecture 05 (rocket turbomachinery),NATO RTO/STO,,educational note,RTO-EN-AVT-150-05,https://www.sto.nato.int/publications/STO%20Educational%20Notes/RTO-EN-AVT-150/EN-AVT-150-05.pdf,B,secondary,RIGHTS_REVIEW_REQUIRED,search_result_only,
SRC-NBC-PHX,Martian cliffhanger resolved at last (Phoenix),NBC News,2008,news,,https://www.nbcnews.com/news/amp/wbna24780686,E,tertiary,METADATA_ONLY,search_result_only,ENG-US-MR-107N
SRC-NCSTI-2023-TQ,National S&T Week 2023 exhibit page (LandSpace TQ-12/TQ-15A),National Center for Science & Technology Information (ncsti.gov.cn),,government popular-science page,,https://www.ncsti.gov.cn/kjdt/ztbd/2023kjz/jingcaizhanxiang/202305/t20230514_120232.html,C,secondary,RIGHTS_REVIEW_REQUIRED,search_result_only,ENG-CN-TQ-12; ENG-CN-TQ-15A
SRC-NDIA-ECAPS-2009,"ECAPS presentation, NDIA Insensitive Munitions 2009 (Sjoberg)",ECAPS (via NDIA/DTIC),2009,conference presentation,,https://ndia.dtic.mil/wp-content/uploads/2009/insensitive/8Asjoberg.pdf,B,secondary,RIGHTS_REVIEW_REQUIRED,search_result_only,ENG-SE-HPGP-1N
SRC-NEWATLAS-ORBEX,Orbex largest printed engine (New Atlas),New Atlas,2019,news article,,https://newatlas.com/orbex-largest-printed-engine/58387/,D,tertiary,RIGHTS_REVIEW_REQUIRED,search_result_only,ENG-GB-ORBEX-PRIME-ENGINE
SRC-NEWSPACE-J2,The Rocketdyne J-2 Rocket Engine: Powering the Apollo Missions,newspaceeconomy.ca,2024,web encyclopedia,,https://newspaceeconomy.ca/2024/08/26/the-rocketdyne-j-2-rocket-engine-powering-the-apollo-missions/,E,secondary,RIGHTS_REVIEW_REQUIRED,search_result_only,ENG-US-J-2
SRC-NEWSPACE-LR87,The Aerojet LR87: powering Titan rockets for over four decades,newspaceeconomy.ca,2024,blog,,https://newspaceeconomy.ca/2024/08/26/the-aerojet-lr87-powering-titan-rockets-for-over-four-decades/,E,tertiary,RIGHTS_REVIEW_REQUIRED,search_result_only,ENG-US-LR87-AJ-5
SRC-NEWSPACEECON-RD180,Inside the RD-180: the Russian engine that powered America's rockets,newspaceeconomy.ca,,web article,,https://newspaceeconomy.ca/2025/09/25/inside-the-rd-180-the-russian-engine-that-powered-americas-rockets/?amp=1,E,tertiary,RESTRICTED_REFERENCE,search_result_only,ENG-RU-RD-180; ENG-SU-RD-170
SRC-NEWSPACEECON-STARLINER-2026,NASA releases Starliner investigation results: Class A mishap,New Space Economy,2026,news,,https://newspaceeconomy.ca/2026/02/19/nasa-releases-starliner-investigation-results-class-a-mishap/,E,tertiary,VALUES_WITH_ATTRIBUTION,search_result_only,ENG-US-STARLINER-RCS
SRC-NEWSPACEECON-V21,The Vulcain 2.1 engine powering Europe's Ariane 6,newspaceeconomy.ca,2024,blog,,https://newspaceeconomy.ca/2024/05/13/the-vulcain-2-1-engine-powering-europes-ariane-6-rocket-into-the-future/,E,tertiary,UNKNOWN,search_result_only,ENG-FR-VULCAIN-2-1
SRC-NEWSPACETRACKER-IMPROP,newspacetracker: Intuitive Machines propulsion,newspacetracker.com,,aggregator,,https://newspacetracker.com/company/intuitive-machines-propulsion/,E,tertiary,METADATA_ONLY,search_result_only,ENG-US-VR900
SRC-NMUSAF-LR79,Rocketdyne LR79 (fact sheet),National Museum of the US Air Force,,museum fact sheet,,https://www.nationalmuseum.af.mil/Visit/Museum-Exhibits/Fact-Sheets/Display/Article/195879/rocketdyne-lr79/,D,secondary,PUBLIC_DOMAIN_GOV,search_result_only,ENG-US-S-3D
SRC-NMUSAF-V2,V-2 Rocket fact sheet,National Museum of the US Air Force,,museum fact sheet (US gov),,https://www.nationalmuseum.af.mil/Visit/Museum-Exhibits/Fact-Sheets/Display/Article/195894/v-2-rocket/,D,tertiary,PUBLIC_DOMAIN_GOV,search_result_only,ENG-DE-A4-ENGINE
SRC-NMUSAF-XLR11,Reaction Motors XLR11 Rocket (fact sheet),National Museum of the US Air Force,,web encyclopedia,,https://www.nationalmuseum.af.mil/Visit/Museum-Exhibits/Fact-Sheets/Display/Article/197694/reaction-motors-xlr11-rocket/,D,secondary,PUBLIC_DOMAIN_GOV,search_result_only,ENG-US-XLR11
SRC-NMUSAF-XLR99,Reaction Motors XLR99 Rocket (fact sheet),National Museum of the US Air Force,,museum fact sheet,,https://www.nationalmuseum.af.mil/Visit/Museum-Exhibits/Fact-Sheets/Display/Article/197692/reaction-motors-xlr99-rocket/,D,secondary,PUBLIC_DOMAIN_GOV,search_result_only,ENG-US-XLR99-RM-1
SRC-NMUSAF-YLR99,Thiokol YLR99 Rocket (fact sheet),National Museum of the US Air Force,,web encyclopedia,,https://www.nationalmuseum.af.mil/Visit/Museum-Exhibits/Fact-Sheets/Display/Article/195685/thiokol-ylr99-rocket/,D,secondary,PUBLIC_DOMAIN_GOV,search_result_only,ENG-US-XLR99-RM-1
SRC-NPS-GODDARD,Goddard Rocket Launching Site,US National Park Service,,web encyclopedia,,https://www.nps.gov/articles/goddard-rocket-launching-site.htm,D,secondary,PUBLIC_DOMAIN_GOV,search_result_only,ENG-US-GODDARD-1926-LIQUID-ROCKET-MOTOR
SRC-NSE-ELC-2025,European Launcher Challenge: detailed specifications for all launch vehicles selected (2025-12-11),newspaceeconomy.ca,2025,blog,,https://newspaceeconomy.ca/2025/12/11/european-launcher-challenge-detailed-specifications-for-all-launch-vehicles-selected/,E,tertiary,RIGHTS_REVIEW_REQUIRED,search_result_only,ENG-DE-AQUILA; ENG-DE-AQUILA-VAC; ENG-DE-HELIX
SRC-NSF-2026-01-NEUTRON,Hungry Hippos and Test Tanks - Rocket Lab building towards Neutron,NASASpaceFlight.com,2026,news article,,https://www.nasaspaceflight.com/2026/01/hungry-hippos-test-tanks-neutron/,D,secondary,RESTRICTED_REFERENCE,search_result_only,ENG-NZ-ARCHIMEDES
SRC-NSF-CH3-2023,Chandrayaan-3 lunar landing mission launches from India,NASASpaceflight,2023,news,,https://www.nasaspaceflight.com/2023/07/chandrayaan-3-launch/,D,tertiary,VALUES_WITH_ATTRIBUTION,search_result_only,ENG-IN-LAM-440-N
SRC-NSF-FORUM,NASASpaceflight.com forum,NSF / users,,forum,,https://forum.nasaspaceflight.com/,E,tertiary,RESTRICTED_REFERENCE,not_retrieved,
SRC-NSF-LAUNCHERONE-2020,Virgin Orbit first orbital launch (LauncherOne) (2020-05),NASASpaceflight,2020,news,,https://www.nasaspaceflight.com/2020/05/virgin-orbit-first-orbital-launch-launcherone/,D,tertiary,VALUES_WITH_ATTRIBUTION,search_result_only,ENG-US-NEWTONFOUR; ENG-US-NEWTONTHREE
SRC-NSF-M1SN1,"PLD Space set to launch Spain's first private rocket into space (NSF, 2023-06)",NASASpaceFlight,2023,news article,,https://www.nasaspaceflight.com/2023/06/pld-space-m1sn1/,D,tertiary,RIGHTS_REVIEW_REQUIRED,search_result_only,ENG-ES-TEPREL-B
SRC-NSF-RAPTOR-2016,ITS Propulsion - The evolution of the SpaceX Raptor engine,NASASpaceflight.com,2016,news article,,https://www.nasaspaceflight.com/2016/10/its-propulsion-evolution-raptor-engine/,D,secondary,VALUES_WITH_ATTRIBUTION,search_result_only,ENG-US-RAPTOR
SRC-NSF-ZQ2Y3,Zhuque-2 Y3 launch article,NASASpaceFlight.com,2023,space news site,,https://www.nasaspaceflight.com/2023/12/zhuque-2-y3/,D,secondary,RIGHTS_REVIEW_REQUIRED,search_result_only,ENG-CN-TQ-12
SRC-NTI-SIMORGH,Will Iran's Simorgh space launcher appear in North Korea? (NTI),NTI,,analysis article,,https://www.nti.org/analysis/articles/will-irans-simorgh-space-launcher-appear-north-korea/,D,tertiary,RIGHTS_REVIEW_REQUIRED,search_result_only,ENG-IR-SHAHAB-3-ENGINE; ENG-IR-SIMORGH-FIRST-STAGE-ENGINE-CLUSTER
SRC-NTRL-AD508757,"Air Force Reusable Rocket Engine Program XLR129-P-1, Demonstrator Engine Design","Pratt & Whitney Aircraft, Florida R&D Center / USAF",1970,contractor report (NTIS record),AD508757,https://ntrl.ntis.gov/NTRL/dashboard/searchResults/titleDetail/AD508757.xhtml,B,primary,RIGHTS_REVIEW_REQUIRED,search_result_only,ENG-US-XLR129-P-1
SRC-NTRS-19650013470,NASA NTRS 19650013470 (1965 NASA report on the H-1 engine / S-I(B) propulsion; exact title not seen),NASA MSFC,1965,NASA technical report,NTRS 19650013470,https://ntrs.nasa.gov/api/citations/19650013470/downloads/19650013470.pdf,A,primary,PUBLIC_DOMAIN_GOV,fetched,ENG-US-H-1
SRC-NTRS-19650013471,"Saturn I Launch Vehicle SA-8 and Launch Complex 37B Functional Systems Description, Vol. VIII: H-1 engine and hydraulic system functional description, index of finding numbers, and mechanical schematics",Chrysler Corporation Space Division,1964,contractor report,SDES-64-414; NTRS 19650013471,https://ntrs.nasa.gov/api/citations/19650013471/downloads/19650013471.pdf,A,primary,RIGHTS_REVIEW_REQUIRED,fetched,ENG-US-H-1
SRC-NTRS-19650013583,"Saturn I Functional Systems Description, Vol. I: RP-1 fuel system",Chrysler Corporation Space Division,1964,contractor report,SDES-64-415; NTRS 19650013583,https://ntrs.nasa.gov/api/citations/19650013583/downloads/19650013583.pdf,A,primary,RIGHTS_REVIEW_REQUIRED,fetched,ENG-US-H-1
SRC-NTRS-1966-BLADDER,1966 JPL report on positive-expulsion bladders (attribution uncertain),NASA/JPL,1966,NASA CR/JPL TR,NTRS 19660017892 (attribution uncertain),https://ntrs.nasa.gov/api/citations/19660017892/downloads/19660017892.pdf,A,primary,RIGHTS_REVIEW_REQUIRED,search_result_only,
SRC-NTRS-19690029231,Marquardt R-4D product improvement program report (contract NAS9-7281),The Marquardt Company,1969,NASA CR,,https://ntrs.nasa.gov/api/citations/19690029231/downloads/19690029231.pdf,B,primary,PUBLIC_DOMAIN_GOV,search_result_only,ENG-US-R-4D
SRC-NTRS-19730010173,Apollo Experience Report: Ascent Propulsion System,NASA MSC,1973,NASA TN,NTRS 19730010173 (TN number not seen),https://ntrs.nasa.gov/citations/19730010173,A,primary,RIGHTS_REVIEW_REQUIRED,search_result_only,ENG-US-LM-ASCENT-ENGINE
SRC-NTRS-19740005391,"Performance analysis of the ascent propulsion system (Apollo 9, 10, 11)",NASA,1974,NASA TM/TN,,https://ntrs.nasa.gov/citations/19740005391,A,primary,PUBLIC_DOMAIN_GOV,search_result_only,ENG-US-LM-ASCENT-ENGINE
SRC-NTRS-19740022190,Apollo 16 mission report supplement (SPS S/N 66 reorificed for higher mixture ratio),NASA,1974,NASA mission report,,https://ntrs.nasa.gov/citations/19740022190,A,primary,PUBLIC_DOMAIN_GOV,fetched,ENG-US-AJ10-137
SRC-NTRS-19740026212,"NTRS 19740026212 (Shuttle OMS-related report; identity unverified, sibling marked with '?')",NASA/NTRS,1974,NTRS record,NTRS 19740026212 (unverified),,A,primary,UNKNOWN,not_retrieved,ENG-US-AJ10-190
SRC-NTRS-19840054177,"Galileo retro propulsion module paper (1984 conference, NTRS 19840054177)",NASA/JPL/MBB (NTRS),1984,conference paper,,https://ntrs.nasa.gov/citations/19840054177,B,secondary,RIGHTS_REVIEW_REQUIRED,search_result_only,ENG-DE-GALILEO-RPM-10-N; ENG-DE-GALILEO-RPM-400-N
SRC-NTRS-19860012108,"NASA NTRS 19860012108 (SSME 'Large Throat' study, 1986; title not seen)",NASA,1986,NASA report,NTRS 19860012108,https://ntrs.nasa.gov/api/citations/19860012108/downloads/19860012108.pdf,A,primary,PUBLIC_DOMAIN_GOV,fetched,ENG-US-SSME-BLOCK-II
SRC-NTRS-19910018886,Marquardt Shuttle RCS thruster summary (slides),The Marquardt Company / NASA,1991,NASA CP slides,,https://ntrs.nasa.gov/api/citations/19910018886/downloads/19910018886.pdf,A,primary,PUBLIC_DOMAIN_GOV,search_result_only,ENG-US-R-1E; ENG-US-R-40A
SRC-NTRS-19910018888,NASA-hosted 1990 Pratt & Whitney RL10 briefing (exact title not seen),NASA NTRS / Pratt & Whitney,1990,conference/briefing charts (NTRS),NTRS 19910018888,https://ntrs.nasa.gov/api/citations/19910018888/downloads/19910018888.pdf,A,primary,RIGHTS_REVIEW_REQUIRED,fetched,ENG-US-RL10A-3-3A
SRC-NTRS-19910018906,Energia booster engine (RD-170) briefing slides based on 1989 Paris Air Show displays,NASA (NTRS),,NASA briefing slides / report,NTRS 19910018906,https://ntrs.nasa.gov/api/citations/19910018906/downloads/19910018906.pdf,B,secondary,RIGHTS_REVIEW_REQUIRED,fetched,ENG-SU-RD-170
SRC-NTRS-19910018907,Overview of European and other non-US/USSR/Japan launch vehicle and propulsion technology programs,Orbital Technologies Corp. (via NASA NTRS),1991,conference paper (NTRS record),NTRS 19910018907,https://ntrs.nasa.gov/citations/19910018907,B,secondary,UNKNOWN,search_result_only,ENG-FR-HM7; ENG-FR-VIKING-2; ENG-FR-VULCAIN
SRC-NTRS-19920006659,NASA/ASEE report on SSME nozzle seal (title per summary),NASA,,NASA report,NTRS 19920006659,https://ntrs.nasa.gov/api/citations/19920006659/downloads/19920006659.pdf,A,primary,RIGHTS_REVIEW_REQUIRED,search_result_only,ENG-US-SSME-BLOCK-II
SRC-NTRS-19940016798,"J-2S restart/producibility study (Advanced Transportation System Studies, TA3)",NASA / contractor,1994,contractor report (type unverified),NTRS 19940016798,https://ntrs.nasa.gov/citations/19940016798,B,primary,RIGHTS_REVIEW_REQUIRED,search_result_only,ENG-US-J-2S
SRC-NTRS-19950022693,RL10A-3-3A rocket engine modeling paper (title unverified),NASA,1995,NASA report (conference paper?),NTRS 19950022693,https://ntrs.nasa.gov/api/citations/19950022693/downloads/19950022693.pdf,A,primary,RIGHTS_REVIEW_REQUIRED,fetched,ENG-US-RL10A-3-3A
SRC-NTRS-19980174934,X-33 XRS-2200 linear aerospike engine control system paper (title not seen),NASA,1998,NASA/contractor paper,NTRS 19980174934,https://ntrs.nasa.gov/api/citations/19980174934/downloads/19980174934.pdf,A,primary,RIGHTS_REVIEW_REQUIRED,search_result_only,ENG-US-XRS-2200
SRC-NTRS-20030005845,NASA NTRS 20030005845 (SSME Block 2 related; title not seen),NASA,2003,NASA report/presentation,NTRS 20030005845,https://ntrs.nasa.gov/api/citations/20030005845/downloads/20030005845.pdf,A,primary,PUBLIC_DOMAIN_GOV,fetched,ENG-US-SSME-BLOCK-II
SRC-NTRS-20080036837,NASA NTRS 20080036837 (J-2X design paper; title not seen),NASA,2008,NASA paper,NTRS 20080036837,https://ntrs.nasa.gov/api/citations/20080036837/downloads/20080036837.pdf,A,primary,PUBLIC_DOMAIN_GOV,fetched,ENG-US-J-2; ENG-US-J-2S; ENG-US-J-2X
SRC-NTRS-20090009149,NASA NTRS document 20090009149 (title not seen; J-2X),NASA,2009,NASA conference paper,NTRS 20090009149,https://ntrs.nasa.gov/api/citations/20090009149/downloads/20090009149.pdf,A,primary,PUBLIC_DOMAIN_GOV,search_result_only,ENG-US-J-2X
SRC-NTRS-20090028723,NASA presentation on RS-68/RS-68A upgrades for Ares V (identity uncertain),NASA,2009,NASA presentation,NTRS 20090028723 (attribution to quoted text uncertain),https://ntrs.nasa.gov/api/citations/20090028723/downloads/20090028723.pdf,A,primary,RIGHTS_REVIEW_REQUIRED,search_result_only,ENG-US-RS-68A
SRC-NTRS-20100027318,NASA NTRS 20100027318 (Rocketdyne J-2 history chapter / presentation; exact title not seen),NASA (Rocketdyne author),2010,NASA-hosted history paper,NTRS 20100027318,https://ntrs.nasa.gov/api/citations/20100027318/downloads/20100027318.pdf,A,primary,PUBLIC_DOMAIN_GOV,fetched,ENG-US-J-2
SRC-NTRS-20100027319,NTRS record 20100027319 (Apollo SPS-related; title not seen),NASA,,NASA report,,https://ntrs.nasa.gov/citations/20100027319,A,primary,UNKNOWN,fetched,ENG-US-AJ10-137
SRC-NTRS-20120016414,NASA NTRS 20120016414 (J-2X; title not seen),NASA,2012,NASA paper,NTRS 20120016414,https://ntrs.nasa.gov/api/citations/20120016414/downloads/20120016414.pdf,A,primary,PUBLIC_DOMAIN_GOV,fetched,ENG-US-J-2; ENG-US-J-2S; ENG-US-J-2X
SRC-NTRS-20140006053,Orion crew module propulsion (AIAA 2014 paper on NTRS),NASA,2014,AIAA paper,,https://ntrs.nasa.gov/citations/20140006053,A,primary,PUBLIC_DOMAIN_GOV,search_result_only,ENG-US-MR-104G
SRC-NTRS-20140016838,GPIM paper (NTRS 20140016838),NASA,2014,conference paper,,https://ntrs.nasa.gov/citations/20140016838,B,secondary,RIGHTS_REVIEW_REQUIRED,search_result_only,ENG-US-GR-1; ENG-US-GR-22
SRC-NTRS-20170000444,NASA report on oxidizer-rich staged-combustion injectors (title unverified),NASA MSFC,2017,NASA report,NTRS 20170000444,https://ntrs.nasa.gov/api/citations/20170000444/downloads/20170000444.pdf,A,primary,RIGHTS_REVIEW_REQUIRED,search_result_only,ENG-RU-RD-180
SRC-NTRS-20170001286,AF-M315E propulsion advances (GR-1 / GR-22) (NTRS 20170001286),NASA / Aerojet Rocketdyne,2017,conference paper,,https://ntrs.nasa.gov/api/citations/20170001286/downloads/20170001286.pdf,B,secondary,RIGHTS_REVIEW_REQUIRED,search_result_only,ENG-US-GR-1; ENG-US-GR-22
SRC-NTRS-20170008958,Next-Generation RS-25 Engines for SLS,NASA,2017,NASA conference paper,NTRS 20170008958,https://ntrs.nasa.gov/api/citations/20170008958/downloads/20170008958.pdf,A,primary,PUBLIC_DOMAIN_GOV,search_result_only,ENG-US-RS-25E
SRC-NTRS-20180006338,Overview of RS-25 Adaptation Hot-Fire Test Series for SLS,NASA,2018,NASA conference paper,NTRS 20180006338,https://ntrs.nasa.gov/api/citations/20180006338/downloads/20180006338.pdf,A,primary,PUBLIC_DOMAIN_GOV,fetched,ENG-US-SSME-BLOCK-II
SRC-NTRS-20210022261,"HPGP 22N abstract, Space Propulsion 2022 (NTRS 20210022261)",NASA MSFC / Bradford ECAPS,2021,conference abstract,,https://ntrs.nasa.gov/citations/20210022261,B,secondary,RIGHTS_REVIEW_REQUIRED,search_result_only,ENG-SE-HPGP-22N
SRC-NTRS-20240003648,"Artemis I engine performance (BELAIR, paper 382)",NASA,2024,conference paper,,https://ntrs.nasa.gov/api/citations/20240003648/downloads/382_BELAIR_ARTEMIS_I_ENGINE_PERFORMANCE_FINAL.pdf,A,primary,PUBLIC_DOMAIN_GOV,search_result_only,ENG-US-OMS-E-ORION-ESM; ENG-US-R-4D-11-ORION-ESM-AUXILIARY
SRC-NTRS-20240005874,Orion engines paper ('Engines_final'),NASA,2024,conference paper,,https://ntrs.nasa.gov/api/citations/20240005874/downloads/Engines_final.pdf,A,primary,PUBLIC_DOMAIN_GOV,search_result_only,
SRC-NTRS-IPD-20040084662,NTRS 20040084662 (Stennis test-facility paper covering IPD workhorse preburner / oxidizer turbopump tests; title unverified),NASA SSC,2004,NASA conference paper,NTRS 20040084662,https://ntrs.nasa.gov/api/citations/20040084662/downloads/20040084662.pdf,A,primary,RIGHTS_REVIEW_REQUIRED,fetched,ENG-US-IPD
SRC-NTRS-IPD-20040129712,NTRS record 20040129712 (Integrated Powerhead Demonstrator paper; title unverified),NASA/NTRS,2004,NTRS record,NTRS 20040129712,,B,primary,RIGHTS_REVIEW_REQUIRED,not_retrieved,ENG-US-IPD
SRC-NTRS-IPD-OTPCF,IPD oxidizer turbopump cold-flow testing,NASA SSC,2004,NASA conference/technical paper,NTRS 20040129712,https://ntrs.nasa.gov/citations/20040129712,A,primary,RIGHTS_REVIEW_REQUIRED,fetched,ENG-US-IPD
SRC-NTRS-IPD-WPB,IPD Workhorse Preburner and oxidizer turbopump hot-fire testing (Stennis),NASA SSC,2004,NASA conference/technical paper,NTRS 20040084662,https://ntrs.nasa.gov/citations/20040084662,A,primary,RIGHTS_REVIEW_REQUIRED,fetched,ENG-US-IPD
SRC-NTRS-OMS-1974,Shuttle OMS pressure-fed propulsion subsystem description,NASA,1974,NASA technical report,NTRS 19740026212,https://ntrs.nasa.gov/api/citations/19740026212/downloads/19740026212.pdf,A,primary,RIGHTS_REVIEW_REQUIRED,fetched,ENG-US-AJ10-190
SRC-NTRS-RL10A33A-MODEL,"NTRS RL10A-3-3A modelling/throttling reports (19950017370, 19950022693, 19910018888; attribution among them inferred)",NASA,1995,NASA TM/CR,NTRS 19950017370; 19950022693; 19910018888,https://ntrs.nasa.gov/api/citations/19950017370/downloads/19950017370.pdf,A,primary,PUBLIC_DOMAIN_GOV,fetched,ENG-US-RL10A-4-2
SRC-NTRS-SP8107,Turbopump Systems for Liquid Rocket Engines (NASA SP-8107),NASA (contract NAS3-12013),1974,NASA SP,NASA SP-8107; NTRS 19750012398; 75N20470,https://ntrs.nasa.gov/citations/19750012398,A,primary,RIGHTS_REVIEW_REQUIRED,search_result_only,
SRC-NTRS-SP8109,Liquid Rocket Engine Centrifugal Flow Turbopumps (NASA SP-8109),NASA,1973,NASA SP,NASA SP-8109 (NTRS id not seen),,A,primary,RIGHTS_REVIEW_REQUIRED,search_result_only,
SRC-NTRS-SP8112,Pressurization Systems for Liquid Rockets (NASA SP-8112),NASA,1975,NASA SP,NASA SP-8112; NTRS 19760015212,https://ntrs.nasa.gov/citations/19760015212,A,primary,RIGHTS_REVIEW_REQUIRED,search_result_only,
SRC-NTRS-TM107318,RL10A-3-3A Rocket Engine Modeling Project,NASA,1997,NASA TM,NASA TM-107318; NTRS 19970010379,https://ntrs.nasa.gov/api/citations/19970010379/downloads/19970010379.pdf,A,primary,PUBLIC_DOMAIN_GOV,fetched,ENG-US-RL10A-1; ENG-US-RL10A-3-3A; ENG-US-RL10A-4; ENG-US-RL10A-4-1
SRC-ORBEX-2019-PR,Orbex unveils Prime rocket at new facility in Scotland (2019),Orbex,2019,manufacturer press release,,https://orbex.space/news/orbex-unveils-prime-rocket-at-new-facility-in-scotland,A,primary,RIGHTS_REVIEW_REQUIRED,search_result_only,ENG-GB-ORBEX-PRIME-ENGINE
SRC-ORBITCODEX-ARIANE2,Ariane 2,Orbit Codex,,web encyclopedia,,https://orbitcodex.com/launch-vehicles/ariane-2,E,tertiary,UNKNOWN,search_result_only,ENG-FR-VIKING-2B; ENG-FR-VIKING-4B
SRC-ORBITCODEX-DIAMANTB,Diamant B,Orbit Codex,,web encyclopedia,,https://orbitcodex.com/launch-vehicles/diamant-b,E,tertiary,UNKNOWN,search_result_only,ENG-FR-VALOIS
SRC-ORBITCODEX-PALLAS,Demo flight Pallas-1 (orbitcodex),orbitcodex,,aggregator,,https://orbitcodex.com/operations/demo-flight-pallas-1,E,tertiary,RIGHTS_REVIEW_REQUIRED,search_result_only,ENG-CN-WELKIN; ENG-CN-WELKIN-VAC
SRC-ORBITCODEX-ROCKET4,Astra Rocket 4 (Orbit Codex),orbitcodex.com,,aggregator,,https://orbitcodex.com/launch-vehicles/astra-rocket-4,E,tertiary,METADATA_ONLY,search_result_only,ENG-US-HADLEY-VACUUM
SRC-ORBITCODEX-SPECTRUM,Spectrum (orbitcodex),orbitcodex,,aggregator,,https://orbitcodex.com/launch-vehicles/spectrum,E,tertiary,RIGHTS_REVIEW_REQUIRED,search_result_only,ENG-DE-AQUILA
SRC-ORBITCODEX-ZERO,ZERO launch vehicle overview (orbitcodex),orbitcodex,,aggregator,,https://orbitcodex.com/launch-vehicles/zero-n-a,E,tertiary,RIGHTS_REVIEW_REQUIRED,search_result_only,ENG-JP-INTERSTELLAR-TECHNOLOGIES-ZERO-FIRST-STAGE-ENGINE-COSMOS
SRC-PAPER-YF100K,我国用于载人登月火箭的YF-100K发动机研制取得重大突破 (The Paper),The Paper (澎湃新闻),2023,news article,,https://m.thepaper.cn/newsDetail_forward_23350844,D,secondary,RIGHTS_REVIEW_REQUIRED,search_result_only,ENG-CN-YF-100K; ENG-CN-YF-100L; ENG-CN-YF-100M
SRC-PATENT-RU2544684C1,Жидкостный ракетный двигатель (RU2544684C1),Rospatent / Google Patents,,patent,,https://patents.google.com/patent/RU2544684C1/ru,A,primary,RIGHTS_REVIEW_REQUIRED,search_result_only,ENG-RU-RD-171M
SRC-PATENT-UNIDENT-SSMEPB,Unidentified patent cited in a search summary (SSME preburner element counts),unknown,,patent,UNKNOWN (not shown),,A,primary,UNKNOWN,not_retrieved,ENG-US-SSME-BLOCK-II
SRC-PATENT-US10495027,Tridyne ignition and pressurization system for hypersonic vehicles,USPTO,,patent,US10495027B1,https://patents.google.com/patent/US10495027,A,primary,PUBLIC_DOMAIN_GOV,search_result_only,
SRC-PATENT-US11149691,Staged combustion liquid rocket engine cycle with the turbopump unit and preburner integrated into the structure of the combustion chamber,USPTO (Special Aerospace Services),2021,patent,"US 11,149,691 B2; US 11,708,804 B2; US 11,970,996 B2",https://image-ppubs.uspto.gov/dirsearch-public/print/downloadPdf/11149691,A,primary,PUBLIC_DOMAIN_GOV,search_result_only,
SRC-PATENT-US11408373,Jettisonable battery systems for powering electrical turbopumps for launch vehicle rocket engine systems,USPTO (assignee believed Rocket Lab; summary says 'a Rocket Lab patent'),,patent,"US 11,408,373 (also US 12,006,894)",https://image-ppubs.uspto.gov/dirsearch-public/print/downloadPdf/11408373,A,primary,PUBLIC_DOMAIN_GOV,search_result_only,ENG-NZ-RUTHERFORD
SRC-PATENT-US4213545,Expanding bellows for expulsion tank,USPTO,,patent,US4213545,https://patents.google.com/patent/US4213545,A,primary,PUBLIC_DOMAIN_GOV,search_result_only,
SRC-PATENT-US4216881,Propellant storage expulsion system,USPTO,,patent,US4216881,https://patents.google.com/patent/US4216881A/show.php,A,primary,PUBLIC_DOMAIN_GOV,search_result_only,
SRC-PATENT-US4589253,Pre-regenerated staged-combustion rocket engine,USPTO,1986,patent,"US 4,589,253 A",https://patents.google.com/patent/US4589253A/en,A,primary,PUBLIC_DOMAIN_GOV,search_result_only,
SRC-PATENT-US4804520,Warm gas accumulator,USPTO,,patent,US4804520,https://image-ppubs.uspto.gov/dirsearch-public/print/downloadPdf/4804520,A,primary,PUBLIC_DOMAIN_GOV,search_result_only,
SRC-PATENT-US5197851,Axial flow turbopump with integrated boosting,USPTO,,patent,US5197851,https://patents.google.com/patent/US5197851,A,primary,PUBLIC_DOMAIN_GOV,search_result_only,
SRC-PATENT-US5471833,Rocket propellant pressurization system using high vapor pressure liquids,USPTO,,patent,US5471833,https://image-ppubs.uspto.gov/dirsearch-public/print/downloadPdf/5471833,A,primary,PUBLIC_DOMAIN_GOV,search_result_only,
SRC-PATENT-US5918460,Liquid oxygen gasifying system for rocket engines,USPTO,,patent,US5918460,https://patents.google.com/patent/US5918460,A,primary,PUBLIC_DOMAIN_GOV,search_result_only,ENG-US-RS-25
SRC-PATENT-US6568171,Rocket vehicle thrust augmentation within divergent section of nozzle,USPTO,,patent,US6568171,https://image-ppubs.uspto.gov/dirsearch-public/print/downloadPdf/6568171,A,secondary,VALUES_WITH_ATTRIBUTION,search_result_only,ENG-US-SSME-BLOCK-II
SRC-PATENT-US6832471,Expander cycle rocket engine with staged combustion and heat exchange,USPTO (Aerojet-General),2004,patent,"US 6,832,471 B2; US 2004/0177603 A1; WO 2004/081452",https://patents.google.com/patent/US6832471B2/en,A,primary,PUBLIC_DOMAIN_GOV,search_result_only,
SRC-PATENT-US6996973,Method of achieving jet separation of an un-separated flow in a divergent nozzle body of a rocket engine,USPTO,,patent,US6996973,https://image-ppubs.uspto.gov/dirsearch-public/print/downloadPdf/6996973,A,primary,PUBLIC_DOMAIN_GOV,search_result_only,ENG-FR-VULCAIN-2
SRC-PATENT-US7895823,Heat exchanger for a rocket engine,USPTO,,patent,US7895823,https://patents.google.com/patent/US7895823,A,primary,PUBLIC_DOMAIN_GOV,search_result_only,ENG-US-J-2
SRC-PATENT-US7900436,Gas-generator augmented expander cycle rocket engine,USPTO,2011,patent,"US 7,900,436 B2; US 2010/0024386 A1",https://patents.google.com/patent/US7900436B2/en,A,primary,PUBLIC_DOMAIN_GOV,search_result_only,
SRC-PATENT-US8250853,Hybrid expander cycle rocket engine,USPTO,2012,patent,"US 8,250,853 B1",https://patents.google.com/patent/US8250853B1/en,A,primary,PUBLIC_DOMAIN_GOV,search_result_only,ENG-US-RL10A-4-2
SRC-PAYLOAD-URSA-TACFI,Ursa Major wins USAF TACFI contract,Payload,,news,,https://payloadspace.com/ursa-major-wins-usaf-tacfi-contract,D,tertiary,VALUES_WITH_ATTRIBUTION,search_result_only,ENG-US-HADLEY
SRC-PLANET4589-CNESSR,"CNES sounding rockets (Jonathan McDowell, General Catalog/book chapter)",planet4589.org,,web reference (researcher),,https://www.planet4589.org/space/book/programs/europe/cnessr.html,D,secondary,RIGHTS_REVIEW_REQUIRED,search_result_only,ENG-FR-VERONIQUE-ENGINE; ENG-FR-VESTA-ENGINE
SRC-PLANETARY-1034,"Phoenix propulsion (Planetary Society, E. Lakdawalla, 2007)",The Planetary Society,2007,web article,,https://planetary.org/articles/1034,D,secondary,METADATA_ONLY,search_result_only,ENG-US-MR-107N
SRC-PLANETARY-GLUSHKO,Valentin Glushko profile,The Planetary Society,,web profile,,https://www.planetary.org/profiles/valentin-glushko,D,tertiary,RIGHTS_REVIEW_REQUIRED,search_result_only,ENG-SU-RD-100; ENG-SU-RD-101; ENG-SU-RD-103
SRC-PNP-RD180,V Energomashe otvetili na slova Ilona Maska o prevoskhodstve dvigatelya Raptor nad rossiyskim RD-180,Parlamentskaya gazeta (pnp.ru),2019,news article quoting chief designer,,https://www.pnp.ru/economics/v-energomashe-otvetili-na-slova-ilona-maska-o-prevoskhodstve-dvigatelya-raptor-nad-rossiyskim-rd-180.html,D,tertiary,VALUES_WITH_ATTRIBUTION,search_result_only,ENG-RU-RD-180
SRC-POLOT-ROCKET11,Aircraft engines - Rocket - Part 11 (polot.net),polot.net,,blog,,https://www.polot.net/en/aircraft-engines-rocket-part-11-458,E,tertiary,RIGHTS_REVIEW_REQUIRED,search_result_only,ENG-FR-SEPR-841
SRC-POPSCI-RUTHERFORD-2015,"A 3D-Printed, Battery-Powered Rocket Engine",Popular Science,2015,news article,,https://www.popsci.com/?p=209426,E,tertiary,RESTRICTED_REFERENCE,search_result_only,ENG-NZ-RUTHERFORD
SRC-PRESS-STARSHIP-V3,Starship V3 Flight 12 reports (spaceflightnow / keeptrack / basenor),various,2026,news articles,,https://spaceflightnow.com/?p=73391,E,secondary,RESTRICTED_REFERENCE,search_result_only,
SRC-PURDUE-AJ26,AJ26-NK33A (Aerojet and Kuznetsov),Purdue University AAE propulsion pages,,university web page,,https://engineering.purdue.edu/AAE/research/propulsion/Info/rockets/liquids/aj26nk33a,D,tertiary,RESTRICTED_REFERENCE,search_result_only,ENG-SU-NK-33
SRC-PURDUE-F1,Apollo F-1 (Rocketdyne),Purdue University AAE propulsion pages,,university web page,,https://engineering.purdue.edu/AAE/research/propulsion/Info/rockets/liquids/f1,D,tertiary,RIGHTS_REVIEW_REQUIRED,search_result_only,ENG-US-F-1
SRC-PURDUE-H1,Apollo H-1 (Rocketdyne),Purdue University AAE propulsion pages,,university web page,,https://engineering.purdue.edu/AAE/research/propulsion/Info/rockets/liquids/h1,D,tertiary,RIGHTS_REVIEW_REQUIRED,search_result_only,ENG-US-H-1; ENG-US-H-1-205K
SRC-PURDUE-J2,Apollo J-2 (Rocketdyne),Purdue University AAE propulsion pages,,university web page,,https://engineering.purdue.edu/AAE/research/propulsion/Info/rockets/liquids/j2,D,tertiary,RIGHTS_REVIEW_REQUIRED,search_result_only,ENG-US-J-2
SRC-PURDUE-LIQUIDS,Liquid Rocket Engines table (Purdue AAE propulsion info pages),Purdue University AAE,,educational web table,,https://engineering.purdue.edu/AAE/research/propulsion/Info/rockets/liquids,D,tertiary,UNKNOWN,search_result_only,ENG-US-TR-201
SRC-PURDUE-LR91AJ11,LR91-AJ-11 (Aerojet),Purdue University AAE propulsion web pages,,web encyclopedia,,https://engineering.purdue.edu/AAE/research/propulsion/Info/rockets/liquids/lr91aj11,D,secondary,RIGHTS_REVIEW_REQUIRED,search_result_only,ENG-US-LR91-AJ-11
SRC-PURDUE-RD180,RD-180 (Pratt & Whitney and NPO Energomash),Purdue University propulsion web pages,,university web page,,https://engineering.purdue.edu/~propulsi/propulsion/rockets/liquids/rd180.html,D,secondary,VALUES_WITH_ATTRIBUTION,search_result_only,ENG-RU-RD-180
SRC-PURDUE-RL10,RL10 Engine Family (Pratt & Whitney),Purdue University AAE propulsion web pages,,web encyclopedia,,https://engineering.purdue.edu/~propulsi/propulsion/rockets/liquids/rl10.html,D,secondary,RIGHTS_REVIEW_REQUIRED,search_result_only,ENG-US-RL10A-3-3A
SRC-PURDUE-RS27A,RS-27A (Boeing Rocketdyne),Purdue University AAE propulsion web pages,,web encyclopedia,,https://engineering.purdue.edu/AAE/research/propulsion/Info/rockets/liquids/rs27a,D,secondary,RIGHTS_REVIEW_REQUIRED,search_result_only,ENG-US-RS-27A
SRC-PURDUE-SSME,Space Shuttle Main Engine (Boeing Rocketdyne) data page,Purdue University AAE,,university web page,,https://engineering.purdue.edu/AAE/research/propulsion/Info/flow/rockets/liquids/ssme,D,tertiary,RESTRICTED_REFERENCE,search_result_only,ENG-US-SSME-BLOCK-II
SRC-PURDUE-XRS2200,XRS-2200 Linear Aerospike Engine,Purdue University AAE propulsion web pages,,web encyclopedia,,https://engineering.purdue.edu/AAE/research/propulsion/Info/rockets/liquids/xrs2200,D,secondary,RIGHTS_REVIEW_REQUIRED,search_result_only,ENG-US-XRS-2200
SRC-PURDUE-ZUCROW,Purdue (Zucrow Labs) liquid engine pages/papers,Purdue University,,university web pages,,,B,secondary,UNKNOWN,not_retrieved,
SRC-PW-RL10A3-DESIGNREPORT-1966,Pratt & Whitney RL10A-3 Design Report (28 Feb 1966),Pratt & Whitney Aircraft,1966,contractor report,UNKNOWN,,A,primary,RIGHTS_REVIEW_REQUIRED,not_retrieved,ENG-US-RL10A-3
SRC-REDALYC-L75-2011,"IAE L75 paper (Redalyc PDF 309426556005, 2011)",IAE (via Redalyc),2011,journal paper,,https://www.redalyc.org/pdf/3094/309426556005.pdf,B,secondary,RIGHTS_REVIEW_REQUIRED,search_result_only,ENG-BR-L75
SRC-RELATIVITY-PR-2023-04-12,Relativity Space Shares Updated Go to Market Approach for Terran R (2023-04-12),Relativity Space,2023,press release,,https://www.businesswire.com/news/home/20230412005568/en,A,primary,VALUES_WITH_ATTRIBUTION,search_result_only,ENG-US-AEON-R; ENG-US-AEON-VAC-TERRAN-R
SRC-RELATIVITY-PR-2025-03-07,Relativity Space Achieves Major Design and Production Milestones for Terran R (2025-03-07),Relativity Space,2025,press release,,https://www.relativityspace.com/press-release/2025/3/7/rycbar123,A,primary,VALUES_WITH_ATTRIBUTION,search_result_only,ENG-US-AEON-R; ENG-US-AEON-VAC-TERRAN-R
SRC-RFA-GUIDE,RFA ONE: The Most Comprehensive Guide to Our Launch Vehicle,Rocket Factory Augsburg,,manufacturer web page,,https://rfa.space/?p=23395,A,primary,RIGHTS_REVIEW_REQUIRED,search_result_only,ENG-DE-HELIX; ENG-DE-HELIX-2-0; ENG-DE-HELIX-VAC
SRC-RKD-F1-FAMILIARIZATION,F-1 Engine Familiarization Training Manual,Rocketdyne,,manufacturer training manual,R-3896-1 (number given in task brief; unverified),,A,primary,RIGHTS_REVIEW_REQUIRED,not_retrieved,ENG-US-F-1
SRC-RKD-H1-MANUAL,H-1 Rocket Engine technical manual,Rocketdyne,,manufacturer manual,unverified,,A,primary,RIGHTS_REVIEW_REQUIRED,not_retrieved,ENG-US-H-1-205K
SRC-RKD-J2-MANUAL,J-2 Rocket Engine technical/training manual,Rocketdyne,,manufacturer manual,unverified,,A,primary,RIGHTS_REVIEW_REQUIRED,not_retrieved,ENG-US-J-2
SRC-RKD-SSME-ORIENTATION,Space Shuttle Main Engine Orientation (training book),Rocketdyne / Boeing,,manufacturer training manual,BC98-04 (unverified),,A,primary,RIGHTS_REVIEW_REQUIRED,not_retrieved,ENG-US-SSME-BLOCK-II
SRC-RKLB-BATTERY,Rocket Lab reveals first battery-powered rocket for commercial launches to space,Rocket Lab,2015,manufacturer press release,,https://rocketlabcorp.com/updates/rocket-lab-reveals-first-battery-powered-rocket-for-commercial-launches-to-space/,A,primary,VALUES_WITH_ATTRIBUTION,search_result_only,ENG-NZ-RUTHERFORD
SRC-RKLB-BATTERY-PAGE,Rocket Lab Reveals First Battery-Powered Rocket for Commercial Launches to Space,Rocket Lab,2015,manufacturer press release,,https://www.rocketlabusa.com/updates/rocket-lab-reveals-first-battery-powered-rocket-for-commercial-launches-to-space/,A,primary,VALUES_WITH_ATTRIBUTION,search_result_only,ENG-NZ-RUTHERFORD
SRC-RKLB-PAYLOAD-INCREASE,Rocket Lab Increases Electron Payload Capacity...,Rocket Lab,2020,manufacturer press release,,https://rocketlabcorp.com/updates/rocket-lab-increases-electron-payload-capacity-enabling-interplanetary-missions-and-reusability/,A,primary,VALUES_WITH_ATTRIBUTION,search_result_only,ENG-NZ-RUTHERFORD
SRC-RKLB-SEC-FILING,Rocket Lab SEC filing (Table of Contents document),Rocket Lab / SEC,,regulatory filing,static-files/f8b710ce-...,https://investors.rocketlabcorp.com/static-files/f8b710ce-c1ca-4186-a93a-6e3cc4bb2b3e,A,primary,PUBLIC_DOMAIN_GOV,search_result_only,ENG-NZ-RUTHERFORD
SRC-RL-100TH-RUTHERFORD,Rocket Lab Celebrates 100th Rutherford Engine Build,Rocket Lab,,manufacturer news release,,https://www.rocketlabusa.com/news/updates/rocket-lab-celebrates-100th-rutherford-engine-build/,A,primary,VALUES_WITH_ATTRIBUTION,search_result_only,ENG-NZ-RUTHERFORD-VACUUM
SRC-RL-500-TESTS,Rocket Lab reaches 500 Rutherford engine test fires,Rocket Lab,,manufacturer news release,,https://rocketlabcorp.com/updates/rocket-lab-reaches-500-rutherford-engine-test-fires/,A,primary,VALUES_WITH_ATTRIBUTION,search_result_only,ENG-NZ-RUTHERFORD
SRC-RL-ARCH-BUILD,"Rocket Lab Completes Archimedes Engine Build, Begins Engine Test Campaign",Rocket Lab,2024,manufacturer news release,,https://rocketlabcorp.com/updates/rocket-lab-completes-archimedes-engine-build-begins-engine-test-campaign/,A,primary,VALUES_WITH_ATTRIBUTION,search_result_only,ENG-NZ-ARCHIMEDES; ENG-NZ-ARCHIMEDES-VACUUM
SRC-RL-ARCH-HOTFIRE-2024,Rocket Lab Completes Successful First Hot Fire of Archimedes Engine for Neutron Rocket,Rocket Lab,2024,manufacturer news release,,https://rocketlabcorp.com/updates/rocket-lab-completes-successful-first-hot-fire-of-archimedes-engine-for-neutron-rocket/,A,primary,VALUES_WITH_ATTRIBUTION,search_result_only,ENG-NZ-ARCHIMEDES
SRC-RL-ELECTRON-PAGE,Electron launch vehicle page,Rocket Lab,,manufacturer web page,,https://rocketlabcorp.com/launch/electron/,A,primary,VALUES_WITH_ATTRIBUTION,search_result_only,ENG-NZ-RUTHERFORD; ENG-NZ-RUTHERFORD-VACUUM
SRC-RL-NEUTRON-PAGE,Rocket Lab Neutron,Rocket Lab,,manufacturer web page,,https://rocketlabcorp.com/launch/neutron/,A,primary,VALUES_WITH_ATTRIBUTION,search_result_only,ENG-NZ-ARCHIMEDES; ENG-NZ-ARCHIMEDES-VACUUM
SRC-RL-NEUTRON-PUG,Neutron Payload User's Guide Version 1.0,Rocket Lab,,manufacturer user guide,,https://rocketlabcorp.com/assets/Uploads/Rocket-Lab-Neutron-PUG-reduced-final.pdf,A,primary,VALUES_WITH_ATTRIBUTION,search_result_only,
SRC-RL-PHOTON-DOC,Photon document (EXC22_017 Photon Doc),Rocket Lab,2022,manufacturer brochure,,https://www.rocketlabusa.com/assets/Uploads/EXC22_017 - Photon Doc_ƒ [Web].pdf,A,primary,VALUES_WITH_ATTRIBUTION,search_result_only,ENG-NZ-HYPERCURIE
SRC-RL-PRESSKIT-2017,Electron 'It's a Test' press kit (May 2017),Rocket Lab,2017,manufacturer press kit,,https://rocketlabcorp.com/assets/Uploads/Its-a-Test-Press-Kit3.pdf,A,primary,VALUES_WITH_ATTRIBUTION,search_result_only,ENG-NZ-RUTHERFORD
SRC-ROCKETDYNE-MANUALS-DIGITIZED,"Digitized Rocketdyne engine manuals (F-1, J-2, H-1 engine data/operation manuals) on NTRS / archive.org / MSFC history",Rocketdyne (contractor) / NASA MSFC,,contractor manual (collection),,,A,primary,RIGHTS_REVIEW_REQUIRED,not_retrieved,
SRC-ROCKETLAB-ELECTRON-PAGE,Rocket Lab Electron vehicle page,Rocket Lab,,manufacturer web page,,,A,primary,VALUES_WITH_ATTRIBUTION,not_retrieved,ENG-NZ-RUTHERFORD; ENG-NZ-RUTHERFORD-VACUUM
SRC-ROCKETLAB-UPDATES,Rocket Lab news/updates pages (Rutherford ratings),Rocket Lab,,manufacturer web page,,,A,primary,VALUES_WITH_ATTRIBUTION,not_retrieved,ENG-NZ-RUTHERFORD; ENG-NZ-RUTHERFORD-VACUUM
SRC-ROSCOSMOS-SITE,Roscosmos website terms,Roscosmos,,agency web page,,https://www.roscosmos.ru/,A,primary,UNKNOWN,not_retrieved,
SRC-RRAUCTION-F1MANUALS,RR Auction lot: set of Rocketdyne F-1 manuals,RR Auction,,auction listing (metadata),,https://www.rrauction.com/auctions/lot-detail/li/346434906467148/cat/0,E,tertiary,METADATA_ONLY,search_result_only,ENG-US-F-1
SRC-RRAUCTION-SSMEORIENT-PARTA-1984,SSME Orientation (Part A-Engine) - auction lot listing,"RR Auction (listing); document by Rocketdyne Division, Rockwell International",1984,auction listing (metadata about a manual),,https://www.rrauction.com/auctions/lot-detail/li/345652106467642/cat/0,E,tertiary,METADATA_ONLY,search_result_only,ENG-US-SSME-BLOCK-II
SRC-RRS-LR105NA5,Tag: LR105-NA-5,Reaction Research Society (rrs.org),,web encyclopedia,,https://rrs.org/tag/lr105-na-5/,E,secondary,RIGHTS_REVIEW_REQUIRED,search_result_only,ENG-US-LR105-NA-5
SRC-RSW-BRIZM,Briz-M (RussianSpaceWeb),RussianSpaceWeb (A. Zak),,enthusiast reference site,,https://russianspaceweb.com/briz-m.html,D,tertiary,VALUES_WITH_ATTRIBUTION,search_result_only,ENG-RU-S5-98M
SRC-RSW-FREGAT,Fregat upper stage,RussianSpaceWeb,,web encyclopedia,,https://www.russianspaceweb.com/fregat.html,D,tertiary,RESTRICTED_REFERENCE,search_result_only,ENG-RU-S5-92
SRC-RSW-N1G,N1 Block G page,RussianSpaceWeb.com (Anatoly Zak),,web encyclopedia,,https://www.russianspaceweb.com/n1_g.html,D,tertiary,RIGHTS_REVIEW_REQUIRED,search_result_only,ENG-SU-NK-21; ENG-SU-NK-31
SRC-RSW-NK33,NK-33 page,RussianSpaceWeb.com (Anatoly Zak),,web encyclopedia,,https://RussianSpaceWeb.com/nk33.html,D,tertiary,RIGHTS_REVIEW_REQUIRED,search_result_only,ENG-SU-NK-33
SRC-RSW-RD0110,RD-0110 page,RussianSpaceWeb.com (Anatoly Zak),,web encyclopedia,,https://www.russianspaceweb.com/rd0110.html,D,tertiary,RIGHTS_REVIEW_REQUIRED,search_result_only,ENG-SU-RD-0106; ENG-SU-RD-0107; ENG-SU-RD-0110
SRC-RSW-RD0120,RD-0120 page,RussianSpaceWeb.com (Anatoly Zak),,web encyclopedia,,https://russianspaceweb.com/rd0120.html,D,tertiary,RIGHTS_REVIEW_REQUIRED,search_result_only,ENG-SU-RD-0120
SRC-RSW-RD0124,RD-0124 page,RussianSpaceWeb.com (Anatoly Zak),,web encyclopedia,,https://russianspaceweb.com/rd0124.html,D,tertiary,RIGHTS_REVIEW_REQUIRED,search_result_only,ENG-RU-RD-0124
SRC-RSW-RD0210,RD-0210 page,RussianSpaceWeb.com (Anatoly Zak),,web encyclopedia,,https://www.russianspaceweb.com/rd0210.html,D,tertiary,RIGHTS_REVIEW_REQUIRED,search_result_only,ENG-SU-RD-0210; ENG-SU-RD-0211
SRC-RSW-RD0212,RD-0212 page,RussianSpaceWeb.com (Anatoly Zak),,web encyclopedia,,https://mail.russianspaceweb.com/rd0212.html,D,tertiary,RIGHTS_REVIEW_REQUIRED,search_result_only,ENG-SU-RD-0205; ENG-SU-RD-0212; ENG-SU-RD-0213; ENG-SU-RD-0214
SRC-RSW-RD170,RD-170 engine for Energia and Zenit rockets,RussianSpaceWeb (A. Zak),,web encyclopedia,,https://russianspaceweb.com/rd170.html,D,tertiary,RESTRICTED_REFERENCE,search_result_only,ENG-SU-RD-170
SRC-RSW-RD181,RD-181 page,RussianSpaceWeb.com (Anatoly Zak),,web encyclopedia,,https://mail.russianspaceweb.com/rd181.html,D,tertiary,RIGHTS_REVIEW_REQUIRED,search_result_only,ENG-RU-RD-181
SRC-RSW-RD191,RD-191 page,RussianSpaceWeb.com (Anatoly Zak),,web encyclopedia,,https://www.russianspaceweb.com/rd191.html,D,tertiary,RIGHTS_REVIEW_REQUIRED,search_result_only,ENG-RU-RD-191
SRC-RSW-RD250,The RD-250 engine at the center of an international storm,RussianSpaceWeb,,web encyclopedia,,https://russianspaceweb.com/rd250.html,D,tertiary,RESTRICTED_REFERENCE,search_result_only,ENG-SU-RD-250
SRC-RSW-RD253,RD-253 page,RussianSpaceWeb.com (Anatoly Zak),,web encyclopedia,,https://russianspaceweb.com/rd253.html,D,tertiary,RIGHTS_REVIEW_REQUIRED,search_result_only,ENG-RU-RD-275; ENG-SU-RD-253
SRC-RSW-RD870,RD-870 engine,RussianSpaceWeb,,web encyclopedia,,https://mail.russianspaceweb.com/rd870.html,D,tertiary,RESTRICTED_REFERENCE,search_result_only,ENG-UA-RD-870
SRC-RSW-VOSTOK-LV,Vostok launch vehicle page,RussianSpaceWeb.com (Anatoly Zak),,web encyclopedia,,https://russianspaceweb.com/vostok_lv.html,D,tertiary,RIGHTS_REVIEW_REQUIRED,search_result_only,ENG-SU-RD-0109
SRC-RUSSIANSPACEWEB,RussianSpaceWeb.com,Anatoly Zak,,web journalism,,https://russianspaceweb.com/,D,secondary,RESTRICTED_REFERENCE,search_result_only,
SRC-RUSSIANSPACEWEB-A3,A3 rocket,RussianSpaceWeb (A. Zak),,web history article,,https://russianspaceweb.com/a3.html,D,secondary,RIGHTS_REVIEW_REQUIRED,search_result_only,ENG-DE-A3-ENGINE
SRC-RUWIKI-RD191,RD-191 (Ruwiki article),Ruwiki,,web encyclopedia,,https://ru.ruwiki.ru/wiki/%D0%A0%D0%94-191,D,tertiary,OPEN_LICENSE,search_result_only,ENG-RU-RD-191; ENG-SU-RD-170
SRC-SACRA-STOKE,Stoke Space research profile,Sacra,,analyst profile,,https://sacra.com/research/stoke-space,E,tertiary,METADATA_ONLY,search_result_only,ENG-US-ANDROMEDA; ENG-US-ZENITH
SRC-SAE-640792,Propellant Expulsion in Unmanned Spacecraft,SAE,1964,conference paper,SAE 640792,https://saemobilus.sae.org/papers/propellant-expulsion-unmanned-spacecraft-640792,B,primary,RESTRICTED_REFERENCE,search_result_only,
SRC-SAE-730941,SAE Technical Paper 730941 (reference list citing TN D-7143),SAE International,1973,conference paper,SAE 730941,https://saemobilus.sae.org/content/730941,B,secondary,METADATA_ONLY,search_result_only,ENG-US-LMDE
SRC-SAFRAN-VINCI-2018,"140 successful tests and several firsts: Vinci engine (press release, 15 Feb 2018)",Safran / ArianeGroup,2018,manufacturer press release,,https://www.safran-group.com/pressroom/140-successful-tests-and-several-firsts-vinci-engine-ariane-6-2018-02-15/pdf-download,A,primary,RIGHTS_REVIEW_REQUIRED,search_result_only,ENG-FR-VINCI
SRC-SATCAT-BT4,satcatalog: BT-4,satcatalog.com,,aggregator catalog,,https://www.satcatalog.com/component/bt-4/,E,tertiary,METADATA_ONLY,search_result_only,ENG-JP-BT-4
SRC-SATCAT-HPGP22N,satcatalog: 22N HPGP,satcatalog.com,,aggregator catalog,,https://www.satcatalog.com/component/22n-hpgp/,E,tertiary,METADATA_ONLY,search_result_only,ENG-SE-HPGP-22N
SRC-SATCAT-MR103G,satcatalog MR-103G 1N,SatCatalog,,web catalogue,,https://www.satcatalog.com/component/mr-103g-1n/,D,tertiary,METADATA_ONLY,search_result_only,ENG-US-MR-103G
SRC-SATCAT-MR107,"satcatalog MR-107 entries (MR-107T 110N, MR-107V 300N, MR-107S 275N)",SatCatalog,,web catalogue,,https://www.satcatalog.com/component/mr-107v-300n/,D,tertiary,METADATA_ONLY,search_result_only,ENG-US-MR-107S; ENG-US-MR-107T; ENG-US-MR-107V
SRC-SATCAT-MR111G,satcatalog MR-111G 4N,SatCatalog,,web catalogue,,https://www.satcatalog.com/component/mr-111g-4n/,D,tertiary,METADATA_ONLY,search_result_only,ENG-US-MR-111G
SRC-SATCAT-S1026,satcatalog 10N Biprop Thruster S10-26 / S10-18,SatCatalog,,web catalogue,,https://www.satcatalog.com/component/10n-biprop-thruster-s10-26/,D,tertiary,METADATA_ONLY,search_result_only,ENG-EU-S10-10-N-BIPROPELLANT-THRUSTER
SRC-SATCAT-S40012,satcatalog S400-12 Biprop Thruster,SatCatalog,,web catalogue,,https://satcatalog.com/component/s400-12-biprop-thruster,D,tertiary,METADATA_ONLY,search_result_only,ENG-EU-S400-12
SRC-SATCATALOG-R4D11,R-4D-11 490N (300-to-1) component page,SatCatalog,,web catalog,,https://www.satcatalog.com/component/r-4d-11-490n-300-to-1/,D,tertiary,METADATA_ONLY,search_result_only,ENG-US-R-4D-11
SRC-SATNEWS-FRONTIER-2018,Frontier Aerospace selected by NASA for deep space engine flight qualification (2018-08-16),SatNews,2018,news,,https://satnews.com/2018/08/16/frontier-aerospace-selected-by-nasa-for-deep-space-engine-flight-qualification/,D,tertiary,VALUES_WITH_ATTRIBUTION,search_result_only,ENG-US-FRONTIER-DSE
SRC-SATNEWS-XCOR-2008,XCOR's Lynx engine fired up (2008-12-17),SatNews,2008,news,,https://satnews.com/2008/12/17/xcors-lynx-engine-fired-up/,D,tertiary,VALUES_WITH_ATTRIBUTION,search_result_only,ENG-US-XR-5K18
SRC-SATNOW-AESTUS,"Aestus (catalogue listing, ArianeGroup)",SatNow,,product catalogue (aggregator),,https://satnow.com/products/launch-vehicle-engines/arianegroup/109-1315-aestus,E,tertiary,UNKNOWN,search_result_only,ENG-DE-AESTUS
SRC-SATNOW-BROADSWORD,Masten Broadsword (SatNow listing),SatNow,,aggregator catalog,,https://satnow.com/products/launch-vehicle-engines/masten-space-systems/109-1322-broadsword,E,tertiary,METADATA_ONLY,search_result_only,ENG-US-BROADSWORD
SRC-SATNOW-DST12,Moog DST-12 (SatNow listing),SatNow,,aggregator catalog,,https://satnow.com/products/thrusters/moog/36-1152-dst-12,E,tertiary,METADATA_ONLY,search_result_only,ENG-US-DST-12
SRC-SATNOW-HM7B,"HM7B (catalogue listing, ArianeGroup)",SatNow,,product catalogue (aggregator),,https://www.satnow.com/products/launch-vehicle-engines/arianegroup/109-1315-hm7b,E,tertiary,UNKNOWN,search_result_only,ENG-FR-HM7B
SRC-SATNOW-HPGP1N,1N HPGP Thrusters for Small Satellites (ECAPS product listing),SatNow,,aggregator catalog,,https://www.satnow.com/products/thrusters/ecaps/36-1262-1n-hpgp,E,tertiary,METADATA_ONLY,search_result_only,ENG-SE-HPGP-1N
SRC-SATNOW-TEPRELC,PLD Space Expedites Testing of TEPREL-C Engines for the MIURA 5 Launcher,SatNow,,news article,,https://www.satnow.com/news/details/3474-pld-space-expedites-testing-of-teprel-c-engines-for-the-miura-5-launcher,E,tertiary,RIGHTS_REVIEW_REQUIRED,search_result_only,ENG-ES-TEPREL-C; ENG-ES-TEPREL-C-VAC
SRC-SATSEARCH-HPGP5N,ECAPS 5N HPGP thruster (satsearch listing),satsearch,,aggregator catalog,,https://satsearch.co/products/ecaps-5n-hpgp-thruster,E,tertiary,METADATA_ONLY,search_result_only,ENG-SE-HPGP-5N
SRC-SATSEARCH-TR308,Northrop Grumman TR-308 Dual Mode Liquid Apogee Engine (listing),satsearch,,aggregator catalog,,https://satsearch.co/products/northropgrumman-tr-308-dual-mode-liquid-apogee-engine,E,tertiary,METADATA_ONLY,search_result_only,ENG-US-TR-308
SRC-SATTODAY-2009-MVAC,SpaceX Tests Merlin Vacuum Engine,Satellite Today,2009,news article,,https://www.satellitetoday.com/finance/2009/03/16/spacex-tests-merlin-vacuum-engine/,D,secondary,RESTRICTED_REFERENCE,search_result_only,ENG-US-MERLIN-1C-VACUUM
SRC-SATTODAY-ARROWAY-2022,Ursa Major to Introduce Arroway Rocket Engine for Military and Commercial Use (2022-06-06),Via Satellite,2022,news,,https://www.satellitetoday.com/launch/2022/06/06/ursa-major-to-introduce-arroway-rocket-engine-for-military-and-commercial-use/,D,tertiary,VALUES_WITH_ATTRIBUTION,search_result_only,ENG-US-ARROWAY; ENG-US-RIPLEY
SRC-SATTODAY-PHANTOM-URSA-2022,Phantom Space Orders Hundreds of Rocket Engines From Ursa Major (2022-05-05),Via Satellite,2022,news,,https://www.satellitetoday.com/launch/2022/05/05/phantom-space-orders-hundreds-of-rocket-engines-from-ursa-major/,D,tertiary,VALUES_WITH_ATTRIBUTION,search_result_only,ENG-US-HADLEY; ENG-US-RIPLEY
SRC-SATURNIB-UND,Saturn IB Technical Information,University of North Dakota (saturn-ib.aero.und.edu),,web encyclopedia,,https://saturn-ib.aero.und.edu/technical-info,D,secondary,RIGHTS_REVIEW_REQUIRED,search_result_only,ENG-US-H-1-205K
SRC-SCIMUS-GAMMA2,"Gamma Type 2 engine, c.1968",Science Museum Group,,museum catalogue,,https://collection.sciencemuseumgroup.org.uk/objects/co8838212/gamma-type-2-engine-c-1968,D,secondary,RIGHTS_REVIEW_REQUIRED,search_result_only,ENG-GB-GAMMA-2
SRC-SCISIN-CE3-7500N-2014,嫦娥三号探测器7500N变推力发动机研制 (Development of 7500 N variable thrust engine for Chang'e-3),Scientia Sinica Technologica 44(6):569-575,2014,journal paper,"Sci Sin Tech 2014, 44(6):569-575 (unverified doc no.)",,B,secondary,RESTRICTED_REFERENCE,search_result_only,ENG-CN-7500N-VARIABLE-THRUST-ENGINE
SRC-SCRIBD-SATURNIB-NEWSREF,Saturn IB News Reference (Scribd upload),NASA/contractors (uploaded to Scribd),1966,NASA press reference (third-party upload),,https://www.scribd.com/doc/58939029/Saturn-IB-News-Reference,A,primary,PUBLIC_DOMAIN_GOV,search_result_only,ENG-US-H-1; ENG-US-J-2
SRC-SDU-PHXPLUME,Effects of the Phoenix Lander descent thruster plume on the Martian surface,(journal article; JGR?),,peer-reviewed article,,https://opact.sdu.edu.tr/vufind/SummonRecord/FETCH-LOGICAL-a4328-3d0f0f401dcf82026ecdd136a950fcfb14af4ad38fa03f70d09dc93af5cabfdf3,B,primary,RESTRICTED_REFERENCE,search_result_only,ENG-US-MR-107N
SRC-SECRETPROJ-J2DERIV,J-2 derivative rocket engines (forum thread posts 128344-128372),secretprojects.co.uk forum,,forum,,https://www.secretprojects.co.uk/threads/j-2-derivative-rocket-engines.12992/post-128372,E,tertiary,RIGHTS_REVIEW_REQUIRED,search_result_only,ENG-US-J-2S
SRC-SF101-CZ6,China's Long March 6 Rocket successfully completes Maiden Flight,Spaceflight101,2015,space news site,,https://spaceflight101.com/?p=1295,D,secondary,RIGHTS_REVIEW_REQUIRED,search_result_only,ENG-CN-YF-115
SRC-SF101-F9FT,Falcon 9 FT (Falcon 9 v1.2),Spaceflight101,,web article,,https://spaceflight101.com/spacerockets/?p=1457,D,secondary,RESTRICTED_REFERENCE,search_result_only,ENG-US-MERLIN-1D-FULL-THRUST
SRC-SF101-LAM,Spaceflight101 spacecraft page (ISRO bus LAM),Spaceflight101,,web encyclopedia,,https://spaceflight101.com/spacecraft/?p=2230,D,tertiary,RIGHTS_REVIEW_REQUIRED,search_result_only,ENG-IN-LAM-440-N
SRC-SF101-ORB3,NASA Report on Antares Launch Failure places Blame on AJ26 Engines,Spaceflight101,,news,,https://spaceflight101.com/?p=3437,D,tertiary,RESTRICTED_REFERENCE,search_result_only,ENG-US-AJ26-62
SRC-SF101-ROKOT,Rockot Launch Vehicle,Spaceflight101,,web encyclopedia,,https://spaceflight101.com/spacerockets/?p=992,D,tertiary,RESTRICTED_REFERENCE,search_result_only,ENG-SU-RD-0232; ENG-SU-RD-0233; ENG-SU-RD-0234; ENG-SU-RD-0235; ENG-SU-RD-0236
SRC-SF101-SOYUZU,Soyuz U - Launch Vehicle,Spaceflight101,,web encyclopedia,,https://spaceflight101.com/spacerockets/?p=1141,D,tertiary,RIGHTS_REVIEW_REQUIRED,search_result_only,ENG-SU-RD-117
SRC-SFN-2015-FT,First static fire completed on upgraded Falcon 9 / SES signs up for launch with more powerful Falcon 9 engines,Spaceflight Now,2015,news article,,https://spaceflightnow.com/2015/09/25/first-static-fire-completed-on-upgraded-falcon-9/,D,secondary,RESTRICTED_REFERENCE,search_result_only,ENG-US-MERLIN-1D; ENG-US-MERLIN-1D-FULL-THRUST; ENG-US-MERLIN-1D-VACUUM
SRC-SFN-2025-NEUTRON-DELAY,Rocket Lab delays debut of Neutron rocket to 2026,Spaceflight Now,2025,news article,,https://spaceflightnow.com/2025/11/11/rocket-lab-delays-debut-of-neutron-rocket-to-2026/,D,secondary,RESTRICTED_REFERENCE,search_result_only,ENG-NZ-ARCHIMEDES
SRC-SFN-AEROSPIKE-1999,Spaceflight Now: aerospike engine test (Dec 1999),Spaceflight Now,1999,news,,https://spaceflightnow.com/news/9912/24aerospike/index.html,D,secondary,RIGHTS_REVIEW_REQUIRED,search_result_only,ENG-US-XRS-2200
SRC-SFN-ASTRA-2021-08,Astra rocket fails after early engine shutdown (2021-08-29),Spaceflight Now,2021,news,,https://spaceflightnow.com/2021/08/29/astra-rocket-fails-after-early-engine-shutdown/,D,tertiary,VALUES_WITH_ATTRIBUTION,search_result_only,ENG-US-DELPHIN
SRC-SFN-HAKUTO-2023,Japanese company aims to become first company to land on the moon Tuesday (2023-04-24),Spaceflight Now,2023,news,,https://spaceflightnow.com/2023/04/24/japanese-company-aims-to-become-first-company-to-land-on-the-moon-tuesday/,D,tertiary,VALUES_WITH_ATTRIBUTION,search_result_only,
SRC-SFN-IM1-2024,Intuitive Machines' Moon lander Odysseus reaches lunar orbit (2024-02-21),Spaceflight Now,2024,news,,https://spaceflightnow.com/2024/02/21/intuitive-machines-moon-lander-odysseus-reaches-lunar-orbit/,D,tertiary,VALUES_WITH_ATTRIBUTION,search_result_only,ENG-US-VR900
SRC-SFN-IPD-2003,Key milestones achieved on next-generation engine,Spaceflight Now,2003,news article,n0311/24powerhead,https://spaceflightnow.com/news/n0311/24powerhead/,E,tertiary,RESTRICTED_REFERENCE,search_result_only,ENG-US-IPD
SRC-SFN-IPD-2006,IPD reaches 100% power (Spaceflight Now),Spaceflight Now,2006,news article,,https://spaceflightnow.com/news/n0607/20ipd/,D,secondary,VALUES_WITH_ATTRIBUTION,search_result_only,ENG-US-IPD
SRC-SFN-KSLV-2010,Spaceflight Now KSLV report (June 2010),Spaceflight Now,2010,news article,,https://spaceflightnow.com/news/n1006/10kslv,D,tertiary,RIGHTS_REVIEW_REQUIRED,search_result_only,ENG-RU-RD-151
SRC-SFN-NURI-2021,"South Korean rocket fails to reach orbit on inaugural test flight (Spaceflight Now, 2021-10-21)",Spaceflight Now,2021,news article,,https://spaceflightnow.com/2021/10/21/south-korean-rocket-fails-to-reach-orbit-on-inaugural-test-flight/,D,tertiary,RIGHTS_REVIEW_REQUIRED,search_result_only,ENG-KR-KRE-007
SRC-SFN-OMSE2017,Shuttle engine delivered to Orion service module assembly site,Spaceflight Now,2017,news,,https://spaceflightnow.com/2017/01/02/shuttle-engine-delivered-to-orion-service-module-assembly-site/,D,secondary,METADATA_ONLY,search_result_only,ENG-US-OMS-E-ORION-ESM
SRC-SFN-PROMETHEUS-2023,First hot-fire test of Europe's reusable methane-fueled Prometheus rocket engine (2023-06-28),Spaceflight Now,2023,news article,,https://spaceflightnow.com/2023/06/28/first-hot-fire-test-of-europes-reusable-prometheus-rocket-engine/,D,tertiary,RIGHTS_REVIEW_REQUIRED,search_result_only,ENG-FR-PROMETHEUS
SRC-SFN-RD180-2000,"The RD-180 engine (Spaceflight Now Atlas launch report sidebar, AC-201)","Spaceflight Now (reprinting Pratt & Whitney fact sheet, per search summary)",2000,news web page / manufacturer fact-sheet reprint,,https://spaceflightnow.com/atlas/ac201/000514rd180.html,D,secondary,VALUES_WITH_ATTRIBUTION,search_result_only,ENG-RU-RD-180
SRC-SFN-RD180-2002,"The RD-180 engine (Spaceflight Now Atlas launch report, AC-204)",Spaceflight Now,2002,news web page,,https://spaceflightnow.com/atlas/ac204/020219rd180.html,D,secondary,VALUES_WITH_ATTRIBUTION,search_result_only,ENG-RU-RD-180
SRC-SFN-RL10C-2014,"RL10C engine news (Spaceflight Now, June 2014)",Spaceflight Now,2014,news article,n1406/04rl10c,https://www.spaceflightnow.com/news/n1406/04rl10c/,D,secondary,RIGHTS_REVIEW_REQUIRED,search_result_only,ENG-US-RL10A-4-2
SRC-SFN-RS1-2023,First launch by ABL Space Systems fails shortly after liftoff (2023-01-11),Spaceflight Now,2023,news,,https://spaceflightnow.com/2023/01/11/first-launch-by-abl-space-systems-fails-shortly-after-liftoff/,D,tertiary,VALUES_WITH_ATTRIBUTION,search_result_only,ENG-US-E2
SRC-SFN-RS72-2000,RS-72 test (Spaceflight Now news n0006/25rs72test),Spaceflight Now,2000,news,,https://spaceflightnow.com/news/n0006/25rs72test/,D,secondary,RESTRICTED_REFERENCE,search_result_only,ENG-DE-AESTUS-II
SRC-SFN-SSMEBLOCK2-2001,New main engine promises even safer shuttle ride,Spaceflight Now,2001,news article,n0104/27ssmeblock2,https://spaceflightnow.com/news/n0104/27ssmeblock2,D,secondary,RIGHTS_REVIEW_REQUIRED,search_result_only,ENG-US-SSME-BLOCK-II
SRC-SFN-TERRAN1-2023,"Relativity's 3D-printed Terran 1 rocket reaches space, but falls short of orbit (2023-03-22)",Spaceflight Now,2023,news,,https://spaceflightnow.com/2023/03/22/relativity-space-terran-1/,D,tertiary,VALUES_WITH_ATTRIBUTION,search_result_only,ENG-US-AEON-1
SRC-SKYROCKET-ARIANE44L,Ariane-44L H10-3,Gunter's Space Page,,web encyclopedia,,https://space.skyrocket.de/doc_lau_det/ariane-44l_h10-3.htm,D,tertiary,UNKNOWN,search_result_only,ENG-FR-VIKING-6
SRC-SKYROCKET-ASTRA-R3,Astra Rocket-3.3 (Gunter's Space Page),Gunter's Space Page,,web encyclopedia,,https://space.skyrocket.de/doc_lau_det/astra-rocket-3-3.htm,D,tertiary,VALUES_WITH_ATTRIBUTION,search_result_only,ENG-US-DELPHIN
SRC-SKYROCKET-K1,K-1 (Gunter's Space Page),Gunter's Space Page,,web encyclopedia,,https://space.skyrocket.de/doc_lau/k1.htm,D,tertiary,VALUES_WITH_ATTRIBUTION,search_result_only,ENG-US-AJ26-58; ENG-US-AJ26-59; ENG-US-AJ26-60
SRC-SKYROCKET-R36M,"R-36M Voivode (SS-18, Satan) ICBM",Gunter's Space Page,,web encyclopedia,,https://space.skyrocket.de/doc_lau/r-36m.htm,D,tertiary,RESTRICTED_REFERENCE,search_result_only,ENG-SU-RD-0228; ENG-SU-RD-264
SRC-SKYROCKET-R7,R-7 Family,Gunter's Space Page (G. Krebs),,web encyclopedia,,https://space.skyrocket.de/doc_lau_fam/r-7.htm,D,tertiary,RIGHTS_REVIEW_REQUIRED,search_result_only,ENG-SU-RD-117; ENG-SU-RD-118
SRC-SKYROCKET-SAFIR,Safir (Gunter's Space Page),Gunter's Space Page,,web encyclopedia,,https://space.skyrocket.de/doc_lau/safir.htm,D,tertiary,RIGHTS_REVIEW_REQUIRED,search_result_only,ENG-IR-SAFIR-FIRST-STAGE-ENGINE
SRC-SKYROCKET-VECTOR,Vector-R Block 0.1 (Gunter's Space Page),Gunter's Space Page,,web encyclopedia,,https://space.skyrocket.de/doc_lau/vector-1.htm,D,tertiary,VALUES_WITH_ATTRIBUTION,search_result_only,ENG-US-LP-2
SRC-SKYROCKET-VEX5,VEx-5 (Gunter's Space Page),Gunter's Space Page,,web encyclopedia,,https://space.skyrocket.de/doc_lau_det/vex-5.htm,D,tertiary,RIGHTS_REVIEW_REQUIRED,search_result_only,ENG-AR-RS-2
SRC-SKYROCKET-VS30EPL,VS-30 EPL-ME (Gunter's Space Page),Gunter's Space Page,,web encyclopedia,,https://space.skyrocket.de/doc_lau/vs30_epl-me.htm,D,tertiary,RIGHTS_REVIEW_REQUIRED,search_result_only,ENG-BR-L5
SRC-SKYRORA-WEB,Skyrora website (vehicles/engines),Skyrora,,manufacturer web page,,https://skyrora.com/,A,primary,RIGHTS_REVIEW_REQUIRED,search_result_only,ENG-GB-SKYFORCE-2; ENG-GB-SKYLARK-L-ENGINE
SRC-SLIDESHARE-CRYO,Cryogenic rocket engine (student slideshow),SlideShare user,,slideshow,,https://www.slideshare.net/slideshow/cryogenic-rocket-engine-59572745/59572745,E,tertiary,RIGHTS_REVIEW_REQUIRED,search_result_only,ENG-IN-CE-7-5
SRC-SLN-MOMO,MOMO vehicle page (Space Launch Now),Space Launch Now,,launch database,,https://spacelaunchnow.me/vehicle/launch_vehicle/198,D,tertiary,RIGHTS_REVIEW_REQUIRED,search_result_only,ENG-JP-INTERSTELLAR-TECHNOLOGIES-MOMO-ENGINE
SRC-SLR-F9-SMA,"Space Launch Report: SpaceX Falcon 9 data sheets (v1.0, v1.1, v1.2) hosted by NASA SMA",Space Launch Report (Ed Kyle); hosted at sma.nasa.gov,,web encyclopedia / data sheet,,https://sma.nasa.gov/LaunchVehicle/assets/spacex-falcon-9-data-sheet.pdf,D,secondary,RIGHTS_REVIEW_REQUIRED,search_result_only,ENG-US-MERLIN-1A; ENG-US-MERLIN-1C; ENG-US-MERLIN-1C-FALCON-9-CONFIGURATION; ENG-US-MERLIN-1C-VACUUM; ENG-US-MERLIN-1D; ENG-US-MERLIN-1D-BLOCK-5; ENG-US-MERLIN-1D-VACUUM
SRC-SNOB-172276,«Энергомаш» ответил на заявление Маска о превосходстве над российским двигателем РД-180,Snob (snob.ru),2019,news web page (Russian),,https://snob.ru/news/172276/,E,secondary,VALUES_WITH_ATTRIBUTION,search_result_only,ENG-RU-RD-180; ENG-SU-RD-170
SRC-SNOB-172765,"«Маск — не специалист»: Рогозин сомневается, что SpaceX превзойдет Россию в ракетных двигателях",Snob (snob.ru),,news web page (Russian),,https://snob.ru/news/172765/,E,secondary,VALUES_WITH_ATTRIBUTION,search_result_only,ENG-RU-RD-180; ENG-SU-RD-170
SRC-SOHU-274016352,"航展明星 | 120吨液氧煤油高压补燃泵后摆发动机 (Sohu, 2018 airshow)",Sohu,2018,news article,,https://www.sohu.com/a/274016352_740352,D,tertiary,RIGHTS_REVIEW_REQUIRED,search_result_only,ENG-CN-YF-100
SRC-SPACEBUCKET-AEON,What Makes Relativity Space's Aeon Engines So Special?,The Space Bucket (blog),,blog,,https://thespacebucket.com/what-makes-relativity-spaces-aeon-engines-so-special/,E,tertiary,VALUES_WITH_ATTRIBUTION,search_result_only,ENG-US-AEON-1; ENG-US-AEON-VAC
SRC-SPACEBUCKET-DC-ENGINES,A Closer Look At Dream Chaser Tenacity's Two Main Engines,The Space Bucket (blog),,blog,,https://thespacebucket.com/a-closer-look-at-dream-chasers-two-main-engines/,E,tertiary,VALUES_WITH_ATTRIBUTION,search_result_only,ENG-US-VORTEX-1500-LBF-HYPERGOLIC; ENG-US-VR35K-A
SRC-SPACECOM-AR22-2018,Engine for DARPA's New Military Space Plane Aces Record-Breaking Test (2018),Space.com,2018,news,,https://space.com/41123-darpa-experimental-spaceplane-military-engine-test.html,D,tertiary,VALUES_WITH_ATTRIBUTION,search_result_only,ENG-US-AR22
SRC-SPACECOM-NEUTRON-2026,Watch Archimedes burn! (and Neutron delay coverage),Space.com,2026,news article,,https://www.space.com/space-exploration/watch-archimedes-burn-rocket-lab-fires-up-engine-for-its-powerful-next-gen-neutron-launcher-video,D,secondary,RESTRICTED_REFERENCE,search_result_only,ENG-NZ-ARCHIMEDES; ENG-NZ-ARCHIMEDES-VACUUM
SRC-SPACECOM-STOKE-2026,"Stoke Space raises $1 billion for fully reusable rockets, targets 'early 2027' for 1st-ever launch",Space.com,2026,news,,https://www.space.com/space-exploration/private-spaceflight/stoke-space-raises-usd1-billion-for-fully-reusable-rockets-targets-early-2027-for-1st-ever-launch,D,tertiary,VALUES_WITH_ATTRIBUTION,search_result_only,ENG-US-ANDROMEDA; ENG-US-ZENITH
SRC-SPACECOM-YF130,China just test-fired the engine for its huge new moon and Mars rocket,Space.com,2022,news article,,https://space.com/china-test-fire-massive-engine-moon-mars-rocket,D,secondary,RIGHTS_REVIEW_REQUIRED,search_result_only,ENG-CN-YF-130
SRC-SPACEDAILY-TR312,TRW advanced liquid apogee engine (TR-312) hot-fire testing,SpaceDaily (TRW release relay),,news/press relay,,https://spacedaily.com/?p=673676,D,tertiary,VALUES_WITH_ATTRIBUTION,search_result_only,ENG-US-TR-312
SRC-SPACEFDN-HIPAT100,Aerojet partner news: HiPAT 100th GEO apogee insertion,Space Foundation,2014,press release,,https://www.spacefoundation.org/?p=21549,D,secondary,METADATA_ONLY,search_result_only,ENG-US-R-4D-15
SRC-SPACEFDN-MSL,Aerojet propulsion helps land Mars Science Laboratory (partner news),Space Foundation / Aerojet,2012,press release,,https://www.spacefoundation.org/2012/08/05/aerojet-propulsion-helps-land-mars-science-laboratory/,D,secondary,METADATA_ONLY,search_result_only,ENG-US-MR-107U; ENG-US-MR-111C; ENG-US-MR-80B
SRC-SPACEFLIGHT101,Spaceflight101,Patrick Blau,,web journalism,,https://spaceflight101.com/,D,tertiary,RESTRICTED_REFERENCE,not_retrieved,
SRC-SPACEFLIGHT101-AMOS6,SpaceX resorts to 'creative' testing in Falcon 9 explosion investigation,Spaceflight101,2016,news article,,https://spaceflight101.com/?p=23029,D,secondary,VALUES_WITH_ATTRIBUTION,search_result_only,ENG-US-MERLIN-1D
SRC-SPACEFLIGHT101-ANTARES,Antares (100 Series) (Spaceflight101),Spaceflight101,,web reference,,https://spaceflight101.com/spacerockets/?p=392,D,tertiary,VALUES_WITH_ATTRIBUTION,search_result_only,ENG-US-AJ26-62
SRC-SPACEFOUND-RUSENG,Fact Sheet: Russian Rocket Engines Used by the United States,Space Foundation,2019,fact sheet PDF,,https://www.spacefoundation.org/wp-content/uploads/2019/08/RussianRocketEnginesUsedByTheUnitedStates.pdf,D,secondary,VALUES_WITH_ATTRIBUTION,search_result_only,ENG-RU-RD-180; ENG-SU-NK-33; ENG-US-AJ26-62
SRC-SPACELAUNCHREPORT,Space Launch Report (spacelaunchreport.com),Ed Kyle,,web encyclopedia,,https://www.spacelaunchreport.com/,D,tertiary,RESTRICTED_REFERENCE,dead_link,
SRC-SPACELINE-DIV,Delta IV fact sheet (spaceline.org),Spaceline.org,,museum/enthusiast fact sheet,,https://spaceline.org/?p=6761,D,tertiary,RIGHTS_REVIEW_REQUIRED,search_result_only,ENG-US-RL10B-2
SRC-SPACENEWS-105372,SpaceNews p=105372 (Hyperbola-2Y hop),SpaceNews,2023,news article,,https://spacenews.com/?p=105372,D,secondary,RIGHTS_REVIEW_REQUIRED,search_result_only,ENG-CN-JD-1
SRC-SPACENEWS-12177,SpaceNews on KSLV-I / Naro first stage,SpaceNews,,news article,,https://spacenews.com/?p=12177,D,tertiary,RIGHTS_REVIEW_REQUIRED,search_result_only,ENG-RU-RD-151
SRC-SPACENEWS-128063,SpaceNews article on Launcher E-2 full-thrust test at Stennis,SpaceNews,,news,,https://spacenews.com/?p=128063,D,tertiary,VALUES_WITH_ATTRIBUTION,search_result_only,ENG-US-E-2
SRC-SPACENEWS-129757,SpaceNews article p=129757 (Long March 9 / YF-130 two-nozzle),SpaceNews,,news article,,https://spacenews.com/?p=129757,D,secondary,RIGHTS_REVIEW_REQUIRED,search_result_only,ENG-CN-YF-130
SRC-SPACENEWS-152328,SpaceNews article on Astra Rocket 4 engines (Hadley upper stage),SpaceNews,,news,,https://spacenews.com/?p=152328,D,tertiary,VALUES_WITH_ATTRIBUTION,search_result_only,ENG-US-HADLEY-VACUUM
SRC-SPACENEWS-2000-AEROSPIKE,"For Release: March 10, 2000 (X-33 aerospike test)",SpaceNews (NASA release reprint),2000,news / press release,,https://spacenews.com/?p=28079,D,secondary,RIGHTS_REVIEW_REQUIRED,search_result_only,ENG-US-XRS-2200
SRC-SPACENEWS-2008-F1,Final Production Design Cleared for Next Falcon 1 Flight in Spring 2008,SpaceNews,2008,news article,,https://spacenews.com/?p=51386,D,secondary,RESTRICTED_REFERENCE,search_result_only,ENG-US-MERLIN-1C
SRC-SPACENEWS-33640,"ISRO crossed a major milestone ... (November 30, 2001) [uprated Vikas test]",SpaceNews,2001,news article,,https://spacenews.com/?p=33640,D,tertiary,RIGHTS_REVIEW_REQUIRED,search_result_only,ENG-IN-VIKAS
SRC-SPACENEWS-442279,SpaceNews article on Stoke Space Zenith first hot fire,SpaceNews,,news,,https://spacenews.com/?p=442279,D,tertiary,VALUES_WITH_ATTRIBUTION,search_result_only,ENG-US-ZENITH
SRC-SPACENEWS-79146,SpaceNews article (Astrobotic selects Dynetics/Frontier for Peregrine propulsion),SpaceNews,,news,,https://spacenews.com/?p=79146,D,tertiary,VALUES_WITH_ATTRIBUTION,search_result_only,ENG-US-FRONTIER-DSE
SRC-SPACENEWS-AJ10118K,Aerojet Announces Successful Requalification of its Delta II AJ10-118K Second Stage Engine,SpaceNews,,trade press (company release),,https://spacenews.com/aerojet-announces-successful-requalification-of-its-delta-ii-aj10-118k-second-stage-engine/,D,secondary,RIGHTS_REVIEW_REQUIRED,search_result_only,ENG-US-AJ10-118K
SRC-SPACENEWS-XCOR-ULA,XCOR liquid hydrogen piston pump test for ULA,SpaceNews,,news article,,https://spacenews.com/?p=39345,D,secondary,VALUES_WITH_ATTRIBUTION,search_result_only,
SRC-SPACEPIONEER-TH12,TH Family of Rocket Engines — TH-12,Space Pioneer (天兵科技),,manufacturer web page,,https://www.spacepioneer.cc/en/tianhuo/TH12,A,primary,RIGHTS_REVIEW_REQUIRED,search_result_only,ENG-CN-TH-12
SRC-SPACEPIONEER-TH12V,TH Family of Rocket Engines — TH-12V,Space Pioneer (天兵科技),,manufacturer web page,,https://www.spacepioneer.cc/en/tianhuo/TH12V,A,primary,RIGHTS_REVIEW_REQUIRED,search_result_only,ENG-CN-TH-12V
SRC-SPACEPOLICY-ORB3,NASA Unable To Determine Root Cause of Last Year's Orb-3 Failure,SpacePolicyOnline,,news,,https://spacepolicyonline.com/?p=4565,D,tertiary,RESTRICTED_REFERENCE,search_result_only,ENG-US-AJ26-62
SRC-SPACEREF-2008-F1F3,SpaceX Falcon 1 flight 3 status report,SpaceRef,2008,news article,,https://spaceref.com/?p=115250,D,secondary,RESTRICTED_REFERENCE,search_result_only,ENG-US-MERLIN-1C
SRC-SPACEREF-RD0124MS,Energomash completed RD-0124MS engine chamber test cycle,SpaceRef,,news (press-release reprint),,https://spaceref.com/?p=83719,D,tertiary,VALUES_WITH_ATTRIBUTION,search_result_only,ENG-RU-RD-0124MS
SRC-SPACEREF-XCOR-LOXPUMP,Liquid oxygen piston pump ready for flight (XCOR),SpaceRef,2012,news / press release,,https://spaceref.com/space-commerce/liquid-oxygen-piston-pump-ready-for-flight/,D,secondary,VALUES_WITH_ATTRIBUTION,search_result_only,ENG-US-XCOR-LYNX-MAIN
SRC-SPACEREVIEW-3999,The Space Review article 3999 (MR-80 / Mars landing engines history),The Space Review,,web article,,https://thespacereview.com/article/3999/1,D,secondary,METADATA_ONLY,search_result_only,ENG-US-MR-80B
SRC-SPACEREVIEW-4842,The Space Review article 4842 (Starliner CFT thrusters),The Space Review,2024,news/analysis,,https://thespacereview.com/article/4842/1,D,tertiary,VALUES_WITH_ATTRIBUTION,search_result_only,ENG-US-STARLINER-RCS
SRC-SPACEX-F9-PAGE,SpaceX Falcon 9 vehicle page,SpaceX,,manufacturer web page,,https://www.spacex.com/vehicles/falcon-9/,A,primary,VALUES_WITH_ATTRIBUTION,search_result_only,ENG-US-MERLIN-1D; ENG-US-MERLIN-1D-BLOCK-5; ENG-US-MERLIN-1D-VACUUM
SRC-SPACEX-FLT12,Starship's Twelfth Flight Test,SpaceX,2026,manufacturer mission page,,https://www.spacex.com/launches/starship-flight-12,A,primary,VALUES_WITH_ATTRIBUTION,search_result_only,ENG-US-RAPTOR-3; ENG-US-RAPTOR-3-VACUUM
SRC-SPACEX-FLT13,Starship's Thirteenth Flight Test,SpaceX,2026,manufacturer mission page,,https://www.spacex.com/launches/starship-flight-13,A,primary,VALUES_WITH_ATTRIBUTION,search_result_only,ENG-US-RAPTOR-3
SRC-SPACEX-FUG-2025,Falcon User's Guide (2025-05-09),SpaceX,2025,manufacturer user's guide,falcon-users-guide-2025-05-09,https://www.spacex.com/assets/media/falcon-users-guide-2025-05-09.pdf,A,primary,VALUES_WITH_ATTRIBUTION,search_result_only,ENG-US-MERLIN-1D; ENG-US-MERLIN-1D-BLOCK-5; ENG-US-MERLIN-1D-VACUUM
SRC-SPACEX-PR-M1C-2007,"SpaceX completes development of Merlin regeneratively cooled rocket engine (Business Wire release, reproduced)",SpaceX (via defencetalk.com reproduction),2007,manufacturer press release (reproduction),,https://defencetalk.com/spacex-completes-development-of-merlin-regeneratively-cooled-rocket-engine-13459,A,primary,VALUES_WITH_ATTRIBUTION,search_result_only,ENG-US-MERLIN-1C; ENG-US-MERLIN-1C-FALCON-9-CONFIGURATION
SRC-SPACEX-STARSHIP-PAGE,Starship vehicle page / Raptor,SpaceX,,manufacturer web page,,https://www.spacex.com/vehicles/starship/,A,primary,VALUES_WITH_ATTRIBUTION,search_result_only,ENG-US-RAPTOR-2; ENG-US-RAPTOR-3
SRC-SPACEX-STARSHIP-SPECS,SpaceX Starship technical specifications page,SpaceX,,manufacturer web page,,https://www.spacex.com/vehicles/starship/technical-specifications,A,primary,VALUES_WITH_ATTRIBUTION,search_result_only,ENG-US-RAPTOR-3
SRC-SPACEX-SUPERDRACO-QUAL-2014,"SpaceX Completes Qualification Testing of SuperDraco Thruster for Launch Escape System on Dragon Spacecraft (2014, reproduced by NSS)",SpaceX (via nss.org),2014,press release,,https://nss.org/spacex-completes-qualification-testing-of-superdraco-thruster-for-launch-escape-system-on-dragon-spacecraft/,A,primary,VALUES_WITH_ATTRIBUTION,search_result_only,ENG-US-SUPERDRACO
SRC-SPACEX-UPDATES,SpaceX updates page (Raptor 3 announcement),SpaceX,2024,manufacturer web page,,https://www.spacex.com/updates/,A,primary,VALUES_WITH_ATTRIBUTION,search_result_only,ENG-US-RAPTOR-2; ENG-US-RAPTOR-3; ENG-US-RAPTOR-3-VACUUM; ENG-US-RAPTOR-VACUUM
SRC-SPEKTRUM-OTRAG,Kleine Geschichte der privaten Raumfahrt made in Germany (Spektrum),Spektrum der Wissenschaft,,magazine column,,https://www.spektrum.de/kolumne/kleine-geschichte-der-privaten-raumfahrt-made-in-germany/2304620,D,tertiary,RIGHTS_REVIEW_REQUIRED,search_result_only,ENG-DE-OTRAG-CRPU-ENGINE
SRC-SSAU-2026-08-NEUTRON,Neutron's first launch may be delayed until 2027,State Space Agency of Ukraine news (citing SpaceNews),2026,agency news page (relay),,https://spacecenter.gov.ua/novyny/pershij-zapusk-neutron-mozhe-buti-vidkladenij-do-2027-roku.html?lang=en,E,tertiary,UNKNOWN,search_result_only,ENG-NZ-ARCHIMEDES
SRC-SSAU-2587,"Experience in the development of 11Д58МФ liquid rocket engines (Vestnik SSAU, 2014)",Samara State Aerospace University (Vestnik SGAU),2014,peer-reviewed journal article,,https://journals.ssau.ru/vestnik/article/view/2587,B,primary,RESTRICTED_REFERENCE,search_result_only,ENG-RU-11D58MF; ENG-SU-11D58M
SRC-STANFORD-AA284A,AA284a Advanced Rocket Propulsion course notes,Stanford University,,course notes,,,B,secondary,RESTRICTED_REFERENCE,not_retrieved,
SRC-STARSEM-ST07,Starsem Fregat information sheet ST07,Starsem,,operator brochure,,https://WWW.STARSEM.COM/news/images/ST07.pdf,A,primary,RESTRICTED_REFERENCE,search_result_only,ENG-RU-S5-92
SRC-STARSEM-ST08,Starsem information sheet ST08,Starsem,,operator brochure,,https://WWW.STARSEM.COM/news/images/ST08.pdf,A,primary,RESTRICTED_REFERENCE,search_result_only,ENG-RU-S5-92
SRC-STDAILY-2024,Science and Technology Daily 2024-11-14 content_258345,Science and Technology Daily (科技日报),2024,news article,,https://www.stdaily.com/web/gdxw/2024-11/14/content_258345.html,D,secondary,RIGHTS_REVIEW_REQUIRED,search_result_only,ENG-CN-YF-209
SRC-STDAILY-2026-THUNDERRS,Science and Technology Daily 2026-08-21 (content 567512),科技日报,2026,news article,,https://www.stdaily.com/web/gdxw/2026-08/21/content_567512.html,D,tertiary,RIGHTS_REVIEW_REQUIRED,search_result_only,ENG-CN-THUNDER-RS
SRC-STEVEBLOG-F1GG,Saturn V F-1 engine gas generator assembly (blog quoting NASA),steve.blog,2021,blog,,https://steve.blog/2021/09/06/saturn-v-f-1-engine-gas-generator-assembly/,E,tertiary,RIGHTS_REVIEW_REQUIRED,search_result_only,ENG-US-F-1
SRC-STEVEBLOG-SATHE,NASA KSC helium control panel for the Saturn rocket,steve.blog,2022,blog,,https://steve.blog/2022/03/29/nasa-ksc-helium-control-panel-for-the-saturn-rocket/,E,tertiary,UNKNOWN,search_result_only,ENG-US-J-2
SRC-STEVEBLOG-SE6SE8,"Apollo rocket engines SE-6, SE-8 and R-4D (blog)",steve.blog,2010,blog,,https://steve.blog/2010/08/16/apollo-rocket-engines-se-6-se-8-and-r-4d/,E,tertiary,METADATA_ONLY,search_result_only,ENG-US-SE-8
SRC-SUTTON-HISTORY,History of Liquid Propellant Rocket Engines,AIAA,2006,book,,,C,tertiary,RESTRICTED_REFERENCE,not_retrieved,
SRC-SUTTON-HLPRE-2006,History of Liquid Propellant Rocket Engines,AIAA,2006,book,ISBN 1-56347-649-5 (unverified),,C,secondary,RESTRICTED_REFERENCE,not_retrieved,
SRC-SUTTON-RPE9,"Rocket Propulsion Elements, 9th ed. (ch.6 liquid engine fundamentals/feed & cycles; ch.8 thrust chambers; ch.10 turbopumps; ch.11 engine systems, controls, integration)",Wiley,2017,book,ISBN 978-1-118-75365-1 (unverified),,C,secondary,RESTRICTED_REFERENCE,not_retrieved,
SRC-TDIA-APOLLO4,9 November 1967 (Apollo 4) article,This Day in Aviation,,web article,,https://thisdayinaviation.com/?p=8608,E,tertiary,RESTRICTED_REFERENCE,search_result_only,ENG-US-F-1
SRC-TECTONIC-DRAPER,ICYMI: Ursa Major lands $34.9M defense contract for Draper,Tectonic Defense,2023,news,,https://www.tectonicdefense.com/icymi-ursa-major-lands-34-9m-defense-contract-for-draper/,D,tertiary,VALUES_WITH_ATTRIBUTION,search_result_only,ENG-US-DRAPER
SRC-TEIKYO-LAB001,Teikyo University lab page (lab001) on expander bleed / LE-9,Teikyo University,,university web page,,https://www.teikyo-u.ac.jp/en/teikyolab/lab001,D,tertiary,RIGHTS_REVIEW_REQUIRED,search_result_only,ENG-JP-LE-7A; ENG-JP-LE-9
SRC-TESLARATI-R2,Elon Musk: SpaceX Starship Raptor 2 engine progress,Teslarati,2022,news article,,https://teslarati.com/elon-musk-spacex-starship-raptor-2-engine-progress,E,secondary,RESTRICTED_REFERENCE,search_result_only,ENG-US-RAPTOR-2
SRC-TFAWS-08-1013,TFAWS-08-1013 (B-2 test facility / J-2X thermal paper),NASA Thermal & Fluids Analysis Workshop 2008,2008,NASA workshop paper,TFAWS-08-1013,https://tfaws.nasa.gov/TFAWS08/Proceedings/Papers/TFAWS-08-1013.pdf,B,secondary,PUBLIC_DOMAIN_GOV,search_result_only,ENG-US-J-2X
SRC-THEWEEK-CH3,Why Vikram lander of Chandrayaan-3 has a higher chance of successful soft landing,The Week (India),2023,news,,https://www.theweek.in/news/sci-tech/2023/07/11/why-vikram-lander-of-chandrayaan-3-has-a-higher-chance-of-successful-soft-landing-on-moon.amp.html,D,tertiary,VALUES_WITH_ATTRIBUTION,search_result_only,ENG-IN-800-N-THROTTLEABLE-ENGINE
SRC-THISDAY-BELL8048,Tag: Bell 8048 (XLR81-BA-5),This Day in Aviation,,web encyclopedia,,https://www.thisdayinaviation.com/tag/bell-8048-xlr81-ba-5/,E,secondary,RIGHTS_REVIEW_REQUIRED,search_result_only,ENG-US-BELL-8048
SRC-THISDAY-LR79NA9,Tag: Rocketdyne LR79-NA-9,This Day in Aviation,,web encyclopedia,,https://www.thisdayinaviation.com/tag/rocketdyne-lr79-na-9/,E,secondary,RIGHTS_REVIEW_REQUIRED,search_result_only,ENG-US-LR79-NA-9
SRC-THISDAY-XLR10,Tag: Reaction Motors XLR10-RM-2,This Day in Aviation,,web encyclopedia,,https://www.thisdayinaviation.com/tag/reaction-motors-xlr10-rm-2/,E,secondary,RIGHTS_REVIEW_REQUIRED,search_result_only,ENG-US-XLR10-RM-2
SRC-THISDAY-XLR25,Tag: Curtiss-Wright XLR25-CW-1,This Day in Aviation,,web encyclopedia,,https://www.thisdayinaviation.com/tag/curtiss-wright-xlr25-cw-1/,E,secondary,RIGHTS_REVIEW_REQUIRED,search_result_only,ENG-US-XLR25-CW-1
SRC-TMS-TITAN2,Titan II Missile Specifications / Titan II Missile System Start Sequence,The Military Standard (themilitarystandard.com),,enthusiast/ex-crew technical web pages,,https://www.themilitarystandard.com/missile/titan2/startsequence/,D,secondary,RIGHTS_REVIEW_REQUIRED,search_result_only,ENG-US-LR87-AJ-5
SRC-TRIBUNE-LPSC-2023,Liquid Propulsion System Centre's proven systems to propel India's maiden solar mission,The Tribune,2023,news article,,https://www.tribuneindia.com/news/india/liquid-propulsion-system-centres-proven-systems-to-propel-indias-maiden-solar-mission-540386/amp,D,tertiary,RIGHTS_REVIEW_REQUIRED,search_result_only,ENG-IN-LAM-440-N
SRC-TSINGHUA-7500N,Tsinghua news on 7500 N variable-thrust engine (pintle injector),Tsinghua University,,university news,,https://www.tsinghua.edu.cn/info/1175/20928.htm,D,tertiary,VALUES_WITH_ATTRIBUTION,search_result_only,ENG-CN-7500N-VARIABLE-THRUST-ENGINE
SRC-UA-PHXSPEC,Spectroscopic plume analysis of the Phoenix Mars lander hydrazine thruster,University of Arizona,,peer-reviewed article,,https://experts.arizona.edu/en/publications/spectroscopic-plume-analysis-of-the-phoenix-mars-lander-hydrazine/,B,primary,RESTRICTED_REFERENCE,search_result_only,ENG-US-MR-107N
SRC-UC-OLLI-DRAGON,SpaceX Dragon Capsules (OLLI class handout),University of Cincinnati OLLI,2023,class handout,,https://uc.edu/content/dam/refresh/cont-ed-62/olli/fall-23-class-handouts/SpaceX%205Dragon%20Capsules.pdf,E,tertiary,UNKNOWN,search_result_only,ENG-US-DRACO
SRC-UC-OLLI-SPACEX,"SpaceX 4: Falcon rockets and engines (OLLI class handout, fall 2023)",University of Cincinnati OLLI,2023,class handout,,https://uc.edu/content/dam/refresh/cont-ed-62/olli/fall-23-class-handouts/SpaceX%204%20Falcon%20rockets%20and%20Engines.pdf,E,tertiary,RESTRICTED_REFERENCE,search_result_only,ENG-US-MERLIN-1D
SRC-UCS-SIMORGH,Iran's Upcoming Simorgh Rocket Launch (UCS blog),Union of Concerned Scientists,,analyst blog,,https://blog.ucs.org/lgrego/irans-upcoming-simorgh-rocket-launch/,D,tertiary,RIGHTS_REVIEW_REQUIRED,search_result_only,ENG-IR-SIMORGH-SECOND-STAGE-ENGINES
SRC-ULA-BE4-FACTSHEET,BE-4 Rocket Engine fact sheet,ULA / Blue Origin,,manufacturer fact sheet,be-4_fact_sheet_web_final_2.pdf,https://www.ulalaunch.com/docs/default-source/news-items/be-4_fact_sheet_web_final_2.pdf,A,primary,VALUES_WITH_ATTRIBUTION,search_result_only,ENG-US-BE-4
SRC-ULA-DIV-GPSIIISV02,Delta IV GPS III SV02 mission overview booklet,ULA,2019,launch provider mission booklet,div_gpsiiisv02_mob.pdf,https://www.ulalaunch.com/docs/default-source/launch-booklets/div_gpsiiisv02_mob.pdf,A,primary,RIGHTS_REVIEW_REQUIRED,fetched,ENG-US-RL10B-2
SRC-ULA-DIV-INAUGURAL,Critical events of the inaugural launch of the Boeing Delta IV expendable launch vehicle,"Boeing / ULA (AIAA paper, ULA-hosted)",,AIAA conference paper,,https://www.ulalaunch.com/docs/default-source/evolution/critical-events-of-the-inaugural-launch-of-the-boeing-delta-iv-expendable-launch-vehicle.pdf,B,primary,RESTRICTED_REFERENCE,fetched,ENG-US-RL10B-2
SRC-ULA-RD180-RECORD,RD-180 Engine: An Established Record of Performance and Reliability on Atlas Launch Vehicles,United Launch Alliance (host); authors not seen,,conference paper (hosted PDF),,https://www.ulalaunch.com/docs/default-source/evolution/rd-180-engine-an-established-record-of-performance-and-reliability-on-atlas-launch-vehicles.pdf,B,primary,RESTRICTED_REFERENCE,not_retrieved,ENG-RU-RD-180
SRC-ULA-TITANCENTAUR,History of the Titan Centaur launch vehicle,ULA,,manufacturer history document,,https://www.ulalaunch.com/docs/default-source/upper-stages/history-of-the-titan-centaur-launch-vehicle.pdf,A,secondary,RESTRICTED_REFERENCE,search_result_only,ENG-US-RL10A-3-3
SRC-UNIV-THESES,University theses and dissertations (class),various,,thesis,,,B,primary,RIGHTS_REVIEW_REQUIRED,not_retrieved,
SRC-UNIVERSALIS-FUSEESSONDES,fusees-sondes (dictionnaire),Encyclopaedia Universalis,,encyclopedia,,https://www.universalis.fr/dictionnaire/fus%C3%A9es-sondes/,D,tertiary,RESTRICTED_REFERENCE,search_result_only,ENG-FR-VESTA-ENGINE
SRC-UNT-MOCAT-946-31648,Monthly Catalog of US Government Publications entry 946-31648,UNT Libraries (Monthly Catalog),,library catalogue,,https://mocat.library.unt.edu/catalog/946-31648,A,tertiary,METADATA_ONLY,not_retrieved,ENG-US-LMDE
SRC-USA-OMS21002,Orbital Maneuvering System Workbook OMS 21002 Rev A (2006-10-10),United Space Alliance for NASA JSC,2006,training workbook,USA006500 / OMS 21002,https://ibiblio.org/apollo/Shuttle/USA006500%20-%20Orbital%20Maneuvering%20System%20Workbook%20OMS%2021002.pdf,A,primary,RIGHTS_REVIEW_REQUIRED,fetched,ENG-US-AJ10-190
SRC-USC-17-105,17 U.S.C. 105 - Subject matter of copyright: United States Government works,US Congress,,statute,17 USC 105,https://www.law.cornell.edu/uscode/text/17/105,A,primary,PUBLIC_DOMAIN_GOV,search_result_only,
SRC-USPTO-37CFR-1-71,37 CFR 1.71(d)-(e) and 1.84(s): copyright/mask-work notices in patents,USPTO,,regulation,37 CFR 1.71; 37 CFR 1.84(s),https://codes.findlaw.com/cfr/title-37-patents-trademarks-and-copyrights/cfr-sect-37-1-71/,A,primary,PUBLIC_DOMAIN_GOV,search_result_only,
SRC-UT-2019-RAPTOR,"New SpaceX Raptor Engine Beats the Chamber Pressure of Russia's RD-180 Engine, According to Elon Musk",Universe Today,2019,news article,,https://www.universetoday.com/141462/new-spacex-raptor-engine-beats-the-chamber-pressure-of-russias-rd-180-engine-according-to-elon-musk,D,secondary,RESTRICTED_REFERENCE,search_result_only,ENG-US-RAPTOR-DEVELOPMENT
SRC-V2ROCKET-DESIGN,v2rocket.com: A-4/V-2 makeup / design page,v2rocket.com (private),,enthusiast web page,,https://www.v2rocket.com/start/makeup/design.html,E,tertiary,RESTRICTED_REFERENCE,search_result_only,ENG-DE-A4-ENGINE
SRC-V2ROCKETHISTORY,v2rockethistory.com A4/V2 technology pages,v2rockethistory.com,,hobbyist web site,,https://v2rockethistory.com/?p=425,E,tertiary,RESTRICTED_REFERENCE,search_result_only,ENG-DE-A4-ENGINE
SRC-V2ROCKETHISTORY-TP,By steam engine to the stars? An overview of the V2 rocket's turbopump,v2rockethistory.com,,blog,,https://v2rockethistory.com/v2-turbopump-and-walter-hydrogen-peroxide-steam-generator-plant-video-overview/,E,tertiary,UNKNOWN,search_result_only,ENG-DE-A4-ENGINE
SRC-VAJIRAM-VIKAS,Vikas Engine (UPSC study page),Vajiram & Ravi,,study-guide page,,https://vajiramandravi.com/upsc-exam/vikas-engine/,E,tertiary,RIGHTS_REVIEW_REQUIRED,search_result_only,ENG-IN-VIKAS; ENG-IN-VIKAS-HIGH-THRUST
SRC-VERKEHRSHAUS-RZ2,"Triebwerk Rolls-Royce RZ2, der ersten Stufe der ELDO-Europa II-Traegerrakete",Verkehrshaus der Schweiz,,museum catalogue,,https://sammlung.verkehrshaus.ch/en/collection/item/124082,D,secondary,RIGHTS_REVIEW_REQUIRED,search_result_only,ENG-GB-RZ-2
SRC-VISIONIAS-VIKAS-RESTART,ISRO demonstrated restart capability of Vikas engine (2025-01-20),Vision IAS,2025,study-guide page,,https://visionias.in/current-affairs/news-today/2025-01-20/science-and-technology/isro-demonstrated-restart-capability-of-vikas-engine,E,tertiary,RIGHTS_REVIEW_REQUIRED,search_result_only,ENG-IN-VIKAS
SRC-WARBIRDS-ME262,Messerschmitt Me 262 variants,Warbirds Resource Group (Luftwaffe Resource Center),,web history site,,https://warbirdsresourcegroup.org/LRG/luftwaffe_messerschmitt_me262_variants.html,E,tertiary,UNKNOWN,search_result_only,ENG-DE-BMW-109-718
SRC-WCCF-RAPTOR-330,SpaceX Melts New Rocket Engine During Test (and related),Wccftech,,news article,,https://wccftech.com/spacex-melts-new-rocket-engine-during-test-shows-fiery-video/amp/,E,secondary,RESTRICTED_REFERENCE,search_result_only,ENG-US-RAPTOR-1; ENG-US-RAPTOR-2
SRC-WCCF-TQ15A,China's Largest Private Rocket Engine Breathes Fire In First Successful Test,Wccftech,,tech blog,,https://wccftech.com/chinas-largest-private-rocket-engine-breathes-fire-in-first-successful-test/amp/,E,secondary,RIGHTS_REVIEW_REQUIRED,search_result_only,ENG-CN-TQ-15A
SRC-WCCFTECH-SN10,Baffling baffles - Musk explains why SpaceX's Mars rocket prototype exploded,Wccftech,2021,news article,,https://wccftech.com/baffling-baffles-musk-explains-why-spacexs-mars-rocket-prototype-exploded/,E,tertiary,VALUES_WITH_ATTRIBUTION,search_result_only,ENG-US-RAPTOR
SRC-WEBLIO-LE5,LE-5 comparison table (Weblio mirrors of ja.wikipedia: le-5 / LE5 / LE-5A / LE+5),Weblio / ja.wikipedia,,web encyclopedia,,https://www.weblio.jp/content/le-5,D,tertiary,OPEN_LICENSE,search_result_only,ENG-JP-LE-5B
SRC-WEBLIO-LE7,le-7とは (Weblio mirror of Japanese Wikipedia),Weblio / ja.wikipedia,,web encyclopedia,,https://www.weblio.jp/content/le-7,D,tertiary,OPEN_LICENSE,search_result_only,ENG-JP-LE-7A
SRC-WEBLIO-LE8,LE-8とは (Weblio mirror of ja.wikipedia),Weblio / ja.wikipedia,,web encyclopedia,,https://www.weblio.jp/content/LE+8,D,tertiary,OPEN_LICENSE,search_result_only,ENG-JP-LE-8
SRC-WEBLIO-LEX,LExとは (Weblio mirror of ja.wikipedia LE-X),Weblio / ja.wikipedia,,web encyclopedia,,https://www.weblio.jp/content/LEx,D,tertiary,OPEN_LICENSE,search_result_only,ENG-JP-LE-9
SRC-WEBLIO-YF20,"YF-20とは (Weblio, ja.wikipedia mirror)",Weblio / ja.wikipedia,,web encyclopedia,,https://www.weblio.jp/content/YF-20,D,secondary,OPEN_LICENSE,search_result_only,ENG-CN-YF-20B; ENG-CN-YF-21B
SRC-WEBLIO-YF75D,"YF-75Dとは (Weblio, mirror of older ja.wikipedia)",Weblio / ja.wikipedia,,web encyclopedia,,https://www.weblio.jp/content/YF-75D,D,secondary,OPEN_LICENSE,search_result_only,
SRC-WEBLIO-YF77,YF-77とは (Weblio mirror of ja.wikipedia),Weblio / ja.wikipedia,,web encyclopedia,,https://www.weblio.jp/content/YF-77,D,tertiary,OPEN_LICENSE,search_result_only,ENG-CN-YF-77
SRC-WEVOLVER-MERLIN,Merlin Engine (Merlin-1D) spec page,Wevolver,,web spec page,,https://www.wevolver.com/specs/merlin-engine-merlin-1d-falcon-9-falcon-heavy,E,tertiary,RESTRICTED_REFERENCE,search_result_only,ENG-US-MERLIN-1D
SRC-WIGHT-BLACKARROW,Black Arrow History,Wight Aviation Museum,,museum web page,,https://wightaviationmuseum.org.uk/black-arrow-history,D,secondary,RIGHTS_REVIEW_REQUIRED,search_result_only,ENG-GB-GAMMA-2; ENG-GB-GAMMA-8
SRC-WIKI-11D428,11D428 (Wikipedia),Wikipedia,,web encyclopedia,,https://en.wikipedia.org/wiki/11D428,D,tertiary,OPEN_LICENSE,search_result_only,ENG-RU-11D428; ENG-RU-11D428A; ENG-RU-11D428A-16
SRC-WIKI-AEONR,Relativity Space / Aeon R (Wikipedia),Wikipedia,,web encyclopedia,,https://wikipedia.com/wiki/Aeon_R,D,tertiary,OPEN_LICENSE,search_result_only,ENG-US-AEON-1; ENG-US-AEON-R; ENG-US-AEON-VAC-TERRAN-R
SRC-WIKI-AESTUS,Aestus,Wikipedia,,web encyclopedia,,https://en.wikipedia.org/wiki/Aestus,D,tertiary,OPEN_LICENSE,search_result_only,ENG-DE-AESTUS; ENG-DE-AESTUS-II
SRC-WIKI-AGGREGAT,Aggregat (rocket family),Wikipedia,,web encyclopedia,,https://en.wikipedia.org/wiki/Aggregat,D,tertiary,OPEN_LICENSE,search_result_only,ENG-DE-A1-ENGINE; ENG-DE-A3-ENGINE; ENG-DE-A5-ENGINE
SRC-WIKI-AGNIKUL,AgniKul Cosmos (Wikipedia),Wikipedia,,web encyclopedia,,https://en.wikipedia.org/wiki/AgniKul_Cosmos,D,tertiary,OPEN_LICENSE,search_result_only,ENG-IN-AGNILET
SRC-WIKI-AJ10,AJ10,Wikipedia,,web encyclopedia,,https://en.wikipedia.org/wiki/AJ10,D,secondary,OPEN_LICENSE,search_result_only,ENG-US-AJ10-101; ENG-US-AJ10-104; ENG-US-AJ10-104D; ENG-US-AJ10-118; ENG-US-AJ10-118A; ENG-US-AJ10-118D; ENG-US-AJ10-118E; ENG-US-AJ10-137; ENG-US-AJ10-190; ENG-US-AJ10-37; ENG-US-AJ10-42
SRC-WIKI-AJ26,"AJ-26 (Wikipedia, via kiwix mirror) (English Wikipedia article)",Wikimedia Foundation / Wikipedia contributors,,web encyclopedia,,https://kiwix.lema.org/wikipedia_en_all_mini_2024-02/A/AJ-26,D,tertiary,OPEN_LICENSE,search_result_only,ENG-US-AJ26-58; ENG-US-AJ26-59; ENG-US-AJ26-62
SRC-WIKI-AKATSUKI,Akatsuki (spacecraft) (Wikipedia),Wikipedia,,web encyclopedia,,https://en.wikipedia.org/wiki/Akatsuki_(spacecraft),D,tertiary,OPEN_LICENSE,search_result_only,ENG-JP-AKATSUKI-OME
SRC-WIKI-ANTARES,Antares (rocket) (Wikipedia),Wikipedia,,web encyclopedia,,https://en.wikipedia.org/wiki/Antares_(rocket),D,tertiary,OPEN_LICENSE,search_result_only,ENG-RU-RD-181; ENG-US-AJ26-58; ENG-US-AJ26-62
SRC-WIKI-ARIANE1,Ariane 1,Wikipedia,,web encyclopedia,,https://en.wikipedia.org/wiki/Ariane_1,D,tertiary,OPEN_LICENSE,search_result_only,ENG-FR-HM7A
SRC-WIKI-ARIANE3,Ariane 3,Wikipedia,,web encyclopedia,,https://en.wikipedia.org/wiki/Ariane_3,D,tertiary,OPEN_LICENSE,search_result_only,ENG-FR-VIKING-4B
SRC-WIKI-ASTRA-ROCKET,Astra Rocket (Wikipedia),Wikipedia,,web encyclopedia,,https://en.wikipedia.org/wiki/Astra_Rocket,D,tertiary,OPEN_LICENSE,search_result_only,ENG-US-AETHER; ENG-US-DELPHIN
SRC-WIKI-ASTRIS-ENGINE,Astris (rocket engine) / Astris (rocket stage),Wikipedia,,web encyclopedia,,https://en.wikipedia.org/wiki/Astris_(rocket_engine),D,tertiary,OPEN_LICENSE,search_result_only,ENG-DE-ASTRIS
SRC-WIKI-ATLASG,Atlas G,Wikipedia,,web encyclopedia,,https://en.wikipedia.org/wiki/Atlas_G,D,secondary,OPEN_LICENSE,search_result_only,ENG-US-LR89-NA-7
SRC-WIKI-ATLASII,Atlas II,Wikipedia,,web encyclopedia,,https://en.wikipedia.org/wiki/Atlas_II,D,secondary,OPEN_LICENSE,search_result_only,ENG-US-RS-56-OBA; ENG-US-RS-56-OSA
SRC-WIKI-ATLASIII,Atlas III,Wikipedia,,web encyclopedia,,https://en.wikipedia.org/wiki/Atlas_III,D,secondary,OPEN_LICENSE,search_result_only,ENG-US-RL10A-4-1
SRC-WIKI-AUTOGENOUS,Autogenous pressurization,Wikipedia,,web encyclopedia,,https://en.wikipedia.org/wiki/Autogenous_pressurization,D,tertiary,OPEN_LICENSE,search_result_only,
SRC-WIKI-BE3,BE-3 (Wikipedia; includes BE-1/BE-2 history),Wikipedia,,web encyclopedia,,https://en.wikipedia.org/wiki/BE-3,D,tertiary,OPEN_LICENSE,search_result_only,ENG-US-BE-1; ENG-US-BE-2
SRC-WIKI-BE3U,BE-3U (mirror of Wikipedia),Wikipedia,,web encyclopedia,,https://en.wikipedia.com/wiki/BE-3U,D,tertiary,OPEN_LICENSE,search_result_only,ENG-US-BE-3U
SRC-WIKI-BE4,Wikipedia: BE-4,Wikimedia,,web encyclopedia,,https://en.wikipedia.org/wiki/BE-4,D,tertiary,OPEN_LICENSE,search_result_only,ENG-US-BE-4
SRC-WIKI-BELL8000,Bell Model 8000 family (XLR81),Wikipedia,,web encyclopedia,,https://en.wikipedia.org/wiki/Bell_Model_8000_family,D,secondary,OPEN_LICENSE,search_result_only,ENG-US-BELL-8001; ENG-US-BELL-8048; ENG-US-BELL-8081; ENG-US-BELL-8096; ENG-US-BELL-8247
SRC-WIKI-BELLX2,Bell X-2,Wikipedia,,web encyclopedia,,https://en.wikipedia.org/wiki/Bell_X-2,D,secondary,OPEN_LICENSE,search_result_only,ENG-US-XLR25-CW-1
SRC-WIKI-BETA,Armstrong Siddeley Beta,Wikipedia,,web encyclopedia,,https://en.wikipedia.org/wiki/Armstrong_Siddeley_Beta,D,tertiary,OPEN_LICENSE,search_result_only,ENG-GB-BETA
SRC-WIKI-BLUEGHOST,Firefly Aerospace Blue Ghost (Wikipedia),Wikipedia,,web encyclopedia,,https://en.wikipedia.org/wiki/Firefly_Aerospace_Blue_Ghost,D,tertiary,OPEN_LICENSE,search_result_only,ENG-GB-LEROS-4-ET; ENG-US-SPECTRE
SRC-WIKI-BMW109558,BMW 109-558 / Henschel Hs 117,Wikipedia,,web encyclopedia,,https://en.wikipedia.org/wiki/BMW_109-558,D,tertiary,OPEN_LICENSE,search_result_only,ENG-DE-BMW-109-558
SRC-WIKI-BMW109718,BMW 109-718,Wikipedia,,web encyclopedia,,https://en.wikipedia.org/wiki/BMW_109-718,D,tertiary,OPEN_LICENSE,search_result_only,ENG-DE-BMW-109-718
SRC-WIKI-BT4,BT-4 (rocket engine) (Wikipedia),Wikipedia,,web encyclopedia,,https://en.wikipedia.org/wiki/BT-4_(rocket_engine),D,tertiary,OPEN_LICENSE,search_result_only,ENG-JP-BT-4; ENG-JP-HBT-5
SRC-WIKI-CE20,CE-20 (Wikipedia),Wikipedia,,web encyclopedia,,https://en.wikipedia.org/wiki/CE-20,D,tertiary,OPEN_LICENSE,search_result_only,ENG-IN-CE-20
SRC-WIKI-CE75,CE-7.5 (Wikipedia),Wikipedia,,web encyclopedia,,https://en.wikipedia.org/wiki/CE-7.5,D,tertiary,OPEN_LICENSE,search_result_only,ENG-IN-CE-7-5; ENG-IN-CE-7-5-STEERING-ENGINE
SRC-WIKI-CORA,Cora (rocket),Wikipedia,,web encyclopedia,,https://en.wikipedia.org/wiki/Cora_(rocket),D,tertiary,OPEN_LICENSE,search_result_only,ENG-FR-CORALIE-ENGINE
SRC-WIKI-CORPORALE,Corporal E,Wikipedia,,web encyclopedia,,https://en.wikipedia.org/wiki/Corporal_E,D,secondary,OPEN_LICENSE,search_result_only,ENG-US-XF30L20000
SRC-WIKI-CURIE,Curie (rocket engine) (Wikipedia),Wikipedia,,web encyclopedia,,https://en.wikipedia.org/wiki/Curie_(rocket_engine),D,tertiary,OPEN_LICENSE,search_result_only,ENG-NZ-CURIE; ENG-NZ-HYPERCURIE
SRC-WIKI-CZ1,Long March 1,Wikipedia,,web encyclopedia,,https://en.wikipedia.org/wiki/Long_March_1,D,secondary,OPEN_LICENSE,search_result_only,ENG-CN-YF-1; ENG-CN-YF-3A
SRC-WIKI-CZ1D,Long March 1D,Wikipedia,,web encyclopedia,,https://en.wikipedia.org/wiki/Long_March_1D,D,secondary,OPEN_LICENSE,search_result_only,ENG-CN-YF-1B
SRC-WIKI-CZ2F,Long March 2F,Wikipedia,,web encyclopedia,,https://en.wikipedia.org/wiki/Long_March_2F,D,secondary,OPEN_LICENSE,search_result_only,ENG-CN-YF-20B; ENG-CN-YF-24
SRC-WIKI-CZ3,Long March 3,Wikipedia,,web encyclopedia,,https://en.wikipedia.org/wiki/Long_March_3,D,secondary,OPEN_LICENSE,search_result_only,ENG-CN-YF-73
SRC-WIKI-CZ4B,Long March 4B,Wikipedia,,web encyclopedia,,https://en.wikipedia.org/wiki/Long_March_4B,D,secondary,OPEN_LICENSE,search_result_only,ENG-CN-YF-40
SRC-WIKI-CZ9,Long March 9,Wikipedia,,web encyclopedia,,https://en.wikipedia.org/wiki/Long_March_9,D,secondary,OPEN_LICENSE,search_result_only,ENG-CN-YF-130; ENG-CN-YF-215
SRC-WIKI-DCSS,Delta Cryogenic Second Stage,Wikipedia,,web encyclopedia,,https://en.wikipedia.org/wiki/Delta_Cryogenic_Second_Stage,D,tertiary,OPEN_LICENSE,search_result_only,ENG-US-RL10B-2
SRC-WIKI-DELTAK,Delta-K,Wikipedia,,web encyclopedia,,https://en.wikipedia.org/wiki/Delta-K,D,secondary,OPEN_LICENSE,search_result_only,ENG-US-AJ10-118K
SRC-WIKI-DIAMANT,Diamant,Wikipedia,,web encyclopedia,,https://en.wikipedia.org/wiki/Diamant,D,tertiary,OPEN_LICENSE,search_result_only,ENG-FR-VALOIS; ENG-FR-VEXIN-B
SRC-WIKI-DRACO,SpaceX Draco (Wikipedia),Wikipedia,,web encyclopedia,,https://en.wikipedia.org/wiki/SpaceX_Draco,D,tertiary,OPEN_LICENSE,search_result_only,ENG-US-DRACO
SRC-WIKI-DRAGON2,SpaceX Dragon 2 (Wikipedia),Wikipedia,,web encyclopedia,,https://en.wikipedia.org/wiki/SpaceX_Dragon_2,D,tertiary,OPEN_LICENSE,search_result_only,ENG-US-DRACO; ENG-US-SUPERDRACO
SRC-WIKI-ELECTRON,Rocket Lab Electron (Wikipedia),Wikipedia,,web encyclopedia,,https://en.wikipedia.org/wiki/Rocket_Lab_Electron,D,tertiary,OPEN_LICENSE,search_result_only,ENG-NZ-CURIE; ENG-NZ-HYPERCURIE
SRC-WIKI-EMERAUDE,Emeraude (rocket),Wikipedia,,web encyclopedia,,https://en.wikipedia.org/wiki/Emeraude_(rocket),D,tertiary,OPEN_LICENSE,search_result_only,ENG-FR-VEXIN-B
SRC-WIKI-ENERGOMASH,NPO Energomash,Wikipedia,,web encyclopedia,,https://wikipedia.com/wiki/OKB-456,D,tertiary,OPEN_LICENSE,search_result_only,ENG-SU-RD-214; ENG-SU-RD-216
SRC-WIKI-ENZIAN,Enzian,Wikipedia,,web encyclopedia,,https://www.wikipedia.org/wiki/Enzian,D,tertiary,OPEN_LICENSE,search_result_only,ENG-DE-HWK-109-739; ENG-DE-KONRAD-VFK-613-A01
SRC-WIKI-EPUMP,Electric-pump-fed engine,Wikipedia,,web encyclopedia,,https://en.wikipedia.org/wiki/Electric-pump-fed_engine,D,tertiary,OPEN_LICENSE,search_result_only,ENG-NZ-RUTHERFORD; ENG-US-DELPHIN
SRC-WIKI-EUROPA,Europa (rocket),Wikipedia,,web encyclopedia,,https://en.wikipedia.org/wiki/Europa_(rocket),D,tertiary,OPEN_LICENSE,search_result_only,ENG-DE-ASTRIS; ENG-FR-CORALIE-ENGINE; ENG-GB-RZ-2
SRC-WIKI-EZROCKET,XCOR EZ-Rocket (Wikipedia),Wikipedia,,web encyclopedia,,https://en.wikipedia.org/wiki/XCOR_EZ-Rocket,D,tertiary,OPEN_LICENSE,search_result_only,ENG-US-XR-4A3
SRC-WIKI-F1,Rocketdyne F-1,Wikipedia,,web encyclopedia,,https://en.wikipedia.org/wiki/Rocketdyne_F-1,D,tertiary,OPEN_LICENSE,search_result_only,ENG-US-F-1; ENG-US-F-1A
SRC-WIKI-F9FT,Falcon 9 Full Thrust,Wikipedia,,web encyclopedia,,https://en.wikipedia.org/wiki/Falcon_9_Full_Thrust,D,tertiary,OPEN_LICENSE,search_result_only,ENG-US-MERLIN-1D-BLOCK-5
SRC-WIKI-GAMMA,Bristol Siddeley Gamma,Wikipedia,,web encyclopedia,,https://en.wikipedia.org/wiki/Bristol_Siddeley_Gamma,D,tertiary,OPEN_LICENSE,search_result_only,ENG-GB-GAMMA-2; ENG-GB-GAMMA-201; ENG-GB-GAMMA-301; ENG-GB-GAMMA-8
SRC-WIKI-H1,Rocketdyne H-1,Wikipedia,,web encyclopedia,,https://en.wikipedia.org/wiki/Rocketdyne_H-1,D,tertiary,OPEN_LICENSE,search_result_only,ENG-US-H-1; ENG-US-H-1-165K; ENG-US-H-1-205K
SRC-WIKI-HM7B,HM7B,Wikipedia,,web encyclopedia,,https://en.wikipedia.org/wiki/HM7B,D,tertiary,OPEN_LICENSE,search_result_only,ENG-FR-HM4; ENG-FR-HM7; ENG-FR-HM7B
SRC-WIKI-HS14,Hwasong-14 (Wikipedia),Wikipedia,,web encyclopedia,,https://en.wikipedia.org/wiki/Hwasong-14,D,tertiary,OPEN_LICENSE,search_result_only,ENG-KP-HWASONG-14-15-MAIN-ENGINE-PAEKTUSAN; ENG-KP-HWASONG-14-MAIN-ENGINE
SRC-WIKI-HS15,Hwasong-15 (Wikipedia),Wikipedia,,web encyclopedia,,https://en.wikipedia.org/wiki/Hwasong-15,D,tertiary,OPEN_LICENSE,search_result_only,ENG-KP-HWASONG-14-15-MAIN-ENGINE-PAEKTUSAN; ENG-KP-HWASONG-15-FIRST-STAGE-ENGINE
SRC-WIKI-HWK109500,Walter HWK 109-500,Wikipedia,,web encyclopedia,,https://en.wikipedia.org/wiki/Walter_HWK_109-500,D,tertiary,OPEN_LICENSE,search_result_only,ENG-DE-HWK-109-500
SRC-WIKI-HWK109507,Walter HWK 109-507 / Henschel Hs 293,Wikipedia,,web encyclopedia,,https://en.wikipedia.org/wiki/Walter_HWK_109-507,D,tertiary,OPEN_LICENSE,search_result_only,ENG-DE-HWK-109-507
SRC-WIKI-HWK109509,Walter HWK 109-509,Wikipedia,,web encyclopedia,,https://en.wikipedia.org/wiki/Walter_HWK_109-509,D,tertiary,OPEN_LICENSE,search_result_only,ENG-DE-HWK-109-509
SRC-WIKI-IM1,IM-1 (Wikipedia),Wikipedia,,web encyclopedia,,https://en.wikipedia.org/wiki/IM-1,D,tertiary,OPEN_LICENSE,search_result_only,ENG-US-VR900
SRC-WIKI-J2,Rocketdyne J-2,Wikipedia,,web encyclopedia,,https://en.wikipedia.org/wiki/Rocketdyne_J-2,D,tertiary,OPEN_LICENSE,search_result_only,ENG-US-J-2; ENG-US-J-2S
SRC-WIKI-J2X,J-2X,Wikipedia,,web encyclopedia,,https://en.wikipedia.org/wiki/J-2X,D,secondary,OPEN_LICENSE,search_result_only,ENG-US-J-2X
SRC-WIKI-JUPITERA,Jupiter-A,Wikipedia,,web encyclopedia,,https://en.wikipedia.org/wiki/Jupiter-A,D,secondary,OPEN_LICENSE,search_result_only,ENG-US-NAA-75-110-A-6
SRC-WIKI-K1,Kistler K-1 (Wikipedia),Wikipedia,,web encyclopedia,,https://en.wikipedia.org/wiki/Kistler_K-1,D,tertiary,OPEN_LICENSE,search_result_only,ENG-US-AJ26-58; ENG-US-AJ26-60
SRC-WIKI-KBKHA,Chemical Automatics Design Bureau (English Wikipedia article),Wikimedia Foundation / Wikipedia contributors,,web encyclopedia,,https://en.wikipedia.org/wiki/Chemical_Automatics_Design_Bureau,D,tertiary,OPEN_LICENSE,search_result_only,
SRC-WIKI-KBKHM,A.M. Isayev Chemical Engineering Design Bureau,Wikipedia,,web encyclopedia,,https://en.wikipedia.org/wiki/A.M._Isayev_Chemical_Engineering_Design_Bureau,D,tertiary,OPEN_LICENSE,search_result_only,ENG-RU-S5-92; ENG-SU-4D10; ENG-SU-S2-253
SRC-WIKI-KESTREL,SpaceX Kestrel,Wikipedia,,web encyclopedia,,https://www.wikipedia.com/wiki/Kestrel_2,D,tertiary,OPEN_LICENSE,search_result_only,ENG-US-KESTREL; ENG-US-KESTREL-2
SRC-WIKI-KRE075,KRE-075 (Wikipedia),Wikipedia,,web encyclopedia,,https://en.wikipedia.org/wiki/KRE-075,D,tertiary,OPEN_LICENSE,search_result_only,ENG-KR-KRE-075; ENG-KR-KRE-075-2ND-STAGE
SRC-WIKI-KSR3,KARI KSR-3 (Wikipedia),Wikipedia,,web encyclopedia,,https://en.wikipedia.org/wiki/KARI_KSR-3,D,tertiary,OPEN_LICENSE,search_result_only,ENG-KR-KSR-III-ENGINE
SRC-WIKI-KTDU35,KTDU-35,Wikipedia (IPFS mirror),,web encyclopedia,,https://bafybeiaysi4s6lnjev27ln5icwm6tueaw2vdykrtjkwiphwekaywqhcjze.ipfs.ipfs.hypha.coop/wiki/KTDU-35,D,tertiary,OPEN_LICENSE,search_result_only,ENG-RU-S5-35; ENG-RU-S5-53; ENG-RU-S5-60; ENG-SU-KTDU-35; ENG-SU-S5-35; ENG-SU-S5-60
SRC-WIKI-KTDU80,KTDU-80 (Wikipedia),Wikipedia,,web encyclopedia,,https://en.wikipedia.org/wiki/KTDU-80,D,tertiary,OPEN_LICENSE,search_result_only,ENG-RU-11D428A; ENG-RU-S5-80
SRC-WIKI-KVD1,KVD-1,Wikipedia,,web encyclopedia,,https://en.wikipedia.org/wiki/KVD-1,D,tertiary,OPEN_LICENSE,search_result_only,ENG-RU-KVD-1; ENG-SU-RD-56
SRC-WIKI-LAE,Liquid apogee engine (Wikipedia),Wikipedia,,web encyclopedia,,https://en.wikipedia.org/wiki/Liquid_apogee_engine,D,tertiary,OPEN_LICENSE,search_result_only,ENG-IN-LAM-440-N
SRC-WIKI-LAUNCHERONE,LauncherOne (Wikipedia),Wikipedia,,web encyclopedia,,https://en.wikipedia.org/wiki/LauncherOne,D,tertiary,OPEN_LICENSE,search_result_only,ENG-US-NEWTONFOUR; ENG-US-NEWTONTHREE
SRC-WIKI-LE5,"LE-5 (Wikipedia, incl. LE-5A/5B/5B-2/5B-3 table)",Wikipedia,,web encyclopedia,,https://en.wikipedia.org/wiki/LE-5,D,tertiary,OPEN_LICENSE,search_result_only,ENG-JP-LE-5; ENG-JP-LE-5A; ENG-JP-LE-5B; ENG-JP-LE-5B-2; ENG-JP-LE-5B-3
SRC-WIKI-LE7,"LE-7 (Wikipedia, incl. LE-7A)",Wikipedia,,web encyclopedia,,https://en.wikipedia.org/wiki/LE-7,D,tertiary,OPEN_LICENSE,search_result_only,ENG-JP-LE-7; ENG-JP-LE-7A
SRC-WIKI-LE9,LE-9 (Wikipedia),Wikipedia,,web encyclopedia,,https://en.wikipedia.org/wiki/LE-9,D,tertiary,OPEN_LICENSE,search_result_only,ENG-JP-LE-9
SRC-WIKI-LEROS,LEROS (Wikipedia),Wikipedia,,web encyclopedia,,https://en.wikipedia.org/wiki/LEROS,D,tertiary,OPEN_LICENSE,search_result_only,ENG-GB-LEROS-1B; ENG-GB-LEROS-1C; ENG-GB-LEROS-2B; ENG-GB-LEROS-4; ENG-GB-LEROS-4-ET
SRC-WIKI-LONGYUN,"Longyun (rocket engine) (Wikipedia mirror, 2026-03 dump)",Wikipedia (kiwix mirror),,web encyclopedia,,https://wiki.krisyotam.com/content/wikipedia_en_all_nopic_2026-03/Longyun,D,tertiary,OPEN_LICENSE,search_result_only,ENG-CN-LONGYUN
SRC-WIKI-LR101,Rocketdyne LR-101,Wikipedia,,web encyclopedia,,https://en.wikipedia.org/wiki/Rocketdyne_LR-101,D,secondary,OPEN_LICENSE,search_result_only,ENG-US-LR101
SRC-WIKI-LR87,Aerojet LR87,Wikipedia,,web encyclopedia,,https://en.wikipedia.org/wiki/Aerojet_LR87,D,tertiary,OPEN_LICENSE,search_result_only,ENG-US-LR87-AJ-3; ENG-US-LR87-AJ-5
SRC-WIKI-LR91,LR91,Wikipedia,,web encyclopedia,,https://en.wikipedia.org/wiki/LR91,D,secondary,OPEN_LICENSE,search_result_only,ENG-US-LR91-AJ-11; ENG-US-LR91-AJ-3; ENG-US-LR91-AJ-5; ENG-US-LR91-AJ-7
SRC-WIKI-LYNX,XCOR Lynx (Wikipedia),Wikipedia,,web encyclopedia,,https://en.wikipedia.org/wiki/XCOR_Lynx,D,tertiary,OPEN_LICENSE,search_result_only,ENG-US-XR-5K18
SRC-WIKI-M1,Aerojet M-1,Wikipedia,,web encyclopedia,,https://en.wikipedia.org/wiki/Aerojet_M-1,D,secondary,OPEN_LICENSE,search_result_only,ENG-US-M-1
SRC-WIKI-M10,M10 (rocket engine) (Wikipedia),Wikipedia,,web encyclopedia,,https://en.wikipedia.org/wiki/M10_(rocket_engine),D,tertiary,OPEN_LICENSE,search_result_only,ENG-IT-M10; ENG-IT-MIRA
SRC-WIKI-MA5,MA-5 (rocket stage),Wikipedia,,web encyclopedia,,https://en.wikipedia.org/wiki/MA-5_(rocket_stage),D,secondary,OPEN_LICENSE,search_result_only,ENG-US-LR105-NA-7; ENG-US-LR89-NA-7
SRC-WIKI-MA5A,MA-5A,Wikipedia,,web encyclopedia,,https://en.wikipedia.org/wiki/MA-5A,D,secondary,OPEN_LICENSE,search_result_only,ENG-US-RS-56-OBA
SRC-WIKI-MARC60,MARC-60 (Wikipedia),Wikipedia,,web encyclopedia,,https://en.wikipedia.org/wiki/MARC-60,D,tertiary,OPEN_LICENSE,search_result_only,ENG-JP-MB-60
SRC-WIKI-MASTEN,Masten Space Systems (Wikipedia),Wikipedia,,web encyclopedia,,https://en.wikipedia.org/wiki/Masten_Space_Systems,D,tertiary,OPEN_LICENSE,search_result_only,ENG-US-CYCLOPS
SRC-WIKI-MERLIN,Wikipedia: SpaceX Merlin,Wikimedia,,web encyclopedia,,https://en.wikipedia.org/wiki/SpaceX_Merlin,D,tertiary,OPEN_LICENSE,search_result_only,ENG-US-MERLIN-1A; ENG-US-MERLIN-1B; ENG-US-MERLIN-1C; ENG-US-MERLIN-1C-VACUUM; ENG-US-MERLIN-1D; ENG-US-MERLIN-1D-BLOCK-5; ENG-US-MERLIN-1D-VACUUM-SHORT-NOZZLE
SRC-WIKI-MIURA1,Miura 1 (Wikipedia),Wikipedia,,web encyclopedia,,https://en.wikipedia.org/wiki/Miura_1,D,tertiary,OPEN_LICENSE,search_result_only,ENG-ES-TEPREL-B
SRC-WIKI-MIURA5,Miura 5 (Wikipedia),Wikipedia,,web encyclopedia,,https://en.wikipedia.org/wiki/Miura_5,D,tertiary,OPEN_LICENSE,search_result_only,ENG-ES-TEPREL-C; ENG-ES-TEPREL-C-VAC
SRC-WIKI-N1,N-I (rocket) (Wikipedia),Wikipedia,,web encyclopedia,,https://en.wikipedia.org/wiki/N-I_(rocket),D,tertiary,OPEN_LICENSE,search_result_only,ENG-JP-LE-3
SRC-WIKI-NARO1,Naro-1 (Wikipedia),Wikipedia,,web encyclopedia,,https://en.wikipedia.org/wiki/Naro-1,D,tertiary,OPEN_LICENSE,search_result_only,ENG-RU-RD-151
SRC-WIKI-NK15,NK-15 (English Wikipedia article),Wikimedia Foundation / Wikipedia contributors,,web encyclopedia,,https://en.wikipedia.org/wiki/NK-15,D,tertiary,OPEN_LICENSE,search_result_only,ENG-RU-NK-33A; ENG-SU-NK-15; ENG-SU-NK-15V; ENG-SU-NK-43
SRC-WIKI-NK33,NK-33 (English Wikipedia article),Wikimedia Foundation / Wikipedia contributors,,web encyclopedia,,https://en.wikipedia.org/wiki/NK-33,D,tertiary,OPEN_LICENSE,search_result_only,ENG-SU-NK-33; ENG-US-AJ26-58; ENG-US-AJ26-62
SRC-WIKI-NK43,NK-43 (English Wikipedia article),Wikimedia Foundation / Wikipedia contributors,,web encyclopedia,,https://wikipedia.com/wiki/NK-43,D,tertiary,OPEN_LICENSE,search_result_only,ENG-SU-NK-43
SRC-WIKI-NK9,NK-9 (English Wikipedia article),Wikimedia Foundation / Wikipedia contributors,,web encyclopedia,,https://en.wikipedia.org/wiki/NK-9,D,tertiary,OPEN_LICENSE,search_result_only,ENG-SU-NK-31; ENG-SU-NK-9; ENG-SU-NK-9V; ENG-SU-RD-111
SRC-WIKI-NOZZLEEXT,Nozzle extension,Wikipedia,,web encyclopedia,,https://en.wikipedia.org/wiki/Nozzle_extension,D,tertiary,OPEN_LICENSE,search_result_only,ENG-US-RL10B-2
SRC-WIKI-NURI,Nuri (rocket) (Wikipedia),Wikipedia,,web encyclopedia,,https://en.wikipedia.org/wiki/Nuri_(rocket),D,tertiary,OPEN_LICENSE,search_result_only,ENG-KR-KRE-007; ENG-KR-KRE-075
SRC-WIKI-OAMS,Orbit Attitude and Maneuvering System (Wikipedia),Wikipedia,,web encyclopedia,,https://en.wikipedia.org/wiki/Orbit_Attitude_and_Maneuvering_System,D,tertiary,OPEN_LICENSE,search_result_only,ENG-US-GEMINI-OAMS-100-LBF-THRUSTER
SRC-WIKI-OMS,Orbital Maneuvering System (Wikipedia),Wikipedia,,web encyclopedia,,https://en.wikipedia.org/wiki/Orbital_Maneuvering_System,D,tertiary,OPEN_LICENSE,search_result_only,ENG-US-AJ10-190
SRC-WIKI-OTRAG,OTRAG (Wikipedia),Wikipedia,,web encyclopedia,,https://en.wikipedia.org/wiki/OTRAG,D,tertiary,OPEN_LICENSE,search_result_only,ENG-DE-OTRAG-CRPU-ENGINE
SRC-WIKI-PGM11,PGM-11 Redstone,Wikipedia,,web encyclopedia,,https://en.wikipedia.org/wiki/PGM-11_Redstone,D,secondary,OPEN_LICENSE,search_result_only,ENG-US-NAA-75-110-A-7
SRC-WIKI-PGM19,PGM-19 Jupiter,Wikipedia,,web encyclopedia,,https://en.wikipedia.org/wiki/PGM-19_Jupiter,D,secondary,OPEN_LICENSE,search_result_only,ENG-US-S-3D
SRC-WIKI-PROMETHEUS,Prometheus (rocket engine) (Wikipedia),Wikipedia,,web encyclopedia,,https://en.wikipedia.org/wiki/Prometheus_(rocket_engine),D,tertiary,OPEN_LICENSE,search_result_only,ENG-FR-PROMETHEUS
SRC-WIKI-R27,R-27 (ballistic missile),Wikipedia,,web encyclopedia,,https://en.wikipedia.org/wiki/R-27_(ballistic_missile),D,tertiary,OPEN_LICENSE,search_result_only,ENG-SU-4D10
SRC-WIKI-R4D,R-4D (Wikipedia),Wikipedia,,web encyclopedia,,https://en.wikipedia.org/wiki/R-4D,D,tertiary,OPEN_LICENSE,search_result_only,ENG-US-R-4D; ENG-US-R-4D-11; ENG-US-R-4D-CASSINI-MAIN-ENGINE
SRC-WIKI-RAPTOR,Wikipedia: SpaceX Raptor,Wikimedia,,web encyclopedia,,https://en.wikipedia.org/wiki/SpaceX_Raptor,D,tertiary,OPEN_LICENSE,search_result_only,ENG-US-RAPTOR; ENG-US-RAPTOR-1; ENG-US-RAPTOR-2; ENG-US-RAPTOR-3; ENG-US-RAPTOR-DEVELOPMENT
SRC-WIKI-RD0109,RD-0109 (English Wikipedia article),Wikimedia Foundation / Wikipedia contributors,,web encyclopedia,,https://en.wikipedia.org/wiki/RD-0109,D,tertiary,OPEN_LICENSE,search_result_only,ENG-SU-RD-0105; ENG-SU-RD-0109; ENG-SU-RD-109
SRC-WIKI-RD0110,RD-0110 (English Wikipedia article),Wikimedia Foundation / Wikipedia contributors,,web encyclopedia,,https://en.wikipedia.org/wiki/RD-0110,D,tertiary,OPEN_LICENSE,search_result_only,ENG-SU-RD-0110
SRC-WIKI-RD0110R,RD-0110R (English Wikipedia article),Wikimedia Foundation / Wikipedia contributors,,web encyclopedia,,https://en.wikipedia.org/wiki/RD-0110R,D,tertiary,OPEN_LICENSE,search_result_only,ENG-RU-RD-0110R
SRC-WIKI-RD0120,RD-0120 (English Wikipedia article),Wikimedia Foundation / Wikipedia contributors,,web encyclopedia,,https://en.wikipedia.org/wiki/RD-0120,D,tertiary,OPEN_LICENSE,search_result_only,ENG-SU-RD-0120
SRC-WIKI-RD0124,RD-0124 (English Wikipedia article),Wikimedia Foundation / Wikipedia contributors,,web encyclopedia,,https://en.wikipedia.org/wiki/RD-0124,D,tertiary,OPEN_LICENSE,search_result_only,ENG-RU-RD-0124; ENG-RU-RD-0124A
SRC-WIKI-RD0210,RD-0210 (English Wikipedia article),Wikimedia Foundation / Wikipedia contributors,,web encyclopedia,,https://en.wikipedia.org/wiki/RD-0210,D,tertiary,OPEN_LICENSE,search_result_only,ENG-SU-RD-0210; ENG-SU-RD-0211
SRC-WIKI-RD0229,RD-0229,Wikipedia,,web encyclopedia,,https://www.wikipedia.org/wiki/RD-0229,D,tertiary,OPEN_LICENSE,search_result_only,ENG-SU-RD-0228; ENG-SU-RD-0229
SRC-WIKI-RD0233,RD-0233,Wikipedia,,web encyclopedia,,https://Www.wikipedia.org/wiki/RD-0233,D,tertiary,OPEN_LICENSE,search_result_only,ENG-SU-RD-0233; ENG-SU-RD-0234
SRC-WIKI-RD0236,RD-0236,Wikipedia,,web encyclopedia,,https://Www.Wikipedia.org/wiki/RD-0236,D,tertiary,OPEN_LICENSE,search_result_only,ENG-SU-RD-0236
SRC-WIKI-RD0243,RD-0243,Wikipedia,,web encyclopedia,,https://en.wikipedia.org/wiki/RD-0243,D,tertiary,OPEN_LICENSE,search_result_only,ENG-SU-RD-0243; ENG-SU-RD-0244; ENG-SU-RD-0245
SRC-WIKI-RD107,RD-107 (English Wikipedia article),Wikimedia Foundation / Wikipedia contributors,,web encyclopedia,,https://en.wikipedia.org/wiki/RD-107,D,tertiary,OPEN_LICENSE,search_result_only,ENG-SU-RD-107; ENG-SU-RD-107-8D74K; ENG-SU-RD-107A; ENG-SU-RD-107MM; ENG-SU-RD-108; ENG-SU-RD-108A; ENG-SU-RD-108MM; ENG-SU-RD-117; ENG-SU-RD-118
SRC-WIKI-RD170,RD-170 (English Wikipedia article),Wikimedia Foundation / Wikipedia contributors,,web encyclopedia,,https://en.wikipedia.org/wiki/RD-170,D,tertiary,OPEN_LICENSE,search_result_only,ENG-RU-RD-171MV; ENG-SU-RD-170; ENG-SU-RD-171
SRC-WIKI-RD191,RD-191 (English Wikipedia article),Wikimedia Foundation / Wikipedia contributors,,web encyclopedia,,https://en.wikipedia.org/wiki/RD-191,D,tertiary,OPEN_LICENSE,search_result_only,ENG-RU-RD-151; ENG-RU-RD-191; ENG-RU-RD-193
SRC-WIKI-RD214,RD-214,Wikipedia,,web encyclopedia,,https://www.wikipedia.org/wiki/RD-214,D,tertiary,OPEN_LICENSE,search_result_only,ENG-SU-RD-214
SRC-WIKI-RD215,RD-215,Wikipedia,,web encyclopedia,,https://en.wikipedia.org/wiki/RD-215,D,tertiary,OPEN_LICENSE,search_result_only,ENG-SU-RD-215; ENG-SU-RD-216; ENG-SU-RD-217; ENG-SU-RD-218; ENG-SU-RD-219
SRC-WIKI-RD250,RD-250,Wikipedia,,web encyclopedia,,https://en.wikipedia.org/wiki/RD-250,D,tertiary,OPEN_LICENSE,search_result_only,ENG-SU-RD-250; ENG-SU-RD-251; ENG-SU-RD-252; ENG-SU-RD-261; ENG-SU-RD-262
SRC-WIKI-RD253,RD-253 (English Wikipedia article),Wikimedia Foundation / Wikipedia contributors,,web encyclopedia,,https://en.wikipedia.org/wiki/RD-253,D,tertiary,OPEN_LICENSE,search_result_only,ENG-RU-RD-275; ENG-RU-RD-275M; ENG-SU-RD-253
SRC-WIKI-RD263,RD-263,Wikipedia,,web encyclopedia,,https://en.wikipedia.org/wiki/RD-263,D,tertiary,OPEN_LICENSE,search_result_only,ENG-SU-RD-263; ENG-SU-RD-264; ENG-SU-RD-268
SRC-WIKI-RD270,RD-270 (English Wikipedia article),Wikimedia Foundation / Wikipedia contributors,,web encyclopedia,,https://en.wikipedia.org/wiki/RD-270,D,tertiary,OPEN_LICENSE,search_result_only,ENG-SU-RD-270
SRC-WIKI-RD58,RD-58 (English Wikipedia article),Wikimedia Foundation / Wikipedia contributors,,web encyclopedia,,https://en.wikipedia.org/wiki/RD-58,D,tertiary,OPEN_LICENSE,search_result_only,ENG-SU-11D58
SRC-WIKI-RD8,RD-8,Wikipedia,,web encyclopedia,,https://en.wikipedia.org/wiki/RD-8,D,tertiary,OPEN_LICENSE,search_result_only,ENG-UA-RD-8
SRC-WIKI-RD861,RD-861,Wikipedia,,web encyclopedia,,https://en.wikipedia.org/wiki/RD-861,D,tertiary,OPEN_LICENSE,search_result_only,ENG-UA-RD-861
SRC-WIKI-RD864,RD-864,Wikipedia,,web encyclopedia,,https://en.wikipedia.org/wiki/RD-864,D,tertiary,OPEN_LICENSE,search_result_only,ENG-UA-RD-864
SRC-WIKI-RFAONE,RFA One (Wikipedia),Wikipedia,,web encyclopedia,,https://en.wikipedia.org/wiki/RFA_One,D,tertiary,OPEN_LICENSE,search_result_only,ENG-DE-HELIX; ENG-DE-HELIX-VAC
SRC-WIKI-RL10,RL10,Wikipedia,,web encyclopedia,,https://en.wikipedia.org/wiki/RL10,D,tertiary,OPEN_LICENSE,search_result_only,ENG-US-RL10A-4-2; ENG-US-RL10B-2
SRC-WIKI-RL60,RL60 (Wikipedia),Wikipedia,,web encyclopedia,,https://en.wikipedia.org/wiki/RL60,D,tertiary,OPEN_LICENSE,search_result_only,ENG-JP-MB-60
SRC-WIKI-ROKOT,Rokot,Wikipedia,,web encyclopedia,,https://en.wikipedia.org/wiki/Rokot,D,tertiary,OPEN_LICENSE,search_result_only,ENG-SU-RD-0233; ENG-SU-RD-0234; ENG-SU-RD-0235; ENG-SU-RD-0236
SRC-WIKI-ROTARYROCKET,Rotary Rocket,Wikipedia,,web encyclopedia,,https://en.wikipedia.org/wiki/Rotary_Rocket,D,tertiary,OPEN_LICENSE,search_result_only,ENG-US-ROTON-ROTARY-ENGINE
SRC-WIKI-ROTON,Rotary Rocket (Wikipedia),Wikipedia,,web encyclopedia,,https://en.Wikipedia.com/wiki/Roton_SSTO,D,tertiary,OPEN_LICENSE,search_result_only,ENG-US-ROTON-ROTARY-ENGINE
SRC-WIKI-RS1,RS1 (rocket) (Wikipedia),Wikipedia,,web encyclopedia,,https://en.wikipedia.org/wiki/RS1_(rocket),D,tertiary,OPEN_LICENSE,search_result_only,ENG-US-E2; ENG-US-E2-VACUUM
SRC-WIKI-RS2200,RS-2200,Wikipedia,,web encyclopedia,,https://en.wikipedia.org/wiki/RS-2200,D,secondary,OPEN_LICENSE,search_result_only,ENG-US-RS-2200
SRC-WIKI-RS25,RS-25 (and older 'Space Shuttle main engine' article/mirrors),Wikipedia,,web encyclopedia,,https://en.wikipedia.org/wiki/RS-25,D,tertiary,OPEN_LICENSE,search_result_only,ENG-US-RS-25E; ENG-US-SSME-BLOCK-II
SRC-WIKI-RS27,RS-27,Wikipedia,,web encyclopedia,,https://en.wikipedia.org/wiki/RS-27,D,secondary,OPEN_LICENSE,search_result_only,ENG-US-RS-27; ENG-US-RS-27A
SRC-WIKI-RS27A,RS-27A (Wikipedia article/mirror),Wikipedia,,web encyclopedia,,https://en.wikipedia.org/wiki/RS-27A,D,secondary,OPEN_LICENSE,search_result_only,ENG-US-RS-27A
SRC-WIKI-RS56,RS-56,Wikipedia,,web encyclopedia,,https://en.wikipedia.org/wiki/RS-56,D,secondary,OPEN_LICENSE,search_result_only,ENG-US-RS-56-OBA; ENG-US-RS-56-OSA
SRC-WIKI-RS68,Wikipedia: RS-68,Wikimedia,,web encyclopedia,,https://en.wikipedia.org/wiki/RS-68,D,tertiary,OPEN_LICENSE,search_result_only,ENG-US-RS-68; ENG-US-RS-68A
SRC-WIKI-RS88,RS-88 (Wikipedia),Wikipedia,,web encyclopedia,,https://en.wikipedia.org/wiki/RS-88,D,tertiary,OPEN_LICENSE,search_result_only,ENG-US-RS-88; ENG-US-STARLINER-LAE
SRC-WIKI-RUTHERFORD,Wikipedia: Rutherford (rocket engine),Wikimedia,,web encyclopedia,,https://en.wikipedia.org/wiki/Rutherford_(rocket_engine),D,tertiary,OPEN_LICENSE,search_result_only,ENG-NZ-RUTHERFORD; ENG-NZ-RUTHERFORD-VACUUM
SRC-WIKI-RZ2,Rolls-Royce RZ.2,Wikipedia,,web encyclopedia,,https://en.wikipedia.org/wiki/Rolls-Royce_RZ.2,D,tertiary,OPEN_LICENSE,search_result_only,ENG-GB-RZ-1; ENG-GB-RZ-2
SRC-WIKI-S15400,S1.5400,Wikipedia,,web encyclopedia,,https://en.wikipedia.org/wiki/S1.5400,D,tertiary,OPEN_LICENSE,search_result_only,ENG-SU-11D33; ENG-SU-11D33M
SRC-WIKI-S3D,Rocketdyne S-3D,Wikipedia,,web encyclopedia,,https://en.wikipedia.org/wiki/Rocketdyne_S-3D,D,secondary,OPEN_LICENSE,search_result_only,ENG-US-S-3D
SRC-WIKI-S5142,S5.142 (Wikipedia),Wikipedia,,web encyclopedia,,https://www.Wikipedia.org/wiki/S5.142,D,tertiary,OPEN_LICENSE,search_result_only,ENG-RU-S5-142
SRC-WIKI-S580,S5.80 (Wikipedia),Wikipedia,,web encyclopedia,,https://en.wikipedia.org/wiki/S5.80,D,tertiary,OPEN_LICENSE,search_result_only,ENG-RU-11D426; ENG-RU-S5-80
SRC-WIKI-S592,S5.92,Wikipedia,,web encyclopedia,,https://en.wikipedia.org/wiki/S5.92,D,tertiary,OPEN_LICENSE,search_result_only,ENG-RU-S5-92
SRC-WIKI-S598M,S5.98M,Wikipedia,,web encyclopedia,,https://en.wikipedia.org/wiki/S5.98M,D,tertiary,OPEN_LICENSE,search_result_only,ENG-RU-S5-98M
SRC-WIKI-SCREAMER,Armstrong Siddeley Screamer,Wikipedia,,web encyclopedia,,https://en.wikipedia.org/wiki/Armstrong_Siddeley_Screamer,D,tertiary,OPEN_LICENSE,search_result_only,ENG-GB-SCREAMER
SRC-WIKI-SE2000,SE-2000 / SCE-200 (Wikipedia),Wikipedia,,web encyclopedia,,https://en.wikipedia.org/wiki/SE-2000,D,tertiary,OPEN_LICENSE,search_result_only,ENG-IN-SCE-200
SRC-WIKI-SEPR84,SEPR 84 (Wikipedia),Wikipedia,,web encyclopedia,,https://en.wikipedia.org/wiki/SEPR_84,D,tertiary,OPEN_LICENSE,search_result_only,ENG-FR-SEPR-841; ENG-FR-SEPR-844
SRC-WIKI-SKYROOT,Skyroot Aerospace (Wikipedia),Wikipedia,,web encyclopedia,,https://en.wikipedia.org/wiki/Skyroot_Aerospace,D,tertiary,OPEN_LICENSE,search_result_only,ENG-IN-DHAWAN-1; ENG-IN-DHAWAN-2
SRC-WIKI-SKYRORA,Skyrora (Wikipedia),Wikipedia,,web encyclopedia,,https://en.wikipedia.org/wiki/Skyrora,D,tertiary,OPEN_LICENSE,search_result_only,ENG-GB-SKYLARK-L-ENGINE
SRC-WIKI-SM64,SM-64 Navaho,Wikipedia,,web encyclopedia,,https://en.wikipedia.org/wiki/SM-64_Navaho,D,secondary,OPEN_LICENSE,search_result_only,ENG-US-XLR83-NA-1
SRC-WIKI-SOYUZ-CSG,Soyuz at the Guiana Space Centre,Wikipedia,,web encyclopedia,,https://en.wikipedia.org/wiki/Soyuz_at_the_Guiana_Space_Centre,D,tertiary,OPEN_LICENSE,search_result_only,ENG-SU-RD-107A
SRC-WIKI-SOYUZ5,Soyuz-5 (rocket) (English Wikipedia article),Wikimedia Foundation / Wikipedia contributors,,web encyclopedia,,https://en.wikipedia.org/wiki/Soyuz-5_(rocket),D,tertiary,OPEN_LICENSE,search_result_only,ENG-RU-RD-0124MS; ENG-RU-RD-171MV
SRC-WIKI-SOYUZFG,Soyuz-FG,Wikipedia,,web encyclopedia,,https://en.wikipedia.org/wiki/Soyuz-FG,D,tertiary,OPEN_LICENSE,search_result_only,ENG-SU-RD-107A; ENG-SU-RD-108A
SRC-WIKI-SPECTRE,de Havilland Spectre,Wikipedia,,web encyclopedia,,https://en.wikipedia.org/wiki/De_Havilland_Spectre,D,tertiary,OPEN_LICENSE,search_result_only,ENG-GB-DOUBLE-SPECTRE; ENG-GB-SPECTRE
SRC-WIKI-SPRITE,de Havilland Sprite,Wikipedia,,web encyclopedia,,https://en.wikipedia.org/wiki/De_Havilland_Sprite,D,tertiary,OPEN_LICENSE,search_result_only,ENG-GB-SPRITE; ENG-GB-SUPER-SPRITE
SRC-WIKI-SPUTNIK-LV,Sputnik (rocket) (English Wikipedia article),Wikimedia Foundation / Wikipedia contributors,,web encyclopedia,,https://en.wikipedia.org/wiki/Sputnik_(rocket),D,tertiary,OPEN_LICENSE,search_result_only,ENG-SU-RD-108
SRC-WIKI-STENTOR,Armstrong Siddeley Stentor / Blue Steel (missile),Wikipedia,,web encyclopedia,,https://en.wikipedia.org/wiki/Armstrong_Siddeley_Stentor,D,tertiary,OPEN_LICENSE,search_result_only,ENG-GB-STENTOR
SRC-WIKI-SUPERDRACO,SuperDraco (Wikipedia) and its talk page,Wikipedia,,web encyclopedia,,https://en.wikipedia.org/wiki/SuperDraco,D,tertiary,OPEN_LICENSE,search_result_only,ENG-US-SUPERDRACO
SRC-WIKI-TAIFUN,Taifun (rocket),Wikipedia,,web encyclopedia,,https://en.wikipedia.org/wiki/Taifun_(rocket),D,tertiary,OPEN_LICENSE,search_result_only,ENG-DE-TAIFUN-F-ENGINE
SRC-WIKI-TAPOFF,Combustion tap-off cycle,Wikipedia,,web encyclopedia,,https://en.wikipedia.org/wiki/Combustion_tap-off_cycle,D,tertiary,OPEN_LICENSE,search_result_only,ENG-US-J-2S
SRC-WIKI-TEPREL,TEPREL (Wikipedia),Wikipedia,,web encyclopedia,,https://en.wikipedia.com/wiki/TEPREL,D,tertiary,OPEN_LICENSE,search_result_only,ENG-ES-TEPREL-B; ENG-ES-TEPREL-C; ENG-ES-TEPREL-C-VAC
SRC-WIKI-TH11,TH-11,Wikipedia,,web encyclopedia,,https://en.wikipedia.org/wiki/TH-11,D,secondary,OPEN_LICENSE,search_result_only,ENG-CN-TH-11
SRC-WIKI-TH12,TH-12,Wikipedia,,web encyclopedia,,https://en.wikipedia.org/wiki/TH-12,D,secondary,OPEN_LICENSE,search_result_only,ENG-CN-TH-12
SRC-WIKI-THIEL,Walter Thiel,Wikipedia,,web encyclopedia,,https://en.wikipedia.org/wiki/Walter_Thiel,D,tertiary,OPEN_LICENSE,search_result_only,ENG-DE-A4-ENGINE
SRC-WIKI-TL3,Tianlong-3,Wikipedia,,web encyclopedia,,https://en.wikipedia.org/wiki/Tianlong-3,D,secondary,OPEN_LICENSE,search_result_only,ENG-CN-TH-12
SRC-WIKI-TQ12,TQ-12 (kiwix mirror 2023-10),Wikipedia,,web encyclopedia,,https://kaweah.freedombox.rocks/kiwix/wikipedia_en_all_maxi_2023-10/TQ-12,D,secondary,OPEN_LICENSE,search_result_only,ENG-CN-TQ-12
SRC-WIKI-TQ15,TQ-15,Wikipedia,,web encyclopedia,,https://en.wikipedia.org/wiki/TQ-15,D,secondary,OPEN_LICENSE,search_result_only,ENG-CN-TQ-11; ENG-CN-TQ-12A; ENG-CN-TQ-15A
SRC-WIKI-TR106,TR-106 (Wikipedia),Wikipedia,,web encyclopedia,,https://en.wikipedia.org/wiki/TR-106,D,tertiary,OPEN_LICENSE,search_result_only,ENG-US-TR-106
SRC-WIKI-TR107,TR-107 (Wikipedia),Wikipedia,,web encyclopedia,,https://en.wikipedia.org/wiki/TR-107,D,tertiary,OPEN_LICENSE,search_result_only,ENG-US-TR-107
SRC-WIKI-TR201,TR-201,Wikipedia,,web encyclopedia,,https://en.wikipedia.org/wiki/TR-201,D,secondary,OPEN_LICENSE,search_result_only,ENG-US-TR-201
SRC-WIKI-TRONADOR,Tronador (rocket) (Wikipedia),Wikipedia,,web encyclopedia,,https://en.wikipedia.org/wiki/Tronador_(rocket),D,tertiary,OPEN_LICENSE,search_result_only,ENG-AR-MT-B; ENG-AR-RS-2; ENG-AR-TRONADOR-II-ENGINES; ENG-AR-VEX-1A-ENGINE
SRC-WIKI-UH25,UH 25 (Wikipedia),Wikipedia,,web encyclopedia,,https://en.wikipedia.org/wiki/UH_25,D,tertiary,OPEN_LICENSE,search_result_only,ENG-FR-VIKING-5C
SRC-WIKI-VANGUARD,Vanguard (rocket),Wikipedia,,web encyclopedia,,https://en.wikipedia.org/wiki/Vanguard_(rocket),D,secondary,OPEN_LICENSE,search_result_only,ENG-US-X-405
SRC-WIKI-VECTORR,Vector-R (Wikipedia),Wikipedia,,web encyclopedia,,https://en.wikipedia.org/wiki/Vector-R,D,tertiary,OPEN_LICENSE,search_result_only,ENG-US-LP-2
SRC-WIKI-VERONIQUE,Veronique (rocket),Wikipedia,,web encyclopedia,,https://en.wikipedia.org/wiki/V%C3%A9ronique_(rocket),D,tertiary,OPEN_LICENSE,search_result_only,ENG-FR-VERONIQUE-ENGINE
SRC-WIKI-VESTA,Vesta (rocket),Wikipedia,,web encyclopedia,,https://en.wikipedia.org/wiki/Vesta_(rocket),D,tertiary,OPEN_LICENSE,search_result_only,ENG-FR-VESTA-ENGINE
SRC-WIKI-VIKAS,Vikas (rocket engine) (Wikipedia),Wikipedia,,web encyclopedia,,https://en.wikipedia.org/wiki/Vikas_(rocket_engine),D,tertiary,OPEN_LICENSE,search_result_only,ENG-IN-VIKAS; ENG-IN-VIKAS-4; ENG-IN-VIKAS-4B; ENG-IN-VIKAS-HIGH-THRUST; ENG-IN-VIKAS-X
SRC-WIKI-VIKING,Viking (rocket engine) (Wikipedia),Wikipedia,,web encyclopedia,,https://en.wikipedia.org/wiki/Viking_(rocket_engine),D,tertiary,OPEN_LICENSE,search_result_only,ENG-FR-VIKING-2; ENG-FR-VIKING-2B; ENG-FR-VIKING-4; ENG-FR-VIKING-4B; ENG-FR-VIKING-5; ENG-FR-VIKING-5B; ENG-FR-VIKING-5C; ENG-FR-VIKING-6
SRC-WIKI-VIKING-PROGRAM,Viking program (Wikipedia),Wikipedia,,web encyclopedia,,https://en.wikipedia.org/wiki/Viking_program,D,tertiary,OPEN_LICENSE,search_result_only,ENG-US-MR-80
SRC-WIKI-VIKING-SOUNDING-ROCKET,Viking (rocket),Wikipedia,,web encyclopedia,,https://en.wikipedia.org/wiki/Viking_(rocket),D,secondary,OPEN_LICENSE,search_result_only,ENG-US-XLR10-RM-2
SRC-WIKI-VIKRAM,Vikram (rocket family) (Wikipedia),Wikipedia,,web encyclopedia,,https://en.wikipedia.org/wiki/Vikram_(rocket_family),D,tertiary,OPEN_LICENSE,search_result_only,ENG-IN-RAMAN
SRC-WIKI-VINCI,Vinci (rocket engine),Wikipedia,,web encyclopedia,,https://en.wikipedia.org/wiki/Vinci_(rocket_engine),D,tertiary,OPEN_LICENSE,search_result_only,ENG-FR-VINCI
SRC-WIKI-VULCAIN,Vulcain (rocket engine) (Wikipedia),Wikipedia,,web encyclopedia,,https://en.wikipedia.org/wiki/Vulcain_(rocket_engine),D,tertiary,OPEN_LICENSE,search_result_only,ENG-EU-VULCAIN; ENG-FR-VULCAIN; ENG-FR-VULCAIN-2; ENG-FR-VULCAIN-2-1
SRC-WIKI-WACCORPORAL,WAC Corporal,Wikipedia,,web encyclopedia,,https://en.wikipedia.org/wiki/WAC_Corporal,D,secondary,OPEN_LICENSE,search_result_only,ENG-US-38ALDW-1500
SRC-WIKI-WASSERFALL,Wasserfall,Wikipedia,,web encyclopedia,,https://en.wikipedia.org/wiki/Wasserfall,D,tertiary,OPEN_LICENSE,search_result_only,ENG-DE-WASSERFALL-ENGINE
SRC-WIKI-WELKIN,Galactic Energy Welkin (Wikipedia),Wikipedia,,web encyclopedia,,https://en.wikipedia.org/wiki/Galactic_Energy_Welkin,D,tertiary,OPEN_LICENSE,search_result_only,ENG-CN-WELKIN; ENG-CN-WELKIN-VAC
SRC-WIKI-X405,GE X-405 (XLR50),Wikipedia,,web encyclopedia,,https://en.wikipedia.org/wiki/GE_X-405,D,secondary,OPEN_LICENSE,search_result_only,ENG-US-X-405
SRC-WIKI-XLR11,Reaction Motors XLR11,Wikipedia,,web encyclopedia,,https://en.wikipedia.org/wiki/Reaction_Motors_XLR11,D,secondary,OPEN_LICENSE,search_result_only,ENG-US-XLR11; ENG-US-XLR11-RM-5; ENG-US-XLR8-RM-5
SRC-WIKI-XLR129,Pratt & Whitney XLR-129,Wikipedia,,web encyclopedia,,https://en.wikipedia.org/wiki/Pratt_%26_Whitney_XLR-129,D,secondary,OPEN_LICENSE,search_result_only,ENG-US-XLR129-P-1
SRC-WIKI-XLR99,Reaction Motors XLR99,Wikipedia,,web encyclopedia,,https://en.wikipedia.org/wiki/XLR99,D,secondary,OPEN_LICENSE,search_result_only,ENG-US-XLR99-RM-1
SRC-WIKI-XRS2200,Rocketdyne XRS-2200,Wikipedia,,web encyclopedia,,https://en.wikipedia.org/wiki/Rocketdyne_XRS-2200,D,secondary,OPEN_LICENSE,search_result_only,ENG-US-XRS-2200
SRC-WIKI-YF1,YF-1,Wikipedia,,web encyclopedia,,https://en.wikipedia.org/wiki/YF-1,D,secondary,OPEN_LICENSE,search_result_only,ENG-CN-YF-1; ENG-CN-YF-1B; ENG-CN-YF-2
SRC-WIKI-YF100,YF-100 (Wikipedia),Wikipedia,,web encyclopedia,,https://en.wikipedia.org/wiki/YF-100,D,tertiary,OPEN_LICENSE,search_result_only,ENG-CN-YF-100
SRC-WIKI-YF115,YF-115,Wikipedia,,web encyclopedia,,https://en.wikipedia.org/wiki/YF-115,D,secondary,OPEN_LICENSE,search_result_only,ENG-CN-YF-115
SRC-WIKI-YF130,YF-130,Wikipedia,,web encyclopedia,,https://en.wikipedia.org/wiki/YF-130,D,secondary,OPEN_LICENSE,search_result_only,ENG-CN-YF-130
SRC-WIKI-YF20,YF-20,Wikipedia,,web encyclopedia,,https://en.wikipedia.org/wiki/YF-20,D,secondary,OPEN_LICENSE,search_result_only,ENG-CN-YF-20; ENG-CN-YF-21; ENG-CN-YF-21B; ENG-CN-YF-22; ENG-CN-YF-24; ENG-CN-YF-25
SRC-WIKI-YF215,YF-215,Wikipedia,,web encyclopedia,,https://en.wikipedia.org/wiki/YF-215,D,secondary,OPEN_LICENSE,search_result_only,ENG-CN-YF-215
SRC-WIKI-YF23,YF-23 (rocket engine),Wikipedia,,web encyclopedia,,https://en.wikipedia.org/wiki/YF-23_(rocket_engine),D,secondary,OPEN_LICENSE,search_result_only,ENG-CN-YF-23
SRC-WIKI-YF24,YF-24 (riteme mirror),Wikipedia,,web encyclopedia,,https://wiki.riteme.site/wiki/YF-24,D,secondary,OPEN_LICENSE,search_result_only,ENG-CN-YF-22; ENG-CN-YF-22B; ENG-CN-YF-24
SRC-WIKI-YF3,YF-3 (kiwix mirror),Wikipedia,,web encyclopedia,,https://kiwix.lema.org/wikipedia_en_all_mini_2024-02/A/YF-3,D,secondary,OPEN_LICENSE,search_result_only,ENG-CN-YF-3; ENG-CN-YF-3A
SRC-WIKI-YF40,YF-40,Wikipedia,,web encyclopedia,,https://en.wikipedia.org/wiki/YF-40,D,secondary,OPEN_LICENSE,search_result_only,ENG-CN-YF-40
SRC-WIKI-YF73,YF-73,Wikipedia,,web encyclopedia,,https://en.wikipedia.org/wiki/YF-73,D,secondary,OPEN_LICENSE,search_result_only,ENG-CN-YF-73
SRC-WIKI-YF75,YF-75,Wikipedia,,web encyclopedia,,https://en.wikipedia.org/wiki/YF-75,D,secondary,OPEN_LICENSE,search_result_only,ENG-CN-YF-75
SRC-WIKI-YF75D,YF-75D,Wikipedia,,web encyclopedia,,https://en.wikipedia.org/wiki/YF-75D,D,secondary,OPEN_LICENSE,search_result_only,ENG-CN-YF-75D
SRC-WIKI-YF77,YF-77 (Wikipedia),Wikipedia,,web encyclopedia,,https://en.wikipedia.org/wiki/YF-77,D,tertiary,OPEN_LICENSE,search_result_only,ENG-CN-YF-77
SRC-WIKI-YZ,Yuanzheng,Wikipedia,,web encyclopedia,,https://en.wikipedia.org/wiki/Yuanzheng,D,secondary,OPEN_LICENSE,search_result_only,ENG-CN-YF-50D
SRC-WIKI-ZQ3,Zhuque-3,Wikipedia,,web encyclopedia,,https://en.wikipedia.org/wiki/Zhuque-3,D,secondary,OPEN_LICENSE,search_result_only,ENG-CN-TQ-12A; ENG-CN-TQ-12B; ENG-CN-TQ-15B
SRC-WIKI2007-F1,F-1 (rocket engine) [2007 Wikipedia mirror],classicistranieri.com mirror of Wikipedia,,web encyclopedia,,https://wikipedia2007.classicistranieri.com/f/-/1/F-1_%28rocket_engine%29.html,D,secondary,OPEN_LICENSE,search_result_only,ENG-US-F-1A
SRC-WIKI2007-J2,J-2 (rocket engine) [2007 Wikipedia mirror],Wikipedia (mirror),2007,web encyclopedia,,https://wikipedia2007.classicistranieri.com/en/j/-/2/J-2_%28rocket_engine%29.html,D,tertiary,OPEN_LICENSE,search_result_only,ENG-US-J-2S
SRC-WIKIARCHIVES-MSFC-F1,NASA MSFC archive photo caption (F-1 engine) on wikiarchives.space,NASA MSFC (caption),,agency photo caption (mirror),,https://wikiarchives.space/album/4289/media/46165,D,secondary,PUBLIC_DOMAIN_GOV,search_result_only,ENG-US-F-1
SRC-WIKIDATA,Wikidata,Wikimedia Foundation,,structured database,,https://www.wikidata.org/,D,tertiary,OPEN_LICENSE,not_retrieved,
SRC-WIKIDERIV-F1,"F-1 (rocket engine) - Wikipedia-derived pages (reference.org, en-academic.com)",mirrors,,web encyclopedia mirror,,https://en-academic.com/dic.nsf/enwiki/374677,D,tertiary,OPEN_LICENSE,search_result_only,ENG-US-F-1
SRC-WIKIMEDIA-COMMONS,Wikimedia Commons,Wikimedia Foundation / uploaders,,media repository,,https://commons.wikimedia.org/,D,tertiary,OPEN_LICENSE,not_retrieved,
SRC-WIKIPEDIA,Wikipedia (English and other languages),Wikimedia Foundation / contributors,,web encyclopedia,,https://en.wikipedia.org/,D,tertiary,OPEN_LICENSE,not_retrieved,
SRC-WIKITALK-LR87,Talk:Aerojet LR87,Wikipedia talk page,,wiki talk page,,https://en.wikipedia.com/wiki/Talk:LR-87,E,tertiary,OPEN_LICENSE,search_result_only,ENG-US-LR87-AJ-5
SRC-WILEY-SUTTON-9ED,"Rocket Propulsion Elements, 9th ed.",Wiley,2017,book,,,C,secondary,RESTRICTED_REFERENCE,not_retrieved,
SRC-WWW1-RD0124,Odin iz luchshikh v mire rossiyskiy raketnyy dvigatel RD-0124 uspeshno proshel 600-e ispytanie ognem,www1.ru,2026,news,,https://www1.ru/news/2026/06/24/odin-iz-lucsix-v-mire-rossiiskii-raketnyi-dvigatel-rd-0124-uspesno-prosel-600-e-ispytanie-ognem.html,E,tertiary,VALUES_WITH_ATTRIBUTION,search_result_only,ENG-RU-RD-0124; ENG-RU-RD-0124MS
SRC-WWW1-RD107A,"Двигатели РД-107А и РД-108А ... (www1.ru news, 2026)",www1.ru,,news,,https://www1.ru/es/news/2026/09/17/dvigateli-rd-107a-i-rd-108a-s-tiagoi-do-856-ts-vyveli-progress-ms-35-na-orbitu-posle-sboia-tretei-stupeni.amp.html,E,tertiary,RESTRICTED_REFERENCE,search_result_only,ENG-SU-RD-107A; ENG-SU-RD-108A
SRC-YARCHIVE-RL10,"The RL10 (Usenet posts by Bruce Dunn, Gary Hudson, Henry Spencer)",yarchive.net,,forum archive,,https://yarchive.net/space/rocket/rl10.html,E,secondary,RIGHTS_REVIEW_REQUIRED,search_result_only,ENG-US-RL10A-1; ENG-US-RL10A-5
SRC-YUZHMASH-RD261,Liquid rocket engine RD-261,Yuzhmash (PA Yuzhny Machine-Building Plant),,manufacturer product page,,https://yuzhmash.com/en/products/liquid-rocket-engines/liquid-rocket-engine-rd-261,A,primary,RESTRICTED_REFERENCE,search_result_only,ENG-SU-RD-261
SRC-YUZHMASH-RD8,Liquid rocket engine RD-8,Yuzhmash,,manufacturer product page,,https://yuzhmash.com/en/products/liquid-rocket-engines/liquid-rocket-engine-rd-8,A,primary,RESTRICTED_REFERENCE,search_result_only,ENG-UA-RD-8
SRC-YUZHMASH-RD861K,Liquid rocket engine RD-861K,Yuzhmash,,manufacturer product page,,https://yuzhmash.com/en/products/liquid-rocket-engines/liquid-rocket-engine-rd-861k/,A,primary,RESTRICTED_REFERENCE,search_result_only,ENG-UA-RD-861K
SRC-YUZHNOYE-LPRE-BROCHURE,LIQUID-PROPELLANT ROCKET ENGINES (Yuzhnoye brochure),Yuzhnoye SDO,,manufacturer brochure,,https://yuzhnoye.com/wp-content/uploads/2022/09/LIQUID-PROPELLANTROCKET-ENGINES-1.pdf,A,primary,RESTRICTED_REFERENCE,search_result_only,ENG-UA-RD-8; ENG-UA-RD-843; ENG-UA-RD-861K
SRC-YUZHNOYE-RD861K,Ground development testing of the RD-861K engine successfully completed,Yuzhnoye SDO,,manufacturer news/data page,,https://test5.yuzhnoye.com/en/ground-development-testing-of-the-rd-861k-engine-successfully-completed/,A,primary,RESTRICTED_REFERENCE,search_result_only,ENG-UA-RD-861K
SRC-YUZHNOYE-SITE,Yuzhnoye State Design Office website footer,Yuzhnoye SDO (Ukraine),,manufacturer web page,,https://test5.yuzhnoye.com/en/yuzhnoye-state-design-office-today/,A,primary,RESTRICTED_REFERENCE,search_result_only,
SRC-DB05-NTRS-19750063889,Saturn V Flight Manual SA-503,NASA (NTRS),1968,flight manual,MSFC-MAN-503 (25 Nov 1968); NTRS 19750063889,https://ntrs.nasa.gov/citations/19750063889,A,primary,RIGHTS_REVIEW_REQUIRED,fetched,
SRC-DB05-NTRS-19850008634,Orbital Maneuvering system design evolution,NASA (NTRS),1985,technical paper,NTRS 19850008634,https://ntrs.nasa.gov/citations/19850008634,A,primary,PUBLIC_DOMAIN_GOV,fetched,
SRC-DB05-NTRS-19940016798,"Advanced Transportation System Studies, Technical Area 3, Alternate Propulsion Subsystem Concepts: J-2S Restart Study Task Final Report",NASA (NTRS),1993,contractor final report,"NASA contract NAS8-39210, DCN 1-1-PP-02147, DR-4 (Rocketdyne, April 1993); NTRS 19940016798",https://ntrs.nasa.gov/citations/19940016798,A,primary,PUBLIC_DOMAIN_GOV,fetched,
SRC-DB05-NTRS-20100027316,Rocketdyne - F-1 Saturn V First Stage Engine (Robert Biggs),NASA (NTRS),2006,conference chapter + viewgraphs,"NTRS 20100027316 (Remembering the Giants, Chapter One + Appendix C viewgraphs CP6_0450_Apollo 11 F1-*.ppt)",https://ntrs.nasa.gov/citations/20100027316,A,primary,VALUES_WITH_ATTRIBUTION,fetched,
